bite_id,start_frame,end_frame,start_time_sec,end_time_sec,duration_sec,n_chews,chewing_frequency_per_sec,avg_chew_time_sec,chew_side,mouth_open_frames,dataset
0,0,113,0.0,3.05098526343244,3.077985133020338,1,0.3248878590322263,2.321988784559202,right,86,dessert
1,114,121,3.077985133020338,3.2669842201356216,0.2159989567031816,1,4.629651991209226,0.0539997391757954,right,2,dessert
2,122,123,3.2939840897235193,3.320983959311417,0.0539997391757954,1,18.518607964836903,0.0269998695878977,right,1,dessert
3,124,132,3.3479838288993147,3.563982785602496,0.2429988262910793,1,4.1152462144082005,0.0539997391757954,right,2,dessert
4,133,139,3.590982655190394,3.75298187271778,0.1889990871152839,1,5.291030847096258,0.1619992175273862,right,6,dessert
5,140,142,3.779981742305678,3.8339814814814734,0.0809996087636931,1,12.3457386432246,0.0269998695878977,right,1,dessert
6,143,145,3.860981351069371,3.9149810902451665,0.0809996087636931,1,12.3457386432246,0.0539997391757954,left,2,dessert
7,146,161,3.941980959833064,4.34697900365153,0.4319979134063632,1,2.314825995604613,0.4049980438184655,right,15,dessert
8,162,175,4.373978873239428,4.7249771778820975,0.3779981742305678,1,2.645515423548129,0.35099830464267,right,13,dessert
9,176,225,4.751977047469995,6.074970657276983,1.349993479394885,1,0.7407443185934761,0.6209970005216471,right,23,dessert
10,226,265,6.10197052686488,7.15496544079289,1.079994783515908,1,0.9259303982418452,0.2429988262910793,right,9,dessert
11,266,285,7.181965310380788,7.694962832550845,0.539997391757954,1,1.8518607964836904,0.1889990871152839,right,7,dessert
12,286,305,7.721962702138742,8.234960224308798,0.539997391757954,1,1.8518607964836904,0.2969985654668747,right,11,dessert
13,306,320,8.261960093896695,8.639958268127264,0.4049980438184655,1,2.4691477286449204,0.1349993479394885,right,5,dessert
14,321,337,8.666958137715161,9.098956051121524,0.4589977829942608,1,2.1786597605690474,0.1619992175273862,right,6,dessert
15,338,355,9.125955920709425,9.584953703703682,0.4859976525821586,1,2.0576231072041,0.0809996087636931,right,3,dessert
16,356,404,9.61195357329158,10.90794731351067,1.3229936098069872,1,0.7558615495851797,0.1889990871152839,right,7,dessert
17,405,472,10.934947183098569,12.743938445487714,1.8359911319770432,1,0.5446649401422619,0.35099830464267,right,13,dessert
18,473,490,12.770938315075613,13.229936098069873,0.4859976525821586,1,2.0576231072041,0.2969985654668747,right,11,dessert
19,491,499,13.25693596765777,13.472934924360953,0.2429988262910793,1,4.1152462144082005,0.1079994783515908,right,4,dessert
20,500,520,13.49993479394885,14.039932185706803,0.5669972613458517,1,1.7636769490320858,0.2969985654668747,right,11,dessert
21,521,538,14.066932055294702,14.52592983828896,0.4859976525821586,1,2.0576231072041,0.1619992175273862,right,6,dessert
22,539,553,14.55292970787686,14.930927882107428,0.4049980438184655,1,2.4691477286449204,0.1349993479394885,right,5,dessert
23,554,568,14.957927751695324,15.335925925925894,0.4049980438184655,1,2.4691477286449204,0.1619992175273862,right,6,dessert
24,569,593,15.36292579551379,16.010922665623337,0.6749967396974424,1,1.4814886371869522,0.1889990871152839,right,7,dessert
25,594,621,16.037922535211234,16.766919014084472,0.7559963484611356,1,1.3227577117740643,0.6479968701095448,right,24,dessert
26,622,647,16.79391888367237,17.46891562336981,0.7019966092853401,1,1.424508304987454,0.1079994783515908,right,4,dessert
27,648,658,17.49591549295771,17.765914188836685,0.2969985654668747,1,3.367019629970346,0.0539997391757954,right,2,dessert
28,659,675,17.792914058424582,18.224911971830945,0.4589977829942608,1,2.1786597605690474,0.2159989567031816,right,8,dessert
29,676,692,18.251911841418845,18.68390975482521,0.4589977829942608,1,2.1786597605690474,0.0539997391757954,right,2,dessert
30,693,728,18.710909624413105,19.655905059989525,0.9719953051643172,1,1.02881155360205,0.6749967396974424,right,25,dessert
31,729,752,19.682904929577425,20.30390193009907,0.6479968701095448,1,1.5432173304030752,0.4319979134063632,right,16,dessert
32,753,770,20.330901799686966,20.78989958268123,0.4859976525821586,1,2.0576231072041,0.1079994783515908,right,4,dessert
33,771,779,20.816899452269126,21.032898408972308,0.2429988262910793,1,4.1152462144082005,0.1349993479394885,right,5,dessert
34,780,809,21.059898278560205,21.84289449660924,0.809996087636931,1,1.2345738643224602,0.6479968701095448,right,24,dessert
35,810,816,21.869894366197137,22.03189358372452,0.1889990871152839,1,5.291030847096258,0.1079994783515908,right,4,dessert
36,817,826,22.05889345331242,22.3018922796035,0.269998695878977,1,3.70372159296738,0.0539997391757954,right,2,dessert
37,827,837,22.328892149191397,22.598890845070375,0.2969985654668747,1,3.367019629970346,0.1619992175273862,right,6,dessert
38,838,843,22.625890714658272,22.76089006259776,0.1619992175273862,1,6.172869321612301,0.0539997391757954,right,2,dessert
39,844,899,22.787889932185657,24.27288275952003,1.5119926969222712,1,0.6613788558870323,0.7559963484611356,right,28,dessert
40,900,1012,24.29988262910793,27.32386802295247,3.05098526343244,1,0.3277629728289717,2.2949889149713045,right,85,dessert
41,1013,1024,27.350867892540368,27.647866458007243,0.3239984350547724,1,3.0864346608061504,0.0269998695878977,right,1,dessert
42,1025,1054,27.67486632759514,28.457862545644176,0.809996087636931,1,1.2345738643224602,0.3239984350547724,right,12,dessert
43,1055,1085,28.484862415232072,29.294858502869005,0.8369959572248287,1,1.1947489009572196,0.3239984350547724,right,12,dessert
44,1086,1128,29.3218583724569,30.45585289514861,1.160994392279601,1,0.8613306030156699,0.269998695878977,right,10,dessert
45,1129,1147,30.482852764736503,30.96885041731866,0.5129975221700562,1,1.9493271541933583,0.3239984350547724,right,12,dessert
46,1148,1177,30.99585028690656,31.77884650495559,0.809996087636931,1,1.2345738643224602,0.1079994783515908,right,4,dessert
47,1178,1195,31.80584637454349,32.26484415753775,0.4859976525821586,1,2.0576231072041,0.2159989567031816,right,8,dessert
48,1196,1212,32.29184402712565,32.72384194053201,0.4589977829942608,1,2.1786597605690474,0.0809996087636931,right,3,dessert
49,1213,1220,32.75084181011991,32.93984089723519,0.2159989567031816,1,4.629651991209226,0.1079994783515908,right,4,dessert
50,1221,1231,32.96684076682309,33.236839462702065,0.2969985654668747,1,3.367019629970346,0.0269998695878977,right,1,dessert
51,1232,1248,33.26383933228996,33.69583724569633,0.4589977829942608,1,2.1786597605690474,0.0539997391757954,right,2,dessert
52,1249,1262,33.72283711528423,34.073835419926894,0.3779981742305678,1,2.645515423548129,0.0809996087636931,right,3,dessert
53,1263,1304,34.10083528951479,35.2078299426186,1.1339945226917034,1,0.8818384745160429,0.269998695878977,right,10,dessert
54,1305,1318,35.2348298122065,35.585828116849164,0.3779981742305678,1,2.645515423548129,0.1889990871152839,right,7,dessert
55,1319,1334,35.61282798643707,36.01782603025553,0.4319979134063632,1,2.314825995604613,0.1889990871152839,right,7,dessert
56,1335,1353,36.04482589984343,36.53082355242559,0.5129975221700562,1,1.9493271541933583,0.0539997391757954,right,2,dessert
57,1354,1373,36.557823422013485,37.07082094418354,0.539997391757954,1,1.8518607964836904,0.2429988262910793,right,9,dessert
58,1374,1387,37.09782081377144,37.44881911841411,0.3779981742305678,1,2.645515423548129,0.1619992175273862,right,6,dessert
59,1388,1403,37.475818988002,37.88081703182047,0.4319979134063632,1,2.314825995604613,0.2429988262910793,right,9,dessert
60,1404,1431,37.90781690140837,38.63681338028161,0.7559963484611356,1,1.3227577117740643,0.2159989567031816,right,8,dessert
61,1432,1458,38.663813249869506,39.36580985915485,0.7289964788732378,1,1.371748738136067,0.1349993479394885,right,5,dessert
62,1459,1468,39.39280972874274,39.63580855503382,0.269998695878977,1,3.70372159296738,0.1079994783515908,right,4,dessert
63,1469,1504,39.66280842462172,40.60780386019814,0.9719953051643172,1,1.02881155360205,0.6479968701095448,right,24,dessert
64,1505,1522,40.63480372978603,41.093801512780296,0.4859976525821586,1,2.0576231072041,0.35099830464267,right,13,dessert
65,1523,1544,41.12080138236819,41.687798643714046,0.5939971309337494,1,1.683509814985173,0.0809996087636931,right,3,dessert
66,1545,1559,41.71479851330194,42.09279668753251,0.4049980438184655,1,2.4691477286449204,0.1079994783515908,right,4,dessert
67,1560,1585,42.11979655712041,42.79479329681785,0.7019966092853401,1,1.424508304987454,0.3779981742305678,right,14,dessert
68,1586,1622,42.82179316640575,43.79378847157007,0.9989951747522148,1,1.00100583593713,0.3779981742305678,right,14,dessert
69,1623,1638,43.82078834115797,44.22578638497643,0.4319979134063632,1,2.314825995604613,0.1619992175273862,right,6,dessert
70,1639,1654,44.25278625456433,44.65778429838279,0.4319979134063632,1,2.314825995604613,0.2159989567031816,right,8,dessert
71,1655,1669,44.68478416797069,45.06278234220126,0.4049980438184655,1,2.4691477286449204,0.1619992175273862,right,6,dessert
72,1670,1719,45.08978221178916,46.41277582159614,1.349993479394885,1,0.7407443185934761,0.2159989567031816,right,8,dessert
73,1720,1869,46.43977569118404,50.4627562597808,4.0499804381846545,1,0.246914772864492,3.995980699008859,right,148,dessert
74,1870,1886,50.4897561293687,50.92175404277506,0.4589977829942608,1,2.1786597605690474,0.0269998695878977,right,1,dessert
75,1887,1894,50.94875391236296,51.137752999478245,0.2159989567031816,1,4.629651991209226,0.1619992175273862,right,6,dessert
76,1895,1896,51.16475286906614,51.19175273865404,0.0539997391757954,1,18.518607964836903,0.0269998695878977,right,1,dessert
77,1897,1956,51.218752608241935,52.811744913927896,1.619992175273862,1,0.6172869321612301,0.9449954355764196,right,35,dessert
78,1957,1984,52.8387447835158,53.567741262389035,0.7559963484611356,1,1.3227577117740643,0.3779981742305678,right,14,dessert
79,1985,2000,53.59474113197693,53.9997391757954,0.4319979134063632,1,2.314825995604613,0.0539997391757954,right,2,dessert
80,2001,2011,54.026739045383295,54.29673774126227,0.2969985654668747,1,3.367019629970346,0.1349993479394885,right,5,dessert
81,2012,2022,54.32373761085017,54.59373630672915,0.2969985654668747,1,3.367019629970346,0.1349993479394885,right,5,dessert
82,2023,2043,54.620736176317045,55.160733568074996,0.5669972613458517,1,1.7636769490320858,0.0269998695878977,right,1,dessert
83,2044,2103,55.1877334376629,56.78072574334886,1.619992175273862,1,0.6172869321612301,0.2159989567031816,right,8,dessert
84,2104,2123,56.80772561293676,57.32072313510682,0.539997391757954,1,1.8518607964836904,0.269998695878977,right,10,dessert
85,2124,2143,57.347723004694714,57.86072052686477,0.539997391757954,1,1.8518607964836904,0.1079994783515908,right,4,dessert
86,2144,2163,57.887720396452664,58.400717918622725,0.539997391757954,1,1.8518607964836904,0.1889990871152839,right,7,dessert
87,2164,2203,58.42771778821062,59.48071270213863,1.079994783515908,1,0.9259303982418452,0.2159989567031816,right,8,dessert
88,2204,2229,59.50771257172653,60.18270931142397,0.7019966092853401,1,1.424508304987454,0.3779981742305678,right,14,dessert
89,2230,2244,60.20970918101187,60.58770735524243,0.4049980438184655,1,2.4691477286449204,0.2159989567031816,right,8,dessert
90,2245,2260,60.61470722483033,61.0197052686488,0.4319979134063632,1,2.314825995604613,0.1619992175273862,right,6,dessert
91,2261,2285,61.046705138236696,61.69470200834624,0.6749967396974424,1,1.4814886371869522,0.1349993479394885,right,5,dessert
92,2286,2292,61.72170187793414,61.883701095461525,0.1889990871152839,1,5.291030847096258,0.0539997391757954,right,2,dessert
93,2293,2303,61.91070096504942,62.1806996609284,0.2969985654668747,1,3.367019629970346,0.0809996087636931,right,3,dessert
94,2304,2314,62.2076995305163,62.47769822639528,0.2969985654668747,1,3.367019629970346,0.1619992175273862,right,6,dessert
95,2315,2325,62.50469809598317,62.77469679186215,0.2969985654668747,1,3.367019629970346,0.1889990871152839,right,7,dessert
96,2326,2352,62.801696661450045,63.50369327073539,0.7289964788732378,1,1.371748738136067,0.1619992175273862,right,6,dessert
97,2353,2393,63.53069314032329,64.6106879238392,1.1069946531038055,1,0.903346729992044,0.269998695878977,right,10,dessert
98,2394,2409,64.63768779342709,65.04268583724556,0.4319979134063632,1,2.314825995604613,0.1349993479394885,right,5,dessert
99,2410,2419,65.06968570683345,65.31268453312454,0.269998695878977,1,3.70372159296738,0.0809996087636931,right,3,dessert
100,2420,2513,65.33968440271244,67.85067227438692,2.5379877412623837,1,0.3940129354220618,1.4039932185706805,right,52,dessert
101,2514,2556,67.87767214397482,69.01166666666651,1.160994392279601,1,0.8613306030156699,0.1619992175273862,right,6,dessert
102,2557,2558,69.03866653625441,69.06566640584231,0.0539997391757954,1,18.518607964836903,0.0269998695878977,right,1,dessert
103,2559,2604,69.09266627543022,70.3076604068856,1.2419940010432942,1,0.8051568680363871,0.0269998695878977,right,1,dessert
104,2605,2645,70.3346602764735,71.41465505998941,1.1069946531038055,1,0.903346729992044,0.2429988262910793,right,9,dessert
105,2646,2647,71.44165492957731,71.46865479916521,0.0539997391757954,1,18.518607964836903,0.0269998695878977,left,1,dessert
106,2648,2688,71.4956546687531,72.57564945226902,1.1069946531038055,1,0.903346729992044,0.2429988262910793,left,9,dessert
107,2689,2712,72.60264932185692,73.22364632237856,0.6479968701095448,1,1.5432173304030752,0.4049980438184655,right,15,dessert
108,2713,2714,73.25064619196645,73.27764606155435,0.0539997391757954,1,18.518607964836903,0.0269998695878977,right,1,dessert
109,2715,2735,73.30464593114225,73.84464332290021,0.5669972613458517,1,1.7636769490320858,0.539997391757954,right,20,dessert
110,2736,2766,73.87164319248811,74.68163928012504,0.8369959572248287,1,1.1947489009572196,0.1079994783515908,right,4,dessert
111,2767,2781,74.70863914971294,75.0866373239435,0.4049980438184655,1,2.4691477286449204,0.2159989567031816,right,8,dessert
112,2782,2799,75.1136371935314,75.57263497652566,0.4859976525821586,1,2.0576231072041,0.0809996087636931,right,3,dessert
113,2800,2814,75.59963484611356,75.97763302034413,0.4049980438184655,1,2.4691477286449204,0.2159989567031816,right,8,dessert
114,2815,2843,76.00463288993203,76.76062923839316,0.7829962180490333,1,1.2771453768853036,0.0809996087636931,right,3,dessert
115,2844,2850,76.78762910798106,76.94962832550844,0.1889990871152839,1,5.291030847096258,0.1079994783515908,right,4,dessert
116,2851,2857,76.97662819509634,77.13862741262372,0.1889990871152839,1,5.291030847096258,0.0269998695878977,right,1,dessert
117,2858,2865,77.16562728221163,77.35462636932691,0.2159989567031816,1,4.629651991209226,0.1349993479394885,right,5,dessert
118,2866,2872,77.3816262389148,77.54362545644219,0.1889990871152839,1,5.291030847096258,0.1619992175273862,right,6,dessert
119,2873,2887,77.57062532603008,77.94862350026065,0.4049980438184655,1,2.4691477286449204,0.1079994783515908,right,4,dessert
120,2888,2900,77.97562336984855,78.29962180490332,0.35099830464267,1,2.849016609974908,0.1349993479394885,right,5,dessert
121,2901,2941,78.32662167449122,79.40661645800714,1.1069946531038055,1,0.903346729992044,0.2159989567031816,right,8,dessert
122,2942,2980,79.43361632759503,80.45961137193514,1.0529949139280104,1,0.9496722033249692,0.6209970005216471,right,23,dessert
123,2981,3041,80.48661124152304,82.1066034167969,1.6469920448617597,1,0.6071674742569476,0.8369959572248287,right,31,dessert
124,3042,3072,82.1336032863848,82.94359937402173,0.8369959572248287,1,1.1947489009572196,0.1889990871152839,right,7,dessert
125,3073,3085,82.97059924360963,83.2945976786644,0.35099830464267,1,2.849016609974908,0.0269998695878977,right,1,dessert
126,3086,3099,83.3215975482523,83.67259585289497,0.3779981742305678,1,2.645515423548129,0.0269998695878977,right,1,dessert
127,3100,3116,83.69959572248287,84.13159363588923,0.4589977829942608,1,2.1786597605690474,0.0539997391757954,right,2,dessert
128,3117,3146,84.15859350547713,84.94158972352616,0.809996087636931,1,1.2345738643224602,0.4049980438184655,right,15,dessert
129,3147,3182,84.96858959311406,85.91358502869048,0.9719953051643172,1,1.02881155360205,0.4049980438184655,right,15,dessert
130,3183,3236,85.94058489827837,87.37157798643696,1.4579929577464756,1,0.6858743690680335,0.2969985654668747,right,11,dessert
131,3237,3331,87.39857785602486,89.93656559728724,2.564987610850282,1,0.3898654308386716,2.5379877412623837,right,94,dessert
132,3332,3393,89.96356546687514,91.61055751173689,1.6739919144496571,1,0.5973744504786098,0.7559963484611356,right,28,dessert
133,3394,3431,91.6375573813248,92.636552556077,1.0259950443401125,1,0.9746635770966792,0.3239984350547724,right,12,dessert
134,3432,3445,92.6635524256649,93.01455073030758,0.3779981742305678,1,2.645515423548129,0.0539997391757954,right,2,dessert
135,3446,3459,93.04155059989549,93.39254890453816,0.3779981742305678,1,2.645515423548129,0.0269998695878977,right,1,dessert
136,3460,3494,93.41954877412604,94.33754434011456,0.9449954355764196,1,1.0582061694192515,0.1079994783515908,right,4,dessert
137,3495,3556,94.36454420970246,96.01153625456422,1.6739919144496571,1,0.5973744504786098,1.2419940010432942,right,46,dessert
138,3557,3573,96.03853612415212,96.47053403755848,0.4589977829942608,1,2.1786597605690474,0.1349993479394885,right,5,dessert
139,3574,3590,96.49753390714638,96.92953182055274,0.4589977829942608,1,2.1786597605690474,0.0539997391757954,right,2,dessert
140,3591,3621,96.95653169014064,97.76652777777755,0.8369959572248287,1,1.1947489009572196,0.0539997391757954,right,2,dessert
141,3622,3650,97.79352764736548,98.5495239958266,0.7829962180490333,1,1.2771453768853036,0.269998695878977,right,10,dessert
142,3651,3663,98.5765238654145,98.90052230046928,0.35099830464267,1,2.849016609974908,0.0809996087636931,right,3,dessert
143,3664,3682,98.92752217005716,99.41351982263932,0.5129975221700562,1,1.9493271541933583,0.269998695878977,right,10,dessert
144,3683,3703,99.44051969222724,99.98051708398518,0.5669972613458517,1,1.7636769490320858,0.269998695878977,right,10,dessert
145,3704,3705,100.00751695357307,100.03451682316096,0.0539997391757954,1,18.518607964836903,0.0269998695878977,right,1,dessert
146,3706,3714,100.06151669274888,100.27751564945206,0.2429988262910793,1,4.1152462144082005,0.0269998695878977,right,1,dessert
147,3715,3768,100.30451551903997,101.73550860719853,1.4579929577464756,1,0.6858743690680335,1.430993088158578,right,53,dessert
148,3769,3812,101.76250847678642,102.92350286906604,1.1879942618674988,1,0.8417549074925865,0.4589977829942608,right,17,dessert
149,3813,3883,102.95050273865392,104.84049360980676,1.9169907407407367,1,0.5216509285869549,1.160994392279601,right,43,dessert
150,3884,3904,104.86749347939468,105.40749087115262,0.5669972613458517,1,1.7636769490320858,0.269998695878977,right,10,dessert
151,3905,3932,105.43449074074051,106.16348721961376,0.7559963484611356,1,1.3227577117740643,0.0809996087636931,right,3,dessert
152,3933,3963,106.19048708920164,107.0004831768386,0.8369959572248287,1,1.1947489009572196,0.809996087636931,right,30,dessert
153,3964,4018,107.02748304642648,108.48547600417297,1.4849928273343735,1,0.6734039259940692,1.4579929577464756,right,54,dessert
154,4019,4094,108.51247587376083,110.53746609285318,2.051990088680225,1,0.4873317885483396,1.3229936098069872,right,49,dessert
155,4095,4098,110.56446596244108,110.64546557120477,0.1079994783515908,1,9.259303982418452,0.0539997391757954,right,2,dessert
156,4099,4141,110.67246544079266,111.80645996348436,1.160994392279601,1,0.8613306030156699,1.1339945226917034,right,42,dessert
157,4142,4148,111.83345983307228,111.99545905059964,0.1889990871152839,1,5.291030847096258,0.1619992175273862,right,6,dessert
158,4149,4152,112.02245892018756,112.10345852895124,0.1079994783515908,1,9.259303982418452,0.0269998695878977,right,1,dessert
159,4153,4154,112.13045839853916,112.15745826812704,0.0539997391757954,1,18.518607964836903,0.0269998695878977,right,1,dessert
160,4155,4208,112.18445813771494,113.61545122587351,1.4579929577464756,1,0.6858743690680335,1.4039932185706805,left,52,dessert
161,4209,4229,113.6424510954614,114.18244848721938,0.5669972613458517,1,1.7636769490320858,0.0269998695878977,right,1,dessert
162,4230,4245,114.20944835680729,114.61444640062574,0.4319979134063632,1,2.314825995604613,0.1349993479394885,right,5,dessert
163,4246,4248,114.64144627021363,114.69544600938944,0.0809996087636931,1,12.3457386432246,0.0269998695878977,right,1,dessert
164,4249,4264,114.72244587897733,115.1274439227958,0.4319979134063632,1,2.314825995604613,0.1079994783515908,right,4,dessert
165,4265,4281,115.15444379238367,115.58644170579004,0.4589977829942608,1,2.1786597605690474,0.0539997391757954,right,2,dessert
166,4282,4302,115.61344157537796,116.1534389671359,0.5669972613458517,1,1.7636769490320858,0.1079994783515908,right,4,dessert
167,4303,4351,116.1804388367238,117.47643257694288,1.3229936098069872,1,0.7558615495851797,0.5939971309337494,right,22,dessert
168,4352,4362,117.50343244653078,117.77343114240976,0.2969985654668747,1,3.367019629970346,0.0269998695878977,right,1,dessert
169,4363,4399,117.80043101199766,118.77242631716196,0.9989951747522148,1,1.00100583593713,0.269998695878977,right,10,dessert
170,4400,4418,118.79942618674988,119.28542383933204,0.5129975221700562,1,1.9493271541933583,0.0539997391757954,right,2,dessert
171,4419,4437,119.31242370891994,119.7984213615021,0.5129975221700562,1,1.9493271541933583,0.2159989567031816,right,8,dessert
172,4438,4453,119.82542123109,120.23041927490846,0.4319979134063632,1,2.314825995604613,0.1349993479394885,right,5,dessert
173,4454,4469,120.25741914449635,120.66241718831482,0.4319979134063632,1,2.314825995604613,0.1349993479394885,right,5,dessert
174,4470,4516,120.68941705790272,121.931411058946,1.2689938706311918,1,0.7880258708441236,0.1079994783515908,right,4,dessert
175,4517,4549,121.95841092853392,122.82240675534663,0.890995696400624,1,1.122339876656782,0.7019966092853401,right,26,dessert
176,4550,4586,122.84940662493452,123.82140193009884,0.9989951747522148,1,1.00100583593713,0.809996087636931,right,30,dessert
177,4587,4610,123.84840179968674,124.4693988002084,0.6479968701095448,1,1.5432173304030752,0.1349993479394885,right,5,dessert
178,4611,4650,124.49639866979628,125.5493935837243,1.079994783515908,1,0.9259303982418452,0.2429988262910793,right,9,dessert
179,4651,4652,125.5763934533122,125.60339332290008,0.0539997391757954,1,18.518607964836903,0.0269998695878977,right,1,dessert
180,4653,4655,125.630393192488,125.6843929316638,0.0809996087636931,1,12.3457386432246,0.0269998695878977,right,1,dessert
181,4656,4667,125.71139280125168,126.00839136671856,0.3239984350547724,1,3.0864346608061504,0.0539997391757954,right,2,dessert
182,4668,4683,126.03539123630644,126.44038928012492,0.4319979134063632,1,2.314825995604613,0.1349993479394885,right,5,dessert
183,4684,4721,126.46738914971282,127.46638432446504,1.0259950443401125,1,0.9746635770966792,0.1349993479394885,right,5,dessert
184,4722,4738,127.49338419405294,127.9253821074593,0.4589977829942608,1,2.1786597605690474,0.0539997391757954,right,2,dessert
185,4739,4755,127.9523819770472,128.38437989045354,0.4589977829942608,1,2.1786597605690474,0.2429988262910793,right,9,dessert
186,4756,4786,128.41137976004146,129.2213758476784,0.8369959572248287,1,1.1947489009572196,0.2429988262910793,right,9,dessert
187,4787,4805,129.2483757172663,129.73437336984844,0.5129975221700562,1,1.9493271541933583,0.1079994783515908,right,4,dessert
188,4806,4837,129.76137323943635,130.59836919666117,0.8639958268127264,1,1.1574129978023064,0.4319979134063632,left,16,dessert
189,4838,4880,130.62536906624908,131.75936358894077,1.160994392279601,1,0.8613306030156699,0.9449954355764196,left,35,dessert
190,4881,4942,131.78636345852863,133.43335550339043,1.6739919144496571,1,0.5973744504786098,0.269998695878977,right,10,dessert
191,4943,4980,133.4603553729783,134.45935054773054,1.0259950443401125,1,0.9746635770966792,0.3779981742305678,right,14,dessert
192,4981,5006,134.48635041731845,135.16134715701588,0.7019966092853401,1,1.424508304987454,0.0269998695878977,right,1,dessert
193,5007,5015,135.18834702660376,135.40434598330697,0.2429988262910793,1,4.1152462144082005,0.1619992175273862,right,6,dessert
194,5016,5019,135.43134585289485,135.51234546165855,0.1079994783515908,1,9.259303982418452,0.0809996087636931,right,3,dessert
195,5020,5060,135.53934533124644,136.61934011476237,1.1069946531038055,1,0.903346729992044,0.0269998695878977,right,1,dessert
196,5061,5091,136.64633998435025,137.45633607198718,0.8369959572248287,1,1.1947489009572196,0.4589977829942608,right,17,dessert
197,5092,5125,137.4833359415751,138.3743316379757,0.9179955659885216,1,1.0893298802845237,0.2159989567031816,right,8,dessert
198,5126,5155,138.4013315075636,139.18432772561263,0.809996087636931,1,1.2345738643224602,0.7559963484611356,right,28,dessert
199,5156,5194,139.21132759520054,140.23732263954065,1.0529949139280104,1,0.9496722033249692,0.3239984350547724,right,12,dessert
200,5195,5209,140.26432250912853,140.64232068335912,0.4049980438184655,1,2.4691477286449204,0.35099830464267,right,13,dessert
201,5210,5228,140.669320552947,141.15531820552917,0.5129975221700562,1,1.9493271541933583,0.4859976525821586,right,18,dessert
202,5229,5238,141.18231807511708,141.42531690140814,0.269998695878977,1,3.70372159296738,0.2429988262910793,right,9,dessert
203,5239,5244,141.45231677099605,141.58731611893555,0.1619992175273862,1,6.172869321612301,0.0539997391757954,right,2,dessert
204,5245,5253,141.61431598852343,141.8303149452266,0.2429988262910793,1,4.1152462144082005,0.2159989567031816,right,8,dessert
205,5254,5285,141.85731481481452,142.69431077203933,0.8639958268127264,1,1.1574129978023064,0.1349993479394885,right,5,dessert
206,5286,5300,142.72131064162724,143.0993088158578,0.4049980438184655,1,2.4691477286449204,0.1619992175273862,right,6,dessert
207,5301,5329,143.1263086854457,143.88230503390685,0.7829962180490333,1,1.2771453768853036,0.269998695878977,right,10,dessert
208,5330,5348,143.90930490349473,144.3953025560769,0.5129975221700562,1,1.9493271541933583,0.0809996087636931,right,3,dessert
209,5349,5371,144.42230242566478,145.01629955659854,0.6209970005216471,1,1.6103137360727742,0.1349993479394885,right,5,dessert
210,5372,5374,145.04329942618645,145.09729916536224,0.0809996087636931,1,12.3457386432246,0.0539997391757954,right,2,dessert
211,5375,5389,145.12429903495013,145.5022972091807,0.4049980438184655,1,2.4691477286449204,0.269998695878977,right,10,dessert
212,5390,5421,145.5292970787686,146.36629303599344,0.8639958268127264,1,1.1574129978023064,0.6209970005216471,right,23,dessert
213,5422,5428,146.39329290558132,146.5552921231087,0.1889990871152839,1,5.291030847096258,0.0269998695878977,right,1,dessert
214,5429,5431,146.5822919926966,146.6362917318724,0.0809996087636931,1,12.3457386432246,0.0269998695878977,right,1,dessert
215,5432,5454,146.6632916014603,147.25728873239404,0.6209970005216471,1,1.6103137360727742,0.4859976525821586,right,18,dessert
216,5455,5468,147.28428860198196,147.63528690662463,0.3779981742305678,1,2.645515423548129,0.0539997391757954,right,2,dessert
217,5469,5473,147.6622867762125,147.7702862545641,0.1349993479394885,1,7.407443185934761,0.0269998695878977,right,1,dessert
218,5474,5486,147.797286124152,148.12128455920677,0.35099830464267,1,2.849016609974908,0.1079994783515908,right,4,dessert
219,5487,5503,148.14828442879468,148.58028234220103,0.4589977829942608,1,2.1786597605690474,0.2159989567031816,right,8,dessert
220,5504,5506,148.60728221178894,148.66128195096474,0.0809996087636931,1,12.3457386432246,0.0539997391757954,right,2,dessert
221,5507,5550,148.68828182055262,149.84927621283222,1.1879942618674988,1,0.8417549074925865,0.4589977829942608,right,17,dessert
222,5551,5665,149.87627608242013,152.95426121544045,3.1049850026082355,1,0.3220627472145548,2.5379877412623837,right,94,dessert
223,5666,5684,152.98126108502836,153.4672587376105,0.5129975221700562,1,1.9493271541933583,0.1619992175273862,right,6,dessert
224,5685,5702,153.49425860719842,153.95325639019268,0.4859976525821586,1,2.0576231072041,0.1889990871152839,right,7,dessert
225,5703,5715,153.9802562597806,154.30425469483535,0.35099830464267,1,2.849016609974908,0.0809996087636931,left,3,dessert
226,5716,5723,154.33125456442326,154.52025365153852,0.2159989567031816,1,4.629651991209226,0.1349993479394885,left,5,dessert
227,5724,5735,154.54725352112644,154.84425208659331,0.3239984350547724,1,3.0864346608061504,0.0539997391757954,right,2,dessert
228,5736,5756,154.8712519561812,155.41124934793916,0.5669972613458517,1,1.7636769490320858,0.0269998695878977,right,1,dessert
229,5757,5762,155.43824921752704,155.57324856546654,0.1619992175273862,1,6.172869321612301,0.0539997391757954,right,2,dessert
230,5763,5775,155.60024843505445,155.92424687010922,0.35099830464267,1,2.849016609974908,0.1889990871152839,left,7,dessert
231,5776,5789,155.9512467396971,156.30224504433977,0.3779981742305678,1,2.645515423548129,0.1889990871152839,left,7,dessert
232,5790,5821,156.32924491392768,157.1662408711525,0.8639958268127264,1,1.1574129978023064,0.1619992175273862,left,6,dessert
233,5822,5841,157.1932407407404,157.70623826291046,0.539997391757954,1,1.8518607964836904,0.0269998695878977,right,1,dessert
234,5842,5872,157.73323813249837,158.54323422013528,0.8369959572248287,1,1.1947489009572196,0.4049980438184655,right,15,dessert
235,5873,5890,158.5702340897232,159.02923187271745,0.4859976525821586,1,2.0576231072041,0.0809996087636931,right,3,dessert
236,5891,5921,159.05623174230536,159.8662278299423,0.8369959572248287,1,1.1947489009572196,0.2969985654668747,right,11,dessert
237,5922,5935,159.89322769953017,160.24422600417284,0.3779981742305678,1,2.645515423548129,0.0269998695878977,right,1,dessert
238,5936,5980,160.27122587376073,161.45922013562824,1.2149941314553965,1,0.8230492428816402,0.7019966092853401,right,26,dessert
239,5981,5995,161.48622000521613,161.8642181794467,0.4049980438184655,1,2.4691477286449204,0.1889990871152839,right,7,dessert
240,5996,6011,161.8912180490346,162.29621609285306,0.4319979134063632,1,2.314825995604613,0.1889990871152839,right,7,dessert
241,6012,6041,162.32321596244097,163.10621218049,0.809996087636931,1,1.2345738643224602,0.1619992175273862,right,6,dessert
242,6042,6074,163.1332120500779,163.99720787689063,0.890995696400624,1,1.122339876656782,0.1619992175273862,right,6,dessert
243,6075,6098,164.0242077464785,164.64520474700018,0.6479968701095448,1,1.5432173304030752,0.269998695878977,right,10,dessert
244,6099,6115,164.67220461658806,165.10420252999444,0.4589977829942608,1,2.1786597605690474,0.2429988262910793,right,9,dessert
245,6116,6133,165.13120239958232,165.59020018257658,0.4859976525821586,1,2.0576231072041,0.1079994783515908,right,4,dessert
246,6134,6152,165.6172000521645,166.10319770474663,0.5129975221700562,1,1.9493271541933583,0.2429988262910793,right,9,dessert
247,6153,6171,166.13019757433457,166.6161952269167,0.5129975221700562,1,1.9493271541933583,0.1079994783515908,right,4,dessert
248,6172,6187,166.6431950965046,167.04819314032306,0.4319979134063632,1,2.314825995604613,0.1619992175273862,right,6,dessert
249,6188,6203,167.07519300991095,167.4801910537294,0.4319979134063632,1,2.314825995604613,0.1619992175273862,right,6,dessert
250,6204,6218,167.50719092331732,167.88518909754788,0.4049980438184655,1,2.4691477286449204,0.0809996087636931,right,3,dessert
251,6219,6242,167.9121889671358,168.53318596765743,0.6479968701095448,1,1.5432173304030752,0.2159989567031816,right,8,dessert
252,6243,6263,168.56018583724534,169.10018322900328,0.5669972613458517,1,1.7636769490320858,0.2429988262910793,right,9,dessert
253,6264,6288,169.1271830985912,169.77517996870074,0.6749967396974424,1,1.4814886371869522,0.35099830464267,right,13,dessert
254,6289,6344,169.80217983828862,171.287172665623,1.5119926969222712,1,0.6613788558870323,1.079994783515908,right,40,dessert
255,6345,6384,171.3141725352109,172.36716744913892,1.079994783515908,1,0.9259303982418452,0.4319979134063632,right,16,dessert
256,6385,6415,172.3941673187268,173.20416340636373,0.8369959572248287,1,1.1947489009572196,0.269998695878977,right,10,dessert
257,6416,6451,173.23116327595164,174.17615871152805,0.9719953051643172,1,1.02881155360205,0.35099830464267,right,13,dessert
258,6452,6474,174.20315858111596,174.79715571204972,0.6209970005216471,1,1.6103137360727742,0.1079994783515908,right,4,dessert
259,6475,6548,174.8241555816376,176.79514606155414,1.9979903495044296,1,0.5005029179685649,1.4579929577464756,right,54,dessert
260,6549,6564,176.82214593114202,177.22714397496048,0.4319979134063632,1,2.314825995604613,0.0809996087636931,right,3,dessert
261,6565,6578,177.2541438445484,177.60514214919107,0.3779981742305678,1,2.645515423548129,0.1079994783515908,right,4,dessert
262,6579,6612,177.63214201877895,178.5231377151796,0.9179955659885216,1,1.0893298802845237,0.1889990871152839,right,7,dessert
263,6613,6719,178.55013758476747,181.41212376108464,2.8889860459050536,1,0.3461422049502225,1.8359911319770432,right,68,dessert
264,6720,6773,181.43912363067253,182.87011671883113,1.4579929577464756,1,0.6858743690680335,0.1619992175273862,right,6,dessert
265,6774,6821,182.897116588419,184.1661104590502,1.2959937402190895,1,0.7716086652015376,0.890995696400624,right,33,dessert
266,6822,6951,184.1931103286381,187.6760935054769,3.509983046426701,1,0.2849016609974908,2.780986567553463,right,103,dessert
267,6952,6984,187.7030933750648,188.5670892018775,0.890995696400624,1,1.122339876656782,0.809996087636931,right,30,dessert
268,6985,7010,188.59408907146545,189.26908581116288,0.7019966092853401,1,1.424508304987454,0.6479968701095448,right,24,dessert
269,7011,7037,189.29608568075076,189.9980822900361,0.7289964788732378,1,1.371748738136067,0.6749967396974424,right,25,dessert
270,7038,7072,190.025082159624,190.94307772561257,0.9449954355764196,1,1.0582061694192515,0.2159989567031816,right,8,dessert
271,7073,7123,190.9700775952004,192.32007107459532,1.3769933489827826,1,0.7262199201896825,0.1889990871152839,right,7,dessert
272,7124,7157,192.3470709441832,193.23806664058384,0.9179955659885216,1,1.0893298802845237,0.2159989567031816,right,8,dessert
273,7158,7201,193.26506651017172,194.42606090245133,1.1879942618674988,1,0.8417549074925865,0.1349993479394885,right,5,dessert
274,7202,7235,194.45306077203924,195.34405646843985,0.9179955659885216,1,1.0893298802845237,0.2969985654668747,right,11,dessert
275,7236,7284,195.37105633802776,196.66705007824683,1.3229936098069872,1,0.7558615495851797,0.0809996087636931,right,3,dessert
276,7285,7380,196.6940499478347,199.259037558685,2.591987480438179,1,0.3858043326007688,2.510987871674486,right,93,dessert
277,7381,7407,199.28603742827292,199.98803403755824,0.7289964788732378,1,1.371748738136067,0.5669972613458517,right,21,dessert
278,7408,7447,200.01503390714615,201.06802882107417,1.079994783515908,1,0.9259303982418452,0.2429988262910793,right,9,dessert
279,7448,7462,201.09502869066205,201.47302686489263,0.4049980438184655,1,2.4691477286449204,0.1079994783515908,right,4,dessert
280,7463,7483,201.5000267344805,202.04002412623848,0.5669972613458517,1,1.7636769490320858,0.2159989567031816,right,8,dessert
281,7484,7531,202.0670239958264,203.3360178664576,1.2959937402190895,1,0.7716086652015376,0.5669972613458517,right,21,dessert
282,7532,7575,203.36301773604544,204.52401212832507,1.1879942618674988,1,0.8417549074925865,0.8369959572248287,right,31,dessert
283,7576,7615,204.55101199791295,205.60400691184097,1.079994783515908,1,0.9259303982418452,0.2969985654668747,right,11,dessert
284,7616,7662,205.63100678142888,206.87300078247216,1.2689938706311918,1,0.7880258708441236,0.4859976525821586,right,18,dessert
285,7663,7674,206.90000065206007,207.19699921752695,0.3239984350547724,1,3.0864346608061504,0.2969985654668747,right,11,dessert
286,7675,7726,207.22399908711483,208.6009924360976,1.4039932185706805,1,0.712254152493727,0.35099830464267,right,13,dessert
287,7727,7788,208.62799230568552,210.27498435054727,1.6739919144496571,1,0.5973744504786098,1.6469920448617597,right,61,dessert
288,7789,7797,210.3019842201352,210.51798317683836,0.2429988262910793,1,4.1152462144082005,0.0539997391757954,right,2,dessert
289,7798,7805,210.54498304642627,210.73398213354153,0.2159989567031816,1,4.629651991209226,0.0269998695878977,right,1,dessert
290,7806,7809,210.76098200312944,210.84198161189312,0.1079994783515908,1,9.259303982418452,0.0809996087636931,right,3,dessert
291,7810,7820,210.86898148148103,211.13898017736,0.2969985654668747,1,3.367019629970346,0.269998695878977,right,10,dessert
292,7821,7832,211.1659800469479,211.4629786124148,0.3239984350547724,1,3.0864346608061504,0.2969985654668747,right,11,dessert
293,7833,7837,211.48997848200267,211.59797796035423,0.1349993479394885,1,7.407443185934761,0.0539997391757954,right,2,dessert
294,7838,7850,211.62497782994217,211.94897626499693,0.35099830464267,1,2.849016609974908,0.2429988262910793,right,9,dessert
295,7851,7858,211.97597613458484,212.16497522170013,0.2159989567031816,1,4.629651991209226,0.1079994783515908,right,4,dessert
296,7859,7860,212.191975091288,212.21897496087593,0.0539997391757954,1,18.518607964836903,0.0269998695878977,right,1,dessert
297,7861,7895,212.2459748304638,213.16397039645233,0.9449954355764196,1,1.0582061694192515,0.2429988262910793,right,9,dessert
298,7896,7954,213.19097026604024,214.7569627021383,1.5929923056859645,1,0.6277494225368442,0.8369959572248287,right,31,dessert
299,7955,7991,214.7839625717262,215.7559578768905,0.9989951747522148,1,1.00100583593713,0.809996087636931,left,30,dessert
300,7992,7993,215.7829577464784,215.8099576160663,0.0539997391757954,1,18.518607964836903,0.0269998695878977,left,1,dessert
301,7994,8053,215.8369574856542,217.42994979134016,1.619992175273862,1,0.6172869321612301,1.1069946531038055,left,41,dessert
302,8054,8123,217.45694966092807,219.319940662493,1.889990871152839,1,0.5291030847096257,1.4579929577464756,left,54,dessert
303,8124,8165,219.3469405320809,220.45393518518472,1.1339945226917034,1,0.8818384745160429,1.1069946531038055,right,41,dessert
304,8166,8190,220.4809350547726,221.12893192488215,0.6749967396974424,1,1.4814886371869522,0.0269998695878977,right,1,dessert
305,8191,8339,221.1559317944701,225.1519124934789,4.022980568596757,1,0.2485719189910994,3.8339814814814734,right,142,dessert
306,8340,8341,225.1789123630668,225.2059122326547,0.0539997391757954,1,18.518607964836903,0.0269998695878977,right,1,dessert
307,8342,8368,225.2329121022426,225.93490871152795,0.7289964788732378,1,1.371748738136067,0.6749967396974424,right,25,dessert
308,8369,8381,225.96190858111584,226.28590701617065,0.35099830464267,1,2.849016609974908,0.0269998695878977,right,1,dessert
309,8382,8384,226.3129068857585,226.3669066249343,0.0809996087636931,1,12.3457386432246,0.0269998695878977,right,1,dessert
310,8385,8429,226.3939064945222,227.5819007563897,1.2149941314553965,1,0.8230492428816402,1.0529949139280104,right,39,dessert
311,8430,8435,227.6089006259776,227.74389997391708,0.1619992175273862,1,6.172869321612301,0.0539997391757954,right,2,dessert
312,8436,8439,227.770899843505,227.85189945226867,0.1079994783515908,1,9.259303982418452,0.0539997391757954,right,2,dessert
313,8440,8481,227.87889932185655,228.9858939749604,1.1339945226917034,1,0.8818384745160429,0.4589977829942608,right,17,dessert
314,8482,8539,229.01289384454827,230.5518864110585,1.5659924360980666,1,0.6385726884426518,0.5939971309337494,right,22,dessert
315,8540,8544,230.57888628064632,230.68688575899793,0.1349993479394885,1,7.407443185934761,0.0809996087636931,right,3,dessert
316,8545,8551,230.71388562858584,230.8758848461132,0.1889990871152839,1,5.291030847096258,0.1619992175273862,right,6,dessert
317,8552,8553,230.90288471570113,230.92988458528905,0.0539997391757954,1,18.518607964836903,0.0269998695878977,right,1,dessert
318,8554,8569,230.95688445487693,231.3618824986954,0.4319979134063632,1,2.314825995604613,0.1349993479394885,right,5,dessert
319,8570,8574,231.38888236828328,231.4968818466349,0.1349993479394885,1,7.407443185934761,0.1079994783515908,right,4,dessert
320,8575,8602,231.52388171622275,232.252878195096,0.7559963484611356,1,1.3227577117740643,0.0539997391757954,right,2,dessert
321,8603,8641,232.2798780646839,233.305873109024,1.0529949139280104,1,0.9496722033249692,0.3779981742305678,right,14,dessert
322,8642,8677,233.3328729786119,234.27786841418833,0.9719953051643172,1,1.02881155360205,0.2159989567031816,right,8,dessert
323,8678,8741,234.30486828377624,236.0058600678138,1.7279916536254527,1,0.5787064989011532,0.890995696400624,right,33,dessert
324,8742,8852,236.0328599374017,239.00284559207043,2.9969855242566448,1,0.3336686119790433,2.240989175795509,right,83,dessert
325,8853,8865,239.0298454616583,239.3538438967131,0.35099830464267,1,2.849016609974908,0.0269998695878977,right,1,dessert
326,8866,8910,239.380843766301,240.5688380281685,1.2149941314553965,1,0.8230492428816402,1.160994392279601,right,43,dessert
327,8911,8926,240.5958378977564,241.00083594157485,0.4319979134063632,1,2.314825995604613,0.0269998695878977,right,1,dessert
328,8927,9016,241.02783581116276,243.43082420448565,2.429988262910793,1,0.4115246214408201,2.4029883933228953,right,89,dessert
329,9017,9023,243.45782407407356,243.61982329160097,0.1889990871152839,1,5.291030847096258,0.0269998695878977,right,1,dessert
330,9024,9052,243.64682316118885,244.40281950964996,0.7829962180490333,1,1.2771453768853036,0.6749967396974424,right,25,dessert
331,9053,9180,244.42981937923787,247.8588028169009,3.4559833072509054,1,0.2893532494505766,2.7269868283776675,right,101,dessert
332,9181,9211,247.88580268648877,248.6957987741257,0.8369959572248287,1,1.1947489009572196,0.1619992175273862,right,6,dessert
333,9212,9230,248.7227986437136,249.20879629629576,0.5129975221700562,1,1.9493271541933583,0.2429988262910793,right,9,dessert
334,9231,9286,249.23579616588367,250.72078899321804,1.5119926969222712,1,0.6613788558870323,0.1889990871152839,right,7,dessert
335,9287,9316,250.74778886280592,251.53078508085497,0.809996087636931,1,1.2345738643224602,0.5129975221700562,right,19,dessert
336,9317,9355,251.55778495044285,252.583779994783,1.0529949139280104,1,0.9496722033249692,0.1079994783515908,right,4,dessert
337,9356,9405,252.61077986437087,253.93377347417783,1.349993479394885,1,0.7407443185934761,0.5669972613458517,right,21,dessert
338,9406,9547,253.96077334376577,257.7677549556593,3.8339814814814734,1,0.2608254642934774,3.2669842201356216,right,121,dessert
339,9548,9575,257.79475482524725,258.5237513041205,0.7559963484611356,1,1.3227577117740643,0.4859976525821586,right,18,dessert
340,9576,9577,258.55075117370836,258.57775104329625,0.0539997391757954,1,18.518607964836903,0.0269998695878977,right,1,dessert
341,9578,9588,258.6047509128842,258.8747496087631,0.2969985654668747,1,3.367019629970346,0.0539997391757954,right,2,dessert
342,9589,9657,258.901749478351,260.7377406103281,1.8629910015649411,1,0.5367712453575915,1.1339945226917034,right,42,dessert
343,9658,9750,260.764740479916,263.24872848200255,2.510987871674486,1,0.3982496336524065,2.051990088680225,right,76,dessert
344,9751,9775,263.2757283515905,263.9237252217,0.6749967396974424,1,1.4814886371869522,0.269998695878977,right,10,dessert
345,9776,9839,263.9507250912879,265.65171687532546,1.7279916536254527,1,0.5787064989011532,0.4319979134063632,right,16,dessert
346,9840,9867,265.67871674491334,266.4077132237866,0.7559963484611356,1,1.3227577117740643,0.2159989567031816,right,8,dessert
347,9868,10222,266.4347130933745,275.9926669274903,9.584953703703682,1,0.104330185717391,9.584953703703682,right,355,dessert
1,30,128,0.500780412803427,2.1366630946279552,1.652575362251309,1,0.6051161253170909,1.168487629874663,left,70,jiaqi
2,129,185,2.1533557750547363,3.0881458789544665,0.9514827843265112,1,1.050991165024421,0.2336975259749326,left,14,jiaqi
3,186,197,3.1048385593812475,3.2884580440758375,0.2003121651213708,1,4.9922080338659995,0.166926804267809,left,10,jiaqi
4,198,845,3.305150724502618,14.105314960629862,10.816856916554023,1,0.0924482969234444,10.082378977775663,left,604,jiaqi
5,846,888,14.122007641056642,14.82310021898144,0.7177852583515787,1,1.393174335032372,0.6843998974980169,left,41,jiaqi
6,889,890,14.83979289940822,14.856485579835,0.0333853608535618,1,29.953248203195997,0.0166926804267809,left,1,jiaqi
7,891,892,14.873178260261785,14.889870940688564,0.0333853608535618,1,29.953248203195997,0.0166926804267809,left,1,jiaqi
8,893,946,14.906563621115344,15.791275683734732,0.9014047430461686,1,1.1093795630813332,0.0834634021339045,left,5,jiaqi
9,947,1007,15.807968364161512,16.809529189768366,1.0182535060336348,1,0.9820737115801969,0.2336975259749326,left,14,jiaqi
10,1008,1105,16.82622187019515,18.445411871592896,1.6358826818245282,1,0.6112907796570611,1.1017169081675395,left,66,jiaqi
11,1106,1119,18.46210455201967,18.679109397567828,0.2336975259749326,1,4.279035457599428,0.166926804267809,left,10,jiaqi
12,1120,1192,18.695802077994607,19.897675068722833,1.2185656711550057,1,0.820636937073863,1.0182535060336348,left,61,jiaqi
13,1193,1219,19.914367749149616,20.34837744024592,0.4507023715230843,1,2.2187591261626665,0.2170048455481517,left,13,jiaqi
14,1220,1309,20.365070120672694,21.8507186786562,1.502341238410281,1,0.6656277378487999,1.4021851558495957,left,84,jiaqi
15,1310,1343,21.86741135908298,22.41826981316675,0.5675511345105506,1,1.761955776658588,0.5508584540837698,left,33,jiaqi
16,1344,1386,22.43496249359353,23.136055071518328,0.7177852583515787,1,1.393174335032372,0.6510145366444551,left,39,jiaqi
17,1387,1573,23.15274775194511,26.257586311326357,3.1215312398080286,1,0.3203555957561069,2.987989796393782,left,179,jiaqi
18,1574,1580,26.27427899175314,26.374435074313823,0.1168487629874663,1,8.558070915198856,0.0667707217071236,right,4,jiaqi
19,1581,1590,26.391127754740605,26.541361878581633,0.166926804267809,1,5.990649640639199,0.0500780412803427,right,3,jiaqi
20,1591,1606,26.55805455900841,26.80844476541013,0.2670828868284944,1,3.7441560253995,0.2170048455481517,right,13,jiaqi
21,1607,1617,26.82513744583691,26.992064250104715,0.1836194846945899,1,5.446045127853817,0.1502341238410281,right,9,jiaqi
22,1618,1632,27.008756930531497,27.24245445650643,0.2503902064017135,1,3.9937664270928,0.2003121651213708,left,12,jiaqi
23,1633,1668,27.259147136933212,27.843390951870543,0.6009364953641124,1,1.6640693446219998,0.4340096910963034,left,26,jiaqi
24,1669,1697,27.86008363229732,28.32747868424719,0.4840877323766461,1,2.0657412553928274,0.1502341238410281,left,9,jiaqi
25,1698,1734,28.34417136467397,28.94510786003808,0.6176291757908933,1,1.619094497470054,0.6009364953641124,left,36,jiaqi
26,1735,1920,28.96180054046486,32.04994641941933,3.1048385593812475,1,0.3220779376687742,2.720906909565287,right,163,jiaqi
27,1921,1961,32.06663909984611,32.734346316917346,0.6843998974980169,1,1.4611340586924877,0.5675511345105506,left,34,jiaqi
28,1962,1997,32.751038997344125,33.335282812281456,0.6009364953641124,1,1.6640693446219998,0.4340096910963034,right,26,jiaqi
29,1998,2313,33.35197549270824,38.610169827144226,5.274887014862765,1,0.1895775202733923,4.6405651586450904,left,278,jiaqi
30,2314,2349,38.626862507571005,39.211106322508336,0.6009364953641124,1,1.6640693446219998,0.1335414434142472,left,8,jiaqi
31,2350,2353,39.227799002935114,39.27787704421546,0.0667707217071236,1,14.976624101598,0.0333853608535618,left,2,jiaqi
32,2354,2399,39.29456972464224,40.04574034384738,0.7678632996319215,1,1.302315139269391,0.6343218562176742,left,38,jiaqi
33,2400,2401,40.06243302427416,40.07912570470094,0.0333853608535618,1,29.953248203195997,0.0166926804267809,left,1,jiaqi
34,2402,2418,40.09581838512772,40.36290127195622,0.2837755672552753,1,3.523911553317176,0.1168487629874663,left,7,jiaqi
35,2419,2552,40.379593952383,42.59972044914486,2.2368191771886408,1,0.4470634060178506,1.4856485579835002,left,89,jiaqi
36,2553,4100,42.61641312957164,68.4399897498017,25.840269300656836,1,0.0386992870842325,25.55649373340156,left,1531,jiaqi
37,4101,4227,68.45668243022847,70.55996016400286,2.119970414201174,1,0.4717046961133228,1.4355705167031574,left,86,jiaqi
38,4228,4428,70.57665284442965,73.91518892978583,3.355228765782961,1,0.2980422706785671,2.6207508270046014,left,157,jiaqi
39,4429,4561,73.93188161021261,76.13531542654769,2.2201264967618597,1,0.4504247850104661,1.9363509295065844,left,116,jiaqi
40,4562,4635,76.15200810697446,77.37057377812947,1.2352583515817863,1,0.809547248735027,0.8513267017658259,right,51,jiaqi
41,4636,4687,77.38726645855625,78.23859316032208,0.8680193821926069,1,1.1520480078152306,0.8179413409122641,right,49,jiaqi
42,4688,4701,78.25528584074887,78.47229068629701,0.2336975259749326,1,4.279035457599428,0.166926804267809,right,10,jiaqi
43,4702,4772,78.4889833667238,79.65747099659846,1.185180310301444,1,0.8437534705125632,0.9180974234729496,right,55,jiaqi
44,4773,5274,79.67416367702523,88.03719657084247,8.379725574244013,1,0.1193356502119362,7.7454037180263375,right,464,jiaqi
45,5275,5437,88.05388925126925,90.75810348040775,2.720906909565287,1,0.3675245178306257,1.9864289707869272,left,119,jiaqi
46,5438,5702,90.77479616083454,95.1816637935047,4.423560313096939,1,0.2260622505901584,4.390174952243377,left,263,jiaqi
47,5703,5747,95.19835647393148,95.93283441270984,0.7511706192051405,1,1.3312554756975998,0.667707217071236,left,40,jiaqi
48,5748,6121,95.9495270931366,102.1758968923259,6.243062479616057,1,0.1601777978780534,6.226369799189276,left,373,jiaqi
49,6122,6344,102.19258957275268,105.89836462749804,3.722467735172141,1,0.2686389973380806,3.70577505474536,left,222,jiaqi
50,6345,6354,105.9150573079248,106.06529143176584,0.166926804267809,1,5.990649640639199,0.0834634021339045,right,5,jiaqi
51,6355,6449,106.08198411219264,107.65109607231004,1.5858046405441857,1,0.6305946990146526,0.8680193821926069,right,52,jiaqi
52,6450,6515,107.6677887527368,108.75281298047756,1.1017169081675395,1,0.907674187975636,0.2503902064017135,right,15,jiaqi
53,6516,6588,108.76950566090434,109.97137865163258,1.2185656711550057,1,0.820636937073863,0.3839316498159607,left,23,jiaqi
54,6589,6618,109.98807133205936,110.472159064436,0.500780412803427,1,1.9968832135464,0.166926804267809,left,10,jiaqi
55,6619,6703,110.4888517448628,111.89103690071238,1.4188778362763763,1,0.7047823106634352,1.352107114569253,left,81,jiaqi
56,6704,6722,111.90772958113917,112.2081978288212,0.3171609281088371,1,3.152973495073262,0.1836194846945899,left,11,jiaqi
57,6723,6724,112.224890509248,112.24158318967476,0.0333853608535618,1,29.953248203195997,0.0166926804267809,left,1,jiaqi
58,6725,6758,112.25827587010156,112.80913432418532,0.5675511345105506,1,1.761955776658588,0.0333853608535618,left,2,jiaqi
59,6759,6797,112.82582700461212,113.46014886082978,0.6510145366444551,1,1.5360640104203076,0.517473093230208,left,31,jiaqi
60,6798,6914,113.47684154125656,115.41319247076316,1.9530436099333657,1,0.5120213368067692,1.352107114569253,left,81,jiaqi
61,6915,6943,115.42988515118992,115.8972802031398,0.4840877323766461,1,2.0657412553928274,0.4173170106695225,left,25,jiaqi
62,6944,6977,115.91397288356656,116.46483133765034,0.5675511345105506,1,1.761955776658588,0.500780412803427,left,30,jiaqi
63,6978,6984,116.48152401807712,116.5816801006378,0.1168487629874663,1,8.558070915198856,0.0667707217071236,left,4,jiaqi
64,6985,7014,116.59837278106458,117.08246051344123,0.500780412803427,1,1.9968832135464,0.4840877323766461,left,29,jiaqi
65,7015,7173,117.09915319386802,119.7365967012994,2.654136187858163,1,0.3767704176502641,2.303589898895764,left,138,jiaqi
66,7174,7901,119.75328938172618,131.8888680519959,12.152271350696497,1,0.0822891434153736,11.467871453198478,right,687,jiaqi
67,7902,8152,131.90556073242269,136.0787308391179,4.189862787122006,1,0.2386713004238724,3.488770209197208,left,209,jiaqi
68,8153,8226,136.09542351954468,137.3139891906997,1.2352583515817863,1,0.809547248735027,1.2185656711550057,left,73,jiaqi
69,8227,8352,137.33068187112647,139.4172669244741,2.1032777337743935,1,0.4754483841777142,2.069892372920832,left,124,jiaqi
70,8353,8404,139.43395960490085,140.28528630666668,0.8680193821926069,1,1.1520480078152306,0.7845559800587023,left,47,jiaqi
71,8405,8538,140.30197898709346,142.52210548385534,2.2368191771886408,1,0.4470634060178506,2.186741135908298,left,131,jiaqi
72,8539,9058,142.5387981642821,151.2022993057814,8.680193821926068,1,0.115204800781523,8.51326701765826,left,510,jiaqi
73,9059,9088,151.21899198620818,151.70307971858483,0.500780412803427,1,1.9968832135464,0.4673950519498652,right,28,jiaqi
74,9089,9274,151.71977239901162,154.80791827796608,3.1048385593812475,1,0.3220779376687742,2.3870533010296686,left,143,jiaqi
75,9275,9374,154.82461095839284,156.47718632064417,1.66926804267809,1,0.59906496406392,1.535726599263843,left,92,jiaqi
76,9375,9407,156.49387900107095,157.02804477472793,0.5508584540837698,1,1.8153483759512723,0.0667707217071236,left,4,jiaqi
77,9408,9423,157.04473745515472,157.29512766155642,0.2670828868284944,1,3.7441560253995,0.2503902064017135,left,15,jiaqi
78,9424,9502,157.3118203419832,158.6138494152721,1.3187217537156912,1,0.7583100810935695,1.168487629874663,left,70,jiaqi
79,9503,9573,158.6305420956989,159.79902972557355,1.185180310301444,1,0.8437534705125632,0.8179413409122641,left,49,jiaqi
80,9574,9809,159.81572240600033,163.73850230629387,3.9394725807202926,1,0.2538410864677626,3.88939453943995,left,233,jiaqi
81,9810,9815,163.75519498672062,163.83865838885453,0.1001560825606854,1,9.984416067732,0.0500780412803427,left,3,jiaqi
82,9816,9872,163.8553510692813,164.79014117318104,0.9514827843265112,1,1.050991165024421,0.2670828868284944,left,16,jiaqi
83,9873,9953,164.80683385360783,166.1422482877503,1.352107114569253,1,0.7395863753875555,1.0850242277407585,left,65,jiaqi
84,9954,9979,166.1589409681771,166.5762579788466,0.4340096910963034,1,2.3040960156304613,0.0667707217071236,left,4,jiaqi
85,9980,10372,166.59295065927338,173.1364813865715,6.5602234077248935,1,0.152433833095145,5.959286912360781,left,357,jiaqi
86,10373,10498,173.15317406699828,175.2397591203459,2.1032777337743935,1,0.4754483841777142,1.5858046405441857,left,95,jiaqi
87,10499,10779,175.25645180077268,179.93040232027133,4.690643199925433,1,0.2131903786704341,4.607179797791528,left,276,jiaqi
88,10780,10822,179.9470950006981,180.6481875786229,0.7177852583515787,1,1.393174335032372,0.6510145366444551,left,39,jiaqi
89,10823,10894,180.66488025904968,181.85006056935111,1.2018729907282248,1,0.8320346723109999,0.7511706192051405,left,45,jiaqi
90,10895,10898,181.8667532497779,181.91683129105823,0.0667707217071236,1,14.976624101598,0.0166926804267809,left,1,jiaqi
91,10899,10990,181.93352397148504,183.45255789032208,1.535726599263843,1,0.6511575696346955,0.7678632996319215,left,46,jiaqi
92,10991,11067,183.46925057074887,184.73789428318423,1.2853363928621293,1,0.7780064468362596,0.667707217071236,left,40,jiaqi
93,11068,11165,184.75458696361105,186.37377696500872,1.6358826818245282,1,0.6112907796570611,1.2686437124353485,right,76,jiaqi
94,11166,11199,186.39046964543553,186.9413280995193,0.5675511345105506,1,1.761955776658588,0.4840877323766461,right,29,jiaqi
95,11200,11221,186.95802077994608,187.30856706890847,0.3672389693891798,1,2.723022563926909,0.2170048455481517,right,13,jiaqi
96,11222,11248,187.3252597493353,187.7592694404316,0.4507023715230843,1,2.2187591261626665,0.4006243302427416,right,24,jiaqi
97,11249,11288,187.7759621208583,188.4269766575028,0.667707217071236,1,1.4976624101597995,0.0333853608535618,right,2,jiaqi
98,11289,11310,188.4436693379296,188.794215626892,0.3672389693891798,1,2.723022563926909,0.0667707217071236,right,4,jiaqi
99,11311,11334,188.81090830731875,189.19483995713472,0.4006243302427416,1,2.496104016933,0.2170048455481517,right,13,jiaqi
100,11335,11420,189.2115326375615,190.63041047383788,1.4355705167031574,1,0.696587167516186,1.1017169081675395,right,66,jiaqi
101,11421,11491,190.64710315426467,191.81559078413932,1.185180310301444,1,0.8437534705125632,0.7845559800587023,right,47,jiaqi
102,11492,11541,191.8322834645661,192.65022480547836,0.8346340213390451,1,1.19812992812784,0.4673950519498652,right,28,jiaqi
103,11542,11609,192.66691748590517,193.78532707449943,1.1351022690211012,1,0.880977888329294,0.2503902064017135,right,15,jiaqi
104,11610,11617,193.80201975492625,193.91886851791372,0.1335414434142472,1,7.488312050798999,0.1001560825606854,right,6,jiaqi
105,11618,11633,193.9355611983405,194.1859514047422,0.2670828868284944,1,3.7441560253995,0.0500780412803427,right,3,jiaqi
106,11634,11807,194.202644085169,197.0904777990021,2.9045263942598765,1,0.3442902092321379,2.2702045380422025,right,136,jiaqi
107,11808,12006,197.10717047942887,200.4123212039315,3.3218434049293992,1,0.3010376703838793,2.654136187858163,right,159,jiaqi
108,12007,12072,200.42901388435828,201.51403811209903,1.1017169081675395,1,0.907674187975636,0.3004682476820562,right,18,jiaqi
109,12073,12162,201.53073079252584,203.0163793505093,1.502341238410281,1,0.6656277378487999,1.4355705167031574,left,86,jiaqi
110,12163,12396,203.0330720309361,206.92246657037603,3.906087219866731,1,0.2560106684033846,3.805931137306046,left,228,jiaqi
111,12397,12493,206.9391592508028,208.5416565717738,1.6191900013977474,1,0.6175927464576494,1.1184095885943204,left,67,jiaqi
112,12494,12543,208.55834925220057,209.37629059311283,0.8346340213390451,1,1.19812992812784,0.1168487629874663,left,7,jiaqi
113,12544,12578,209.3929832735396,209.96053440805017,0.5842438149373315,1,1.7116141830397715,0.2003121651213708,left,12,jiaqi
114,12579,12598,209.97722708847695,210.29438801658577,0.333853608535618,1,2.9953248203195995,0.0500780412803427,left,3,jiaqi
115,12599,12612,210.31108069701256,210.52808554256072,0.2336975259749326,1,4.279035457599428,0.0166926804267809,left,1,jiaqi
116,12613,12645,210.5447782229875,211.07894399664448,0.5508584540837698,1,1.8153483759512723,0.3171609281088371,left,19,jiaqi
117,12646,12717,211.09563667707127,212.2808169873727,1.2018729907282248,1,0.8320346723109999,1.0850242277407585,left,65,jiaqi
118,12718,13094,212.2975096677995,218.5739575082691,6.293140520896399,1,0.1589031734917559,6.159599077482152,left,369,jiaqi
119,13095,13122,218.5906501886959,219.04135256021897,0.4673950519498652,1,2.139517728799714,0.1168487629874663,left,7,jiaqi
120,13123,13174,219.05804524064575,219.9093719424116,0.8680193821926069,1,1.1520480078152306,0.517473093230208,left,31,jiaqi
121,13175,13236,219.92606462283837,220.944318128872,1.034946186460416,1,0.9662338130063224,0.3505462889623989,left,21,jiaqi
122,13237,13312,220.9610108092988,222.21296184130736,1.2686437124353485,1,0.7882433737683157,0.8513267017658259,left,51,jiaqi
123,13313,13475,222.22965452173412,224.93386875087265,2.720906909565287,1,0.3675245178306257,2.003121651213708,left,120,jiaqi
124,13476,13534,224.9505614312994,225.9187368960527,0.9848681451800732,1,1.0153643458710506,0.9347901038997304,right,56,jiaqi
125,13535,13766,225.9354295764795,229.79143875506588,3.8727018590131688,1,0.2582176569241034,3.772545776452484,right,226,jiaqi
126,13767,13844,229.80813143549267,231.0934678283548,1.3020290732889102,1,0.7680320052101538,1.2853363928621293,right,77,jiaqi
127,13845,13856,231.1101605087816,231.29377999347616,0.2003121651213708,1,4.9922080338659995,0.166926804267809,left,10,jiaqi
128,13857,13942,231.31047267390295,232.7293505101793,1.4355705167031574,1,0.696587167516186,1.3187217537156912,left,79,jiaqi
129,13943,13951,232.7460431906061,232.87958463402035,0.1502341238410281,1,6.656277378487999,0.1001560825606854,left,6,jiaqi
130,13952,14025,232.89627731444713,234.11484298560217,1.2352583515817863,1,0.809547248735027,1.001560825606854,left,60,jiaqi
131,14026,14124,234.13153566602892,235.76741834785344,1.652575362251309,1,0.6051161253170909,0.9347901038997304,left,56,jiaqi
132,14125,14212,235.78411102828025,237.23637422541017,1.4689558775567193,1,0.6807556409817271,1.0683315473139776,left,64,jiaqi
133,14213,14285,237.25306690583693,238.45493989656515,1.2185656711550057,1,0.820636937073863,0.5341657736569888,left,32,jiaqi
134,14286,14303,238.4716325769919,238.7554081442472,0.3004682476820562,1,3.3281386892439997,0.2336975259749326,left,14,jiaqi
135,14304,14410,238.772100824674,240.54152494991277,1.7861168056655563,1,0.5598737981905794,1.5524192796906238,left,93,jiaqi
136,14411,14618,240.55821763033956,244.0136024786832,3.4720775287704275,1,0.2880120019538076,3.3385360853561803,left,200,jiaqi
137,14619,14726,244.03029515911,245.8164119647755,1.8028094860923372,1,0.5546897815406666,1.7527314448119946,left,105,jiaqi
138,14727,15099,245.83310464520233,252.04278176396485,6.226369799189276,1,0.1606072289715603,5.942594231934001,left,356,jiaqi
139,15100,15172,252.0594744443916,253.26134743511983,1.2185656711550057,1,0.820636937073863,0.5842438149373315,left,35,jiaqi
140,15173,15234,253.27804011554664,254.29629362158025,1.034946186460416,1,0.9662338130063224,0.2336975259749326,left,14,jiaqi
141,15235,15381,254.31298630200703,256.750117644317,2.4538240227367925,1,0.4075271864380407,2.3870533010296686,left,143,jiaqi
142,15382,15463,256.7668103247438,258.11891743931307,1.3687997949960338,1,0.7305670293462438,0.7177852583515787,right,43,jiaqi
143,15464,15573,258.13561011973985,259.95511228625895,1.836194846945899,1,0.5446045127853818,1.7694241252387757,right,106,jiaqi
144,15574,15727,259.97180496668574,262.52578507198325,2.5706727857242586,1,0.3890032234181298,2.553980105297478,left,153,jiaqi
145,15728,15741,262.54247775241,262.75948259795814,0.2336975259749326,1,4.279035457599428,0.1335414434142472,right,8,jiaqi
146,15742,15786,262.7761752783849,263.5106532171633,0.7511706192051405,1,1.3312554756975998,0.5675511345105506,right,34,jiaqi
147,15787,15811,263.52734589759007,263.9279702278328,0.4173170106695225,1,2.39625985625568,0.2837755672552753,right,17,jiaqi
148,15812,15835,263.9446629082596,264.32859455807557,0.4006243302427416,1,2.496104016933,0.0500780412803427,right,3,jiaqi
149,15836,15839,264.34528723850235,264.3953652797827,0.0667707217071236,1,14.976624101598,0.0333853608535618,right,2,jiaqi
150,15840,16163,264.41205796020944,269.8037937380597,5.408428458277012,1,0.1848965938468888,5.141345571448517,left,308,jiaqi
151,16164,16184,269.8204864184865,270.1543400270221,0.3505462889623989,1,2.8526903050662855,0.0166926804267809,right,1,jiaqi
152,16185,16256,270.1710327074489,271.3562130177503,1.2018729907282248,1,0.8320346723109999,1.151794949447882,right,69,jiaqi
153,16257,16378,271.3729056981771,273.3927200298176,2.0365070120672697,1,0.4910368557900983,1.4689558775567193,right,88,jiaqi
154,16379,16488,273.4094127102444,275.2289148767635,1.836194846945899,1,0.5446045127853818,1.1184095885943204,left,67,jiaqi
155,16489,16516,275.2456075571903,275.69630992871333,0.4673950519498652,1,2.139517728799714,0.2670828868284944,left,16,jiaqi
156,16517,16556,275.7130026091401,276.3640171457846,0.667707217071236,1,1.4976624101597995,0.0166926804267809,left,1,jiaqi
157,16557,16632,276.3807098262114,277.63266085821994,1.2686437124353485,1,0.7882433737683157,0.6176291757908933,left,37,jiaqi
158,16633,16749,277.6493535386467,279.5857044681533,1.9530436099333657,1,0.5120213368067692,1.2519510320085676,left,75,jiaqi
159,16750,16851,279.6023971485801,281.288357871685,1.7026534035316518,1,0.5873185922195293,1.685960723104871,left,101,jiaqi
160,16852,16975,281.3050505521117,283.3582502446058,2.069892372920832,1,0.4831169065031612,1.335414434142472,left,80,jiaqi
161,16976,17083,283.37494292503254,285.1610597306981,1.8028094860923372,1,0.5546897815406666,1.7193460839584327,left,103,jiaqi
162,17084,17210,285.1777524111249,287.2810301448993,2.119970414201174,1,0.4717046961133228,1.7527314448119946,right,105,jiaqi
163,17211,17430,287.2977228253261,290.9534198387911,3.672389693891798,1,0.2723022563926909,3.5889262917578937,left,215,jiaqi
164,17431,17432,290.9701125192179,290.98680519964466,0.0333853608535618,1,29.953248203195997,0.0166926804267809,left,1,jiaqi
165,17433,17451,291.00349788007145,291.3039661277535,0.3171609281088371,1,3.152973495073262,0.2003121651213708,left,12,jiaqi
166,17452,17480,291.32065880818027,291.78805386013016,0.4840877323766461,1,2.0657412553928274,0.2336975259749326,left,14,jiaqi
167,17481,17553,291.80474654055695,293.00661953128514,1.2185656711550057,1,0.820636937073863,0.7344779387783597,left,44,jiaqi
168,17554,17725,293.0233122117119,295.87776056469147,2.8711410334063148,1,0.348293583758093,2.503902064017135,left,150,jiaqi
169,17726,17761,295.89445324511826,296.4786970600556,0.6009364953641124,1,1.6640693446219998,0.3672389693891798,left,22,jiaqi
170,17762,17823,296.4953897404824,297.513643246516,1.034946186460416,1,0.9662338130063224,0.3505462889623989,left,21,jiaqi
171,17824,18001,297.53033592694277,300.484940362483,2.9712971159670003,1,0.3365533505977078,2.4204386618832308,left,145,jiaqi
172,18002,18047,300.50163304290976,301.2528036621149,0.7678632996319215,1,1.302315139269391,0.4673950519498652,left,28,jiaqi
173,18048,18119,301.2694963425417,302.45467665284315,1.2018729907282248,1,0.8320346723109999,1.0850242277407585,left,65,jiaqi
174,18120,18162,302.47136933326993,303.1724619111947,0.7177852583515787,1,1.393174335032372,0.6009364953641124,left,36,jiaqi
175,18163,18189,303.1891545916215,303.6231642827178,0.4507023715230843,1,2.2187591261626665,0.3672389693891798,left,22,jiaqi
176,18190,18433,303.63985696314455,307.69617830685235,4.073014024134539,1,0.2455184278950491,3.4720775287704275,left,208,jiaqi
177,18434,18477,307.71287098727913,308.4306562456307,0.7344779387783597,1,1.3615112819634545,0.3505462889623989,left,21,jiaqi
178,18478,18519,308.4473489260575,309.1317488235555,0.7010925779247978,1,1.4263451525331428,0.4840877323766461,left,29,jiaqi
179,18520,18547,309.14844150398227,309.5991438755054,0.4673950519498652,1,2.139517728799714,0.4340096910963034,left,26,jiaqi
180,18548,18951,309.61583655593216,316.34298676792486,6.743842892419484,1,0.1482834069465148,6.610301449005236,left,396,jiaqi
181,18952,19064,316.35967944835164,318.2292596561511,1.8862728882262416,1,0.5301459858972742,0.9514827843265112,left,57,jiaqi
182,19065,19128,318.2459523365779,319.29759120346506,1.0683315473139776,1,0.9360390063498748,0.333853608535618,left,20,jiaqi
183,19129,19183,319.31428388389185,320.215688626938,0.9180974234729496,1,1.0892090255707636,0.1502341238410281,left,9,jiaqi
184,19184,19364,320.2323813073648,323.23706378418535,3.021375157247343,1,0.3309751182673591,2.0365070120672697,left,122,jiaqi
185,19365,19458,323.25375646461214,324.8061757443028,1.5691119601174046,1,0.6373031532594893,0.8847120626193877,left,53,jiaqi
186,19459,19515,324.82286842472956,325.7576585286293,0.9514827843265112,1,1.050991165024421,0.517473093230208,left,31,jiaqi
187,19516,19557,325.7743512090561,326.4587511065541,0.7010925779247978,1,1.4263451525331428,0.5508584540837698,left,33,jiaqi
188,19558,19602,326.47544378698086,327.2099217257592,0.7511706192051405,1,1.3312554756975998,0.7010925779247978,left,42,jiaqi
189,19603,19742,327.226614406186,329.5468969855085,2.336975259749326,1,0.4279035457599429,2.2702045380422025,left,136,jiaqi
190,19743,19836,329.5635896659353,331.11600894562594,1.5691119601174046,1,0.6373031532594893,1.4856485579835002,left,89,jiaqi
191,19837,19872,331.1327016260527,331.71694544099006,0.6009364953641124,1,1.6640693446219998,0.5842438149373315,left,35,jiaqi
192,19873,19884,331.73363812141685,331.91725760611143,0.2003121651213708,1,4.9922080338659995,0.0667707217071236,left,4,jiaqi
193,19885,20142,331.9339502865382,336.2239691562209,4.306711550109473,1,0.2321957225053953,4.2733261892559105,left,256,jiaqi
194,20143,20647,336.2406618366477,344.65377277174525,8.429803615524355,1,0.1186267255572118,8.062564646135176,left,483,jiaqi
195,20648,20664,344.67046545217204,344.9375483390005,0.2837755672552753,1,3.523911553317176,0.0834634021339045,left,5,jiaqi
196,20665,20695,344.9542410194273,345.45502143223075,0.517473093230208,1,1.9324676260126448,0.166926804267809,left,10,jiaqi
197,20696,20732,345.47171411265754,346.0726506080216,0.6176291757908933,1,1.619094497470054,0.5508584540837698,left,33,jiaqi
198,20733,20878,346.0893432884484,348.5097819503316,2.4371313423100114,1,0.4103184685369315,2.019814331640489,left,121,jiaqi
199,20879,20963,348.5264746307584,349.928659786608,1.4188778362763763,1,0.7047823106634352,0.7678632996319215,left,46,jiaqi
200,20964,21206,349.9453524670348,353.98498113031576,4.056321343707759,1,0.2465287917958518,4.039628663280978,left,242,jiaqi
201,21207,21223,354.00167381074255,354.26875669757106,0.2837755672552753,1,3.523911553317176,0.2003121651213708,left,12,jiaqi
202,21224,21227,354.28544937799785,354.33552741927815,0.0667707217071236,1,14.976624101598,0.0333853608535618,left,2,jiaqi
203,21228,21248,354.35222009970494,354.6860737082406,0.3505462889623989,1,2.8526903050662855,0.0166926804267809,left,1,jiaqi
204,21249,21261,354.7027663886673,354.9030785537887,0.2170048455481517,1,4.608192031260923,0.2003121651213708,left,12,jiaqi
205,21262,21298,354.9197712342155,355.5207077295796,0.6176291757908933,1,1.619094497470054,0.1335414434142472,left,8,jiaqi
206,21299,21305,355.5374004100064,355.63755649256706,0.1168487629874663,1,8.558070915198856,0.0333853608535618,left,2,jiaqi
207,21306,21318,355.65424917299384,355.8545613381152,0.2170048455481517,1,4.608192031260923,0.0333853608535618,left,2,jiaqi
208,21319,21325,355.871254018542,355.9714101011027,0.1168487629874663,1,8.558070915198856,0.0667707217071236,left,4,jiaqi
209,21326,21340,355.9881027815295,356.2218003075044,0.2503902064017135,1,3.9937664270928,0.0333853608535618,left,2,jiaqi
210,21341,21436,356.2384929879312,357.8242976284754,1.6024973209709663,1,0.6240260042332499,0.7511706192051405,left,45,jiaqi
211,21437,21437,357.8409903089022,357.8409903089022,0.0166926804267809,1,59.906496406391994,0.0166926804267809,left,1,jiaqi
0,0,80,0.0,2.536145205683248,2.5678470207542885,1,0.3894312986395336,2.441039760470126,right,77,jiayi
1,81,142,2.5678470207542885,4.501657740087765,1.965512534404517,1,0.5087731482226165,1.902108904262436,right,60,jiayi
2,143,148,4.533359555158806,4.6918686305140085,0.1902108904262436,1,5.257322531633704,0.0634036301420812,right,2,jiayi
3,149,187,4.723570445585049,5.928239418284592,1.2363707877705834,1,0.8088188510205698,0.5706326712787307,left,18,jiayi
4,188,207,5.959941233355632,6.562275719705404,0.634036301420812,1,1.577196759490111,0.4121235959235277,right,13,jiayi
5,208,239,6.593977534776444,7.576733801978703,1.0144580822732991,1,0.9857479746813196,0.317018150710406,right,10,jiayi
6,240,268,7.608435617049744,8.49608643903888,0.9193526370601772,1,1.0877219030966283,0.158509075355203,right,5,jiayi
7,269,280,8.527788254109922,8.876508219891367,0.3804217808524872,1,2.628661265816852,0.3487199657814466,right,11,jiayi
8,281,336,8.908210034962408,10.65180986386964,1.7753016439782736,1,0.563284556960754,1.2363707877705834,right,39,jiayi
9,337,340,10.683511678940684,10.778617124153804,0.1268072602841624,1,7.885983797450556,0.0951054452131218,right,3,jiayi
10,341,342,10.810318939224844,10.842020754295884,0.0634036301420812,1,15.771967594901112,0.0317018150710406,right,1,jiayi
11,343,350,10.873722569366926,11.09563527486421,0.2536145205683248,1,3.942991898725278,0.0317018150710406,right,1,jiayi
12,351,387,11.12733708993525,12.268602432492711,1.172967157628502,1,0.8525387889135736,1.1095635274864208,left,35,jiayi
13,388,414,12.300304247563751,13.124551439410808,0.8559490069180962,1,1.1682938959186009,0.6657381164918525,left,21,jiayi
14,415,466,13.156253254481848,14.77304582310492,1.648494383694111,1,0.6066141382654274,1.6167925686230706,left,51,jiayi
15,467,500,14.80474763817596,15.8509075355203,1.0778617124153804,1,0.9277627997000654,0.634036301420812,right,20,jiayi
16,501,503,15.88260935059134,15.94601298073342,0.0951054452131218,1,10.514645063267409,0.0317018150710406,right,1,jiayi
17,504,522,15.97771479580446,16.548347467083193,0.6023344863497714,1,1.6602071152527489,0.5706326712787307,right,18,jiayi
18,523,556,16.58004928215423,17.626209179498574,1.0778617124153804,1,0.9277627997000654,0.8876508219891368,left,28,jiayi
19,557,563,17.65791099456961,17.84812188499586,0.2219127054972842,1,4.506276455686032,0.0951054452131218,right,3,jiayi
20,564,569,17.879823700066897,18.038332775422106,0.1902108904262436,1,5.257322531633704,0.1268072602841624,right,4,jiayi
21,570,600,18.07003459049314,19.02108904262436,0.9827562672022584,1,1.017546296445233,0.2536145205683248,right,8,jiayi
22,601,622,19.0527908576954,19.71852897418725,0.6974399315628932,1,1.433815235900101,0.6657381164918525,right,21,jiayi
23,623,832,19.750230789258293,26.375910139105777,6.657381164918526,1,0.1502092151895344,6.34036301420812,right,200,jiayi
24,833,842,26.40761195417682,26.692928289816184,0.317018150710406,1,3.154393518980222,0.0634036301420812,right,2,jiayi
25,843,879,26.724630104887225,27.86589544744469,1.172967157628502,1,0.8525387889135736,1.1412653425574617,right,36,jiayi
26,880,881,27.897597262515728,27.92929907758677,0.0634036301420812,1,15.771967594901112,0.0317018150710406,left,1,jiayi
27,882,918,27.961000892657808,29.102266235215268,1.172967157628502,1,0.8525387889135736,0.8876508219891368,right,28,jiayi
28,919,929,29.13396805028631,29.450986200996716,0.3487199657814466,1,2.867630471800202,0.317018150710406,right,10,jiayi
29,930,980,29.48268801606776,31.067778769619785,1.6167925686230706,1,0.6185085331333768,1.58509075355203,left,50,jiayi
30,981,983,31.099480584690827,31.162884214832907,0.0951054452131218,1,10.514645063267409,0.0634036301420812,left,2,jiayi
31,984,1035,31.19458602990395,32.81137859852702,1.648494383694111,1,0.6066141382654274,1.2046689726995428,right,38,jiayi
32,1036,1044,32.84308041359806,33.096694934166386,0.2853163356393653,1,3.5048816877558027,0.0951054452131218,right,3,jiayi
33,1045,1122,33.128396749237425,35.56943650970755,2.472741575541167,1,0.4044094255102849,2.2508288700438825,left,71,jiayi
34,1123,1142,35.60113832477859,36.20347281112837,0.634036301420812,1,1.577196759490111,0.2853163356393653,right,9,jiayi
35,1143,1151,36.2351746261994,36.48878914676773,0.2853163356393653,1,3.5048816877558027,0.2536145205683248,right,8,jiayi
36,1152,1164,36.52049096183877,36.900912742691254,0.4121235959235277,1,2.4264565530617097,0.2219127054972842,left,7,jiayi
37,1165,1173,36.9326145577623,37.18622907833062,0.2853163356393653,1,3.5048816877558027,0.158509075355203,left,5,jiayi
38,1174,1196,37.217930893401665,37.915370824964555,0.7291417466339337,1,1.3714754430348794,0.5706326712787307,left,18,jiayi
39,1197,1207,37.9470726400356,38.264090790746,0.3487199657814466,1,2.867630471800202,0.0951054452131218,left,3,jiayi
40,1208,1232,38.29579260581704,39.056636167522015,0.792545376776015,1,1.2617574075920888,0.5389308562076902,left,17,jiayi
41,1233,1250,39.08833798259306,39.627268838800745,0.5706326712787307,1,1.752440843877901,0.2853163356393653,left,9,jiayi
42,1251,1264,39.65897065387179,40.071094249795316,0.4438254109945684,1,2.253138227843016,0.0634036301420812,right,2,jiayi
43,1265,1381,40.102796064866354,43.78020661310707,3.70911236331175,1,0.2696062836735232,3.67741054824071,right,116,jiayi
44,1382,1420,43.81190842817811,45.01657740087765,1.2363707877705834,1,0.8088188510205698,1.172967157628502,right,37,jiayi
45,1421,1475,45.04827921594869,46.76017722978488,1.743599828907233,1,0.5735260943600404,1.0144580822732991,right,32,jiayi
46,1476,1481,46.791879044855925,46.95038812021112,0.1902108904262436,1,5.257322531633704,0.0951054452131218,right,3,jiayi
47,1482,1488,46.98208993528217,47.17230082570841,0.2219127054972842,1,4.506276455686032,0.0634036301420812,right,2,jiayi
48,1489,1491,47.20400264077945,47.26740627092153,0.0951054452131218,1,10.514645063267409,0.0317018150710406,left,1,jiayi
49,1492,1542,47.29910808599257,48.8841988395446,1.6167925686230706,1,0.6185085331333768,1.3948798631257864,right,44,jiayi
50,1543,1553,48.91590065461564,49.23291880532605,0.3487199657814466,1,2.867630471800202,0.2853163356393653,right,9,jiayi
51,1554,1557,49.26462062039709,49.35972606561021,0.1268072602841624,1,7.885983797450556,0.0317018150710406,right,1,jiayi
52,1558,1573,49.39142788068125,49.866955106746865,0.5072290411366496,1,1.971495949362639,0.1902108904262436,right,6,jiayi
53,1574,1598,49.8986569218179,50.65950048352288,0.792545376776015,1,1.2617574075920888,0.1902108904262436,right,6,jiayi
54,1599,1628,50.691202298593915,51.61055493565409,0.951054452131218,1,1.0514645063267407,0.7291417466339337,right,23,jiayi
55,1629,1656,51.64225675072513,52.498205757643234,0.8876508219891368,1,1.126569113921508,0.8559490069180962,left,27,jiayi
56,1657,1669,52.52990757271427,52.91032935356676,0.4121235959235277,1,2.4264565530617097,0.0317018150710406,left,1,jiayi
57,1670,1758,52.9420311686378,55.73179089488937,2.821461541322613,1,0.3544262380876654,2.441039760470126,left,77,jiayi
58,1759,1776,55.76349270996041,56.3024235661681,0.5706326712787307,1,1.752440843877901,0.4121235959235277,left,13,jiayi
59,1777,1788,56.33412538123915,56.68284534702059,0.3804217808524872,1,2.628661265816852,0.317018150710406,left,10,jiayi
60,1789,1808,56.714547162091634,57.3168816484414,0.634036301420812,1,1.577196759490111,0.317018150710406,right,10,jiayi
61,1809,1818,57.34858346351244,57.633899799151806,0.317018150710406,1,3.154393518980222,0.2853163356393653,right,9,jiayi
62,1819,1870,57.66560161422285,59.28239418284592,1.648494383694111,1,0.6066141382654274,1.5216871234099487,right,48,jiayi
63,1871,1888,59.31409599791696,59.85302685412465,0.5706326712787307,1,1.752440843877901,0.0951054452131218,right,3,jiayi
64,1889,1892,59.88472866919569,59.97983411440881,0.1268072602841624,1,7.885983797450556,0.0951054452131218,right,3,jiayi
65,1893,1905,60.011535929479855,60.39195771033234,0.4121235959235277,1,2.4264565530617097,0.2853163356393653,right,9,jiayi
66,1906,1921,60.42365952540338,60.89918675146899,0.5072290411366496,1,1.971495949362639,0.0634036301420812,right,2,jiayi
67,1922,1943,60.930888566540034,61.596626683031886,0.6974399315628932,1,1.433815235900101,0.0317018150710406,right,1,jiayi
68,1944,2016,61.62832849810293,63.910859183217845,2.314232500185964,1,0.4321087012301674,1.6167925686230706,right,51,jiayi
69,2017,2022,63.94256099828889,64.1010700736441,0.1902108904262436,1,5.257322531633704,0.0317018150710406,right,1,jiayi
70,2023,2024,64.13277188871513,64.16447370378617,0.0634036301420812,1,15.771967594901112,0.0317018150710406,right,1,jiayi
71,2025,2033,64.19617551885722,64.44979003942554,0.2853163356393653,1,3.5048816877558027,0.1268072602841624,right,4,jiayi
72,2034,2084,64.48149185449658,66.0665826080486,1.6167925686230706,1,0.6185085331333768,1.5216871234099487,left,48,jiayi
73,2085,2096,66.09828442311965,66.44700438890109,0.3804217808524872,1,2.628661265816852,0.2853163356393653,right,9,jiayi
74,2097,2122,66.47870620397214,67.27125158074816,0.8242471918470555,1,1.2132282765308549,0.7291417466339337,right,23,jiayi
75,2123,2137,67.30295339581919,67.74677880681377,0.475527226065609,1,2.1029290126534814,0.0634036301420812,right,2,jiayi
76,2138,2153,67.7784806218848,68.2540078479504,0.5072290411366496,1,1.971495949362639,0.317018150710406,right,10,jiayi
77,2154,2181,68.28570966302145,69.14165866993955,0.8876508219891368,1,1.126569113921508,0.3804217808524872,right,12,jiayi
78,2182,2191,69.17336048501059,69.45867682064996,0.317018150710406,1,3.154393518980222,0.0951054452131218,right,3,jiayi
79,2192,2240,69.49037863572099,71.01206575913093,1.5533889384809894,1,0.6437537793837188,1.331476232983705,left,42,jiayi
80,2241,2252,71.04376757420198,71.39248753998343,0.3804217808524872,1,2.628661265816852,0.0317018150710406,left,1,jiayi
81,2253,2265,71.42418935505447,71.80461113590695,0.4121235959235277,1,2.4264565530617097,0.317018150710406,left,10,jiayi
82,2266,2278,71.836312950978,72.21673473183048,0.4121235959235277,1,2.4264565530617097,0.3804217808524872,left,12,jiayi
83,2279,2302,72.24843654690153,72.97757829353546,0.7608435617049744,1,1.314330632908426,0.2853163356393653,left,9,jiayi
84,2303,2321,73.0092801086065,73.57991277988523,0.6023344863497714,1,1.6602071152527489,0.2536145205683248,left,8,jiayi
85,2322,2328,73.61161459495627,73.80182548538251,0.2219127054972842,1,4.506276455686032,0.0634036301420812,left,2,jiayi
86,2329,2335,73.83352730045355,74.0237381908798,0.2219127054972842,1,4.506276455686032,0.0317018150710406,left,1,jiayi
87,2336,2357,74.05544000595084,74.7211781224427,0.6974399315628932,1,1.433815235900101,0.4121235959235277,left,13,jiayi
88,2358,2365,74.75287993751373,74.97479264301101,0.2536145205683248,1,3.942991898725278,0.158509075355203,left,5,jiayi
89,2366,2367,75.00649445808206,75.03819627315309,0.0634036301420812,1,15.771967594901112,0.0317018150710406,left,1,jiayi
90,2368,2393,75.06989808822414,75.86244346500015,0.8242471918470555,1,1.2132282765308549,0.0951054452131218,left,3,jiayi
91,2394,2416,75.8941452800712,76.59158521163408,0.7291417466339337,1,1.3714754430348794,0.317018150710406,left,10,jiayi
92,2417,2425,76.62328702670513,76.87690154727345,0.2853163356393653,1,3.5048816877558027,0.1902108904262436,left,6,jiayi
93,2426,2442,76.9086033623445,77.41583240348115,0.5389308562076902,1,1.8555255994001307,0.2853163356393653,right,9,jiayi
94,2443,2522,77.44753421855218,79.95197760916439,2.536145205683248,1,0.3942991898725277,2.4093379453990855,right,76,jiayi
95,2523,2568,79.98367942423543,81.41026110243226,1.4582834932678674,1,0.6857377215174397,0.8559490069180962,left,27,jiayi
96,2569,2591,81.4419629175033,82.13940284906619,0.7291417466339337,1,1.3714754430348794,0.6023344863497714,left,19,jiayi
97,2592,2623,82.17110466413723,83.1538609313395,1.0144580822732991,1,0.9857479746813196,0.2536145205683248,right,8,jiayi
98,2624,2690,83.18556274641053,85.27788254109922,2.12402160975972,1,0.470805002832869,2.0289161645465983,right,64,jiayi
99,2691,2714,85.30958435617025,86.03872610280419,0.7608435617049744,1,1.314330632908426,0.5389308562076902,right,17,jiayi
100,2715,2729,86.07042791787522,86.5142533288698,0.475527226065609,1,2.1029290126534814,0.1902108904262436,left,6,jiayi
101,2730,2739,86.54595514394083,86.8312714795802,0.317018150710406,1,3.154393518980222,0.2536145205683248,left,8,jiayi
102,2740,2753,86.86297329465124,87.27509689057477,0.4438254109945684,1,2.253138227843016,0.3804217808524872,left,12,jiayi
103,2754,2770,87.3067987056458,87.81402774678246,0.5389308562076902,1,1.8555255994001307,0.2536145205683248,left,8,jiayi
104,2771,2782,87.8457295618535,88.19444952763494,0.3804217808524872,1,2.628661265816852,0.2219127054972842,left,7,jiayi
105,2783,2819,88.22615134270599,89.36741668526345,1.172967157628502,1,0.8525387889135736,1.1095635274864208,right,35,jiayi
106,2820,2821,89.39911850033448,89.43082031540553,0.0634036301420812,1,15.771967594901112,0.0317018150710406,right,1,jiayi
107,2822,2823,89.46252213047657,89.4942239455476,0.0634036301420812,1,15.771967594901112,0.0317018150710406,right,1,jiayi
108,2824,2878,89.52592576061865,91.23782377445484,1.743599828907233,1,0.5735260943600404,1.6167925686230706,left,51,jiayi
109,2879,2883,91.26952558952588,91.39633284981004,0.158509075355203,1,6.308787037960444,0.0951054452131218,left,3,jiayi
110,2884,2916,91.42803466488108,92.4424927471544,1.0461598973443398,1,0.9558768239334008,0.4438254109945684,right,14,jiayi
111,2917,2977,92.47419456222542,94.37630346648788,1.9338107193334768,1,0.517113691636102,1.426581678196827,left,45,jiayi
112,2978,3007,94.4080052815589,95.32735791861909,0.951054452131218,1,1.0514645063267407,0.2219127054972842,left,7,jiayi
113,3008,3024,95.35905973369012,95.86628877482676,0.5389308562076902,1,1.8555255994001307,0.5072290411366496,left,16,jiayi
114,3025,3026,95.89799058989782,95.92969240496885,0.0634036301420812,1,15.771967594901112,0.0317018150710406,left,1,jiayi
115,3027,3036,95.96139422003988,96.24671055567926,0.317018150710406,1,3.154393518980222,0.0634036301420812,left,2,jiayi
116,3037,3061,96.2784123707503,97.03925593245528,0.792545376776015,1,1.2617574075920888,0.6023344863497714,left,19,jiayi
117,3062,3097,97.07095774752632,98.18052127501274,1.1412653425574617,1,0.8762204219389507,0.792545376776015,left,25,jiayi
118,3098,3122,98.21222309008375,98.97306665178876,0.792545376776015,1,1.2617574075920888,0.7291417466339337,right,23,jiayi
119,3123,3131,99.0047684668598,99.25838298742812,0.2853163356393653,1,3.5048816877558027,0.2219127054972842,right,7,jiayi
120,3132,3197,99.29008480249917,101.3507027821168,2.0923197946886796,1,0.4779384119667003,0.8876508219891368,right,28,jiayi
121,3198,3217,101.38240459718784,101.9847390835376,0.634036301420812,1,1.577196759490111,0.1268072602841624,right,4,jiayi
122,3218,3227,102.01644089860864,102.30175723424802,0.317018150710406,1,3.154393518980222,0.2219127054972842,right,7,jiayi
123,3228,3248,102.33345904931905,102.96749535073988,0.6657381164918525,1,1.502092151895344,0.0317018150710406,right,1,jiayi
124,3249,3342,102.9991971658109,105.94746596741768,2.979970616677816,1,0.3355737786149173,2.9482688016067757,right,93,jiayi
125,3343,3386,105.97916778248872,107.34234583054348,1.3948798631257864,1,0.7169076179500505,1.268072602841624,left,40,jiayi
126,3387,3395,107.37404764561452,107.62766216618284,0.2853163356393653,1,3.5048816877558027,0.0951054452131218,left,3,jiayi
127,3396,3417,107.65936398125388,108.32510209774571,0.6974399315628932,1,1.433815235900101,0.634036301420812,left,20,jiayi
128,3418,3437,108.35680391281676,108.95913839916652,0.634036301420812,1,1.577196759490111,0.6023344863497714,left,19,jiayi
129,3438,3537,108.99084021423758,112.1293199062706,3.17018150710406,1,0.3154393518980222,2.441039760470126,left,77,jiayi
130,3538,3553,112.16102172134164,112.63654894740723,0.5072290411366496,1,1.971495949362639,0.2853163356393653,left,9,jiayi
131,3554,3574,112.6682507624783,113.3022870638991,0.6657381164918525,1,1.502092151895344,0.634036301420812,left,20,jiayi
132,3575,3581,113.33398887897016,113.5241997693964,0.2219127054972842,1,4.506276455686032,0.1268072602841624,left,4,jiayi
133,3582,3591,113.55590158446742,113.8412179201068,0.317018150710406,1,3.154393518980222,0.0317018150710406,left,1,jiayi
134,3592,3594,113.87291973517785,113.93632336531992,0.0951054452131218,1,10.514645063267409,0.0317018150710406,left,1,jiayi
135,3595,3599,113.96802518039097,114.09483244067512,0.158509075355203,1,6.308787037960444,0.0951054452131218,left,3,jiayi
136,3600,3614,114.12653425574617,114.57035966674071,0.475527226065609,1,2.1029290126534814,0.317018150710406,right,10,jiayi
137,3615,3645,114.60206148181176,115.55311593394298,0.9827562672022584,1,1.017546296445233,0.3487199657814466,right,11,jiayi
138,3646,3668,115.58481774901402,116.28225768057692,0.7291417466339337,1,1.3714754430348794,0.0951054452131218,right,3,jiayi
139,3669,3850,116.31395949564796,122.05198802350633,5.769730342929389,1,0.1733183252186935,5.611221267574186,right,177,jiayi
140,3851,3852,122.08368983857734,122.1153916536484,0.0634036301420812,1,15.771967594901112,0.0317018150710406,right,1,jiayi
141,3853,3869,122.14709346871943,122.65432250985609,0.5389308562076902,1,1.8555255994001307,0.2536145205683248,right,8,jiayi
142,3870,3896,122.68602432492712,123.51027151677415,0.8559490069180962,1,1.1682938959186009,0.1902108904262436,right,6,jiayi
143,3897,3935,123.5419733318452,124.74664230454476,1.2363707877705834,1,0.8088188510205698,1.172967157628502,right,37,jiayi
144,3936,3952,124.7783441196158,125.28557316075243,0.5389308562076902,1,1.8555255994001307,0.4121235959235277,right,13,jiayi
145,3953,3978,125.31727497582348,126.1098203525995,0.8242471918470555,1,1.2132282765308549,0.0634036301420812,right,2,jiayi
146,3979,4024,126.14152216767054,127.56810384586736,1.4582834932678674,1,0.6857377215174397,1.3631780480547455,right,43,jiayi
147,4025,4039,127.59980566093842,128.04363107193296,0.475527226065609,1,2.1029290126534814,0.2536145205683248,right,8,jiayi
148,4040,4083,128.075332887004,129.43851093505876,1.3948798631257864,1,0.7169076179500505,0.6974399315628932,right,22,jiayi
149,4084,4163,129.4702127501298,131.974656140742,2.536145205683248,1,0.3942991898725277,2.314232500185964,right,73,jiayi
150,4164,4210,132.00635795581306,133.46464144908091,1.489985308338908,1,0.6711475572298345,1.0778617124153804,right,34,jiayi
151,4211,4240,133.49634326415196,134.41569590121213,0.951054452131218,1,1.0514645063267407,0.2219127054972842,right,7,jiayi
152,4241,4296,134.44739771628318,136.1909975451904,1.7753016439782736,1,0.563284556960754,1.0778617124153804,left,34,jiayi
153,4297,4387,136.22269936026146,139.0758627166551,2.8848651714646945,1,0.346636650437387,2.7263560961094915,left,86,jiayi
154,4388,4392,139.10756453172615,139.2343717920103,0.158509075355203,1,6.308787037960444,0.0951054452131218,left,3,jiayi
155,4393,4401,139.26607360708135,139.5196881276497,0.2853163356393653,1,3.5048816877558027,0.1268072602841624,left,4,jiayi
156,4402,4416,139.5513899427207,139.99521535371528,0.475527226065609,1,2.1029290126534814,0.2536145205683248,left,8,jiayi
157,4417,4423,140.02691716878633,140.21712805921257,0.2219127054972842,1,4.506276455686032,0.1268072602841624,left,4,jiayi
158,4424,4429,140.24882987428362,140.4073389496388,0.1902108904262436,1,5.257322531633704,0.0317018150710406,left,1,jiayi
159,4430,4489,140.43904076470986,142.30944785390125,1.902108904262436,1,0.5257322531633704,1.870407089191395,right,59,jiayi
160,4490,4495,142.3411496689723,142.4996587443275,0.1902108904262436,1,5.257322531633704,0.0634036301420812,left,2,jiayi
161,4496,4508,142.53136055939854,142.91178234025102,0.4121235959235277,1,2.4264565530617097,0.2853163356393653,left,9,jiayi
162,4509,4536,142.94348415532207,143.79943316224015,0.8876508219891368,1,1.126569113921508,0.158509075355203,right,5,jiayi
163,4537,4576,143.8311349773112,145.0675057650818,1.268072602841624,1,0.7885983797450555,0.6657381164918525,right,21,jiayi
164,4577,4585,145.0992075801528,145.35282210072114,0.2853163356393653,1,3.5048816877558027,0.0317018150710406,right,1,jiayi
165,4586,4590,145.3845239157922,145.51133117607634,0.158509075355203,1,6.308787037960444,0.1268072602841624,right,4,jiayi
166,4591,4618,145.54303299114738,146.3989819980655,0.8876508219891368,1,1.126569113921508,0.2219127054972842,right,7,jiayi
167,4619,4656,146.4306838131365,147.60365097076502,1.2046689726995428,1,0.8301035576263743,0.8242471918470555,right,26,jiayi
168,4657,4675,147.63535278583606,148.2059854571148,0.6023344863497714,1,1.6602071152527489,0.0951054452131218,right,3,jiayi
169,4676,4686,148.23768727218584,148.55470542289623,0.3487199657814466,1,2.867630471800202,0.2853163356393653,right,9,jiayi
170,4687,4696,148.58640723796728,148.87172357360666,0.317018150710406,1,3.154393518980222,0.0317018150710406,right,1,jiayi
171,4697,4704,148.9034253886777,149.12533809417496,0.2536145205683248,1,3.942991898725278,0.1902108904262436,right,6,jiayi
172,4705,4732,149.157039909246,150.01298891616412,0.8876508219891368,1,1.126569113921508,0.8559490069180962,left,27,jiayi
173,4733,4743,150.04469073123516,150.36170888194556,0.3487199657814466,1,2.867630471800202,0.2853163356393653,right,9,jiayi
174,4744,4748,150.3934106970166,150.52021795730076,0.158509075355203,1,6.308787037960444,0.0951054452131218,right,3,jiayi
175,4749,4757,150.5519197723718,150.80553429294014,0.2853163356393653,1,3.5048816877558027,0.2536145205683248,right,8,jiayi
176,4758,4794,150.83723610801115,151.97850145056864,1.172967157628502,1,0.8525387889135736,1.1095635274864208,right,35,jiayi
177,4795,4797,152.01020326563966,152.07360689578175,0.0951054452131218,1,10.514645063267409,0.0317018150710406,right,1,jiayi
178,4798,4815,152.1053087108528,152.64423956706048,0.5706326712787307,1,1.752440843877901,0.5389308562076902,right,17,jiayi
179,4816,4822,152.67594138213153,152.86615227255777,0.2219127054972842,1,4.506276455686032,0.158509075355203,right,5,jiayi
180,4823,4837,152.89785408762882,153.34167949862336,0.475527226065609,1,2.1029290126534814,0.4438254109945684,right,14,jiayi
181,4838,4884,153.3733813136944,154.8316648069623,1.489985308338908,1,0.6711475572298345,1.4582834932678674,left,46,jiayi
182,4885,4892,154.8633666220333,155.0852793275306,0.2536145205683248,1,3.942991898725278,0.1902108904262436,left,6,jiayi
183,4893,4898,155.11698114260165,155.27549021795684,0.1902108904262436,1,5.257322531633704,0.158509075355203,left,5,jiayi
184,4899,4934,155.3071920330279,156.4167555605143,1.1412653425574617,1,0.8762204219389507,0.4438254109945684,right,14,jiayi
185,4935,5117,156.44845737558535,162.21818771851474,5.80143215800043,1,0.1723712305453673,5.484414007290024,right,173,jiayi
186,5118,5140,162.2498895335858,162.94732946514867,0.7291417466339337,1,1.3714754430348794,0.1902108904262436,right,6,jiayi
187,5141,5146,162.97903128021971,163.1375403555749,0.1902108904262436,1,5.257322531633704,0.0634036301420812,right,2,jiayi
188,5147,5171,163.16924217064596,163.93008573235093,0.792545376776015,1,1.2617574075920888,0.7608435617049744,right,24,jiayi
189,5172,5185,163.96178754742198,164.3739111433455,0.4438254109945684,1,2.253138227843016,0.1902108904262436,right,6,jiayi
190,5186,5202,164.40561295841655,164.9128419995532,0.5389308562076902,1,1.8555255994001307,0.4121235959235277,right,13,jiayi
191,5203,5220,164.94454381462424,165.48347467083192,0.5706326712787307,1,1.752440843877901,0.5072290411366496,left,16,jiayi
192,5221,5237,165.51517648590297,166.0224055270396,0.5389308562076902,1,1.8555255994001307,0.475527226065609,left,15,jiayi
193,5238,5255,166.05410734211063,166.59303819831834,0.5706326712787307,1,1.752440843877901,0.5389308562076902,left,17,jiayi
194,5256,5257,166.62474001338938,166.65644182846043,0.0634036301420812,1,15.771967594901112,0.0317018150710406,left,1,jiayi
195,5258,5308,166.68814364353148,168.27323439708348,1.6167925686230706,1,0.6185085331333768,1.58509075355203,left,50,jiayi
196,5309,5312,168.30493621215453,168.40004165736767,0.1268072602841624,1,7.885983797450556,0.0951054452131218,right,3,jiayi
197,5313,5316,168.4317434724387,168.52684891765182,0.1268072602841624,1,7.885983797450556,0.0317018150710406,right,1,jiayi
198,5317,5344,168.55855073272286,169.41449973964097,0.8876508219891368,1,1.126569113921508,0.8559490069180962,right,27,jiayi
199,5345,5402,169.446201554712,171.25320501376132,1.838705274120355,1,0.5438609515483142,1.7753016439782736,right,56,jiayi
200,5403,5406,171.28490682883236,171.38001227404547,0.1268072602841624,1,7.885983797450556,0.0634036301420812,right,2,jiayi
201,5407,5446,171.41171408911651,172.6480848768871,1.268072602841624,1,0.7885983797450555,1.2046689726995428,right,38,jiayi
202,5447,5450,172.67978669195813,172.77489213717126,0.1268072602841624,1,7.885983797450556,0.0317018150710406,left,1,jiayi
203,5451,5470,172.8065939522423,173.40892843859208,0.634036301420812,1,1.577196759490111,0.5706326712787307,right,18,jiayi
204,5471,5523,173.4406302536631,175.08912463735723,1.6801961987651517,1,0.5951685884868344,1.648494383694111,right,52,jiayi
205,5524,5532,175.12082645242828,175.37444097299658,0.2853163356393653,1,3.5048816877558027,0.158509075355203,right,5,jiayi
206,5533,5559,175.40614278806763,176.2303899799147,0.8559490069180962,1,1.1682938959186009,0.1268072602841624,right,4,jiayi
207,5560,5577,176.26209179498574,176.80102265119342,0.5706326712787307,1,1.752440843877901,0.4121235959235277,right,13,jiayi
208,5578,5620,176.83272446626447,178.16420069924817,1.3631780480547455,1,0.7335798881349355,1.2363707877705834,right,39,jiayi
209,5621,5625,178.19590251431922,178.32270977460337,0.158509075355203,1,6.308787037960444,0.1268072602841624,right,4,jiayi
210,5626,5632,178.3544115896744,178.54462248010066,0.2219127054972842,1,4.506276455686032,0.0317018150710406,left,1,jiayi
211,5633,5687,178.5763242951717,180.2882223090079,1.743599828907233,1,0.5735260943600404,1.489985308338908,left,47,jiayi
212,5688,5717,180.31992412407897,181.2392767611391,0.951054452131218,1,1.0514645063267407,0.634036301420812,left,20,jiayi
213,5718,5762,181.27097857621015,182.66585843933592,1.426581678196827,1,0.7009763375511605,1.0778617124153804,right,34,jiayi
214,5763,5787,182.69756025440697,183.4584038161119,0.792545376776015,1,1.2617574075920888,0.2536145205683248,right,8,jiayi
215,5788,5839,183.49010563118296,185.10689819980607,1.648494383694111,1,0.6066141382654274,1.58509075355203,right,50,jiayi
216,5840,5940,185.13860001487708,188.30878152198116,3.2018833221751004,1,0.3123161899980418,3.138479692033019,right,99,jiayi
217,5941,5991,188.3404833370522,189.9255740906042,1.6167925686230706,1,0.6185085331333768,1.489985308338908,left,47,jiayi
218,5992,6016,189.9572759056753,190.71811946738023,0.792545376776015,1,1.2617574075920888,0.2219127054972842,left,7,jiayi
219,6017,6049,190.74982128245128,191.7642793647246,1.0461598973443398,1,0.9558768239334008,0.4438254109945684,left,14,jiayi
220,6050,6066,191.79598117979563,192.30321022093227,0.5389308562076902,1,1.8555255994001307,0.5072290411366496,right,16,jiayi
221,6067,6079,192.33491203600332,192.7153338168558,0.4121235959235277,1,2.4264565530617097,0.3487199657814466,right,11,jiayi
222,6080,6112,192.74703563192685,193.76149371420013,1.0461598973443398,1,0.9558768239334008,1.0144580822732991,right,32,jiayi
223,6113,6134,193.79319552927117,194.45893364576304,0.6974399315628932,1,1.433815235900101,0.6657381164918525,right,21,jiayi
224,6135,6144,194.49063546083408,194.77595179647344,0.317018150710406,1,3.154393518980222,0.2853163356393653,right,9,jiayi
225,6145,6154,194.80765361154448,195.09296994718383,0.317018150710406,1,3.154393518980222,0.158509075355203,right,5,jiayi
226,6155,6172,195.12467176225488,195.66360261846256,0.5706326712787307,1,1.752440843877901,0.475527226065609,right,15,jiayi
227,6173,6183,195.6953044335336,196.01232258424403,0.3487199657814466,1,2.867630471800202,0.2853163356393653,right,9,jiayi
228,6184,6188,196.04402439931505,196.17083165959923,0.158509075355203,1,6.308787037960444,0.0951054452131218,right,3,jiayi
229,6189,6202,196.20253347467028,196.61465707059375,0.4438254109945684,1,2.253138227843016,0.2853163356393653,right,9,jiayi
230,6203,6238,196.6463588856648,197.75592241315127,1.1412653425574617,1,0.8762204219389507,0.5706326712787307,left,18,jiayi
231,6239,6311,197.78762422822228,200.0701549133372,2.314232500185964,1,0.4321087012301674,1.9972143494755576,right,63,jiayi
232,6312,6338,200.10185672840825,200.92610392025531,0.8559490069180962,1,1.1682938959186009,0.158509075355203,left,5,jiayi
233,6339,6365,200.95780573532636,201.7820529271734,0.8559490069180962,1,1.1682938959186009,0.6023344863497714,right,19,jiayi
234,6366,6411,201.81375474224444,203.24033642044128,1.4582834932678674,1,0.6857377215174397,1.0778617124153804,right,34,jiayi
235,6412,6447,203.27203823551233,204.3816017629987,1.1412653425574617,1,0.8762204219389507,0.4121235959235277,right,13,jiayi
236,6448,6459,204.4133035780698,204.76202354385123,0.3804217808524872,1,2.628661265816852,0.0634036301420812,right,2,jiayi
237,6460,6485,204.79372535892227,205.5862707356983,0.8242471918470555,1,1.2132282765308549,0.6974399315628932,right,22,jiayi
238,6486,6523,205.6179725507693,206.7909397083978,1.2046689726995428,1,0.8301035576263743,0.1902108904262436,right,6,jiayi
239,6524,6625,206.8226415234689,210.02452484564395,3.2335851372461413,1,0.3092542665666884,3.011672431748857,right,95,jiayi
240,6626,6639,210.056226660715,210.46835025663853,0.4438254109945684,1,2.253138227843016,0.1268072602841624,right,4,jiayi
241,6640,6669,210.5000520717096,211.41940470876975,0.951054452131218,1,1.0514645063267407,0.5389308562076902,right,17,jiayi
242,6670,6682,211.4511065238408,211.83152830469328,0.4121235959235277,1,2.4264565530617097,0.158509075355203,right,5,jiayi
243,6683,6685,211.86323011976432,211.9266337499064,0.0951054452131218,1,10.514645063267409,0.0634036301420812,right,2,jiayi
244,6686,6694,211.95833556497743,212.21195008554577,0.2853163356393653,1,3.5048816877558027,0.2536145205683248,right,8,jiayi
245,6695,6722,212.2436519006168,213.0996009075349,0.8876508219891368,1,1.126569113921508,0.6023344863497714,right,19,jiayi
246,6723,6747,213.1313027226059,213.8921462843109,0.792545376776015,1,1.2617574075920888,0.0317018150710406,right,1,jiayi
247,6748,6807,213.92384809938196,215.79425518857337,1.902108904262436,1,0.5257322531633704,0.792545376776015,right,25,jiayi
248,6808,6826,215.8259570036444,216.39658967492312,0.6023344863497714,1,1.6602071152527489,0.4438254109945684,right,14,jiayi
249,6827,6843,216.42829148999417,216.9355205311308,0.5389308562076902,1,1.8555255994001307,0.317018150710406,right,10,jiayi
250,6844,6875,216.96722234620185,217.9499786134041,1.0144580822732991,1,0.9857479746813196,0.4438254109945684,right,14,jiayi
251,6876,6889,217.98168042847516,218.3938040243987,0.4438254109945684,1,2.253138227843016,0.3487199657814466,right,11,jiayi
252,6890,6893,218.42550583946976,218.52061128468284,0.1268072602841624,1,7.885983797450556,0.0634036301420812,left,2,jiayi
253,6894,6899,218.5523130997539,218.7108221751091,0.1902108904262436,1,5.257322531633704,0.0317018150710406,left,1,jiayi
254,6900,6905,218.74252399018013,218.90103306553533,0.1902108904262436,1,5.257322531633704,0.0317018150710406,left,1,jiayi
255,6906,6908,218.9327348806064,218.99613851074847,0.0951054452131218,1,10.514645063267409,0.0634036301420812,left,2,jiayi
256,6909,6919,219.02784032581948,219.3448584765299,0.3487199657814466,1,2.867630471800202,0.0317018150710406,left,1,jiayi
257,6920,6940,219.37656029160095,220.01059659302177,0.6657381164918525,1,1.502092151895344,0.4438254109945684,right,14,jiayi
258,6941,6956,220.0422984080928,220.5178256341584,0.5072290411366496,1,1.971495949362639,0.1902108904262436,right,6,jiayi
259,6957,6966,220.54952744922943,220.8348437848688,0.317018150710406,1,3.154393518980222,0.0317018150710406,right,1,jiayi
260,6967,6994,220.86654559993983,221.7224946068579,0.8876508219891368,1,1.126569113921508,0.6023344863497714,right,19,jiayi
261,6995,7038,221.75419642192895,223.11737446998373,1.3948798631257864,1,0.7169076179500505,0.475527226065609,right,15,jiayi
262,7039,7180,223.1490762850548,227.6190322100715,4.501657740087765,1,0.222140388660579,4.469955925016724,right,141,jiayi
263,7181,7184,227.65073402514253,227.7458394703557,0.1268072602841624,1,7.885983797450556,0.0634036301420812,left,2,jiayi
264,7185,7226,227.7775412854267,229.07731570333937,1.331476232983705,1,0.751046075947672,0.1268072602841624,left,4,jiayi
265,7227,7262,229.1090175184104,230.21858104589683,1.1412653425574617,1,0.8762204219389507,0.3487199657814466,right,11,jiayi
266,7263,7337,230.25028286096787,232.59621717622488,2.377636130328045,1,0.4205858025306963,2.345934315257004,left,74,jiayi
267,7338,7363,232.6279189912959,233.42046436807192,0.8242471918470555,1,1.2132282765308549,0.7291417466339337,left,23,jiayi
268,7364,7375,233.45216618314296,233.8008861489244,0.3804217808524872,1,2.628661265816852,0.2536145205683248,left,8,jiayi
269,7376,7381,233.83258796399545,233.99109703935065,0.1902108904262436,1,5.257322531633704,0.0951054452131218,left,3,jiayi
270,7382,7397,234.0227988544217,234.49832608048732,0.5072290411366496,1,1.971495949362639,0.475527226065609,left,15,jiayi
271,7398,7408,234.53002789555836,234.84704604626876,0.3487199657814466,1,2.867630471800202,0.0317018150710406,right,1,jiayi
272,7409,7416,234.8787478613398,235.1006605668371,0.2536145205683248,1,3.942991898725278,0.0951054452131218,right,3,jiayi
273,7417,7433,235.1323623819081,235.6395914230448,0.5389308562076902,1,1.8555255994001307,0.158509075355203,right,5,jiayi
274,7434,7455,235.67129323811585,236.3370313546077,0.6974399315628932,1,1.433815235900101,0.2219127054972842,right,7,jiayi
275,7456,7609,236.3687331696787,241.21911087554793,4.882079520940252,1,0.2048307479857287,4.850377705869212,right,153,jiayi
276,7610,7622,241.25081269061897,241.63123447147143,0.4121235959235277,1,2.4264565530617097,0.3804217808524872,right,12,jiayi
277,7623,7647,241.66293628654248,242.42377984824745,0.792545376776015,1,1.2617574075920888,0.634036301420812,right,20,jiayi
278,7648,7658,242.4554816633185,242.7724998140289,0.3487199657814466,1,2.867630471800202,0.0317018150710406,right,1,jiayi
279,7659,7710,242.8042016290999,244.42099419772305,1.648494383694111,1,0.6066141382654274,1.0144580822732991,left,32,jiayi
280,7711,7733,244.4526960127941,245.15013594435695,0.7291417466339337,1,1.3714754430348794,0.6023344863497714,left,19,jiayi
281,7734,7742,245.181837759428,245.43545227999633,0.2853163356393653,1,3.5048816877558027,0.2219127054972842,left,7,jiayi
282,7743,7768,245.46715409506737,246.25969947184336,0.8242471918470555,1,1.2132282765308549,0.792545376776015,left,25,jiayi
283,7769,7779,246.2914012869144,246.6084194376248,0.3487199657814466,1,2.867630471800202,0.317018150710406,right,10,jiayi
284,7780,7790,246.64012125269585,246.95713940340627,0.3487199657814466,1,2.867630471800202,0.2536145205683248,right,8,jiayi
285,7791,7794,246.9888412184773,247.08394666369043,0.1268072602841624,1,7.885983797450556,0.0317018150710406,left,1,jiayi
286,7795,7813,247.11564847876147,247.6862811500402,0.6023344863497714,1,1.6602071152527489,0.3487199657814466,left,11,jiayi
287,7814,7822,247.71798296511125,247.97159748567955,0.2853163356393653,1,3.5048816877558027,0.2219127054972842,right,7,jiayi
288,7823,7860,248.0032993007506,249.1762664583791,1.2046689726995428,1,0.8301035576263743,1.1412653425574617,right,36,jiayi
289,7861,7886,249.20796827345015,250.00051365022617,0.8242471918470555,1,1.2132282765308549,0.792545376776015,right,25,jiayi
290,7887,7890,250.0322154652972,250.12732091051032,0.1268072602841624,1,7.885983797450556,0.0634036301420812,left,2,jiayi
291,7891,7900,250.15902272558137,250.44433906122072,0.317018150710406,1,3.154393518980222,0.2853163356393653,left,9,jiayi
292,7901,7914,250.47604087629176,250.8881644722153,0.4438254109945684,1,2.253138227843016,0.3804217808524872,left,12,jiayi
293,7915,7956,250.9198662872863,252.219640705199,1.331476232983705,1,0.751046075947672,1.2997744179126645,left,41,jiayi
294,7957,7980,252.25134252027004,252.98048426690397,0.7608435617049744,1,1.314330632908426,0.0317018150710406,left,1,jiayi
295,7981,8060,253.01218608197505,255.51662947258723,2.536145205683248,1,0.3942991898725277,2.472741575541167,right,78,jiayi
296,8061,8136,255.54833128765827,257.9259674179863,2.4093379453990855,1,0.4150517788131871,2.1874252399018013,left,69,jiayi
297,8137,8139,257.95766923305735,258.02107286319944,0.0951054452131218,1,10.514645063267409,0.0634036301420812,right,2,jiayi
298,8140,8143,258.05277467827045,258.1478801234836,0.1268072602841624,1,7.885983797450556,0.0317018150710406,right,1,jiayi
299,8144,8149,258.17958193855463,258.33809101390983,0.1902108904262436,1,5.257322531633704,0.0951054452131218,right,3,jiayi
300,8150,8195,258.3697928289809,259.7963745071777,1.4582834932678674,1,0.6857377215174397,0.6023344863497714,right,19,jiayi
301,8196,8280,259.82807632224876,262.49102878821617,2.694654281038451,1,0.3711051198800261,2.66295246596741,right,84,jiayi
302,8281,8304,262.5227306032872,263.25187234992114,0.7608435617049744,1,1.314330632908426,0.6974399315628932,left,22,jiayi
303,8305,8364,263.28357416499216,265.1539812541836,1.902108904262436,1,0.5257322531633704,1.5216871234099487,left,48,jiayi
304,8365,8378,265.1856830692546,265.59780666517815,0.4438254109945684,1,2.253138227843016,0.4121235959235277,right,13,jiayi
305,8379,8388,265.62950848024917,265.91482481588855,0.317018150710406,1,3.154393518980222,0.158509075355203,right,5,jiayi
306,8389,8420,265.94652663095957,266.92928289816183,1.0144580822732991,1,0.9857479746813196,0.4121235959235277,right,13,jiayi
307,8421,8449,266.9609847132329,267.848635535222,0.9193526370601772,1,1.0877219030966283,0.8876508219891368,left,28,jiayi
308,8450,8453,267.8803373502931,267.9754427955062,0.1268072602841624,1,7.885983797450556,0.0634036301420812,left,2,jiayi
309,8454,8466,268.0071446105772,268.3875663914297,0.4121235959235277,1,2.4264565530617097,0.3487199657814466,left,11,jiayi
310,8467,8468,268.41926820650076,268.4509700215718,0.0634036301420812,1,15.771967594901112,0.0317018150710406,left,1,jiayi
311,8469,8473,268.48267183664285,268.609479096927,0.158509075355203,1,6.308787037960444,0.0634036301420812,left,2,jiayi
312,8474,8491,268.64118091199805,269.18011176820573,0.5706326712787307,1,1.752440843877901,0.5389308562076902,left,17,jiayi
313,8492,8495,269.21181358327675,269.30691902848986,0.1268072602841624,1,7.885983797450556,0.0317018150710406,left,1,jiayi
314,8496,8499,269.33862084356093,269.43372628877404,0.1268072602841624,1,7.885983797450556,0.0951054452131218,left,3,jiayi
315,8500,8511,269.4654281038451,269.8141480696265,0.3804217808524872,1,2.628661265816852,0.1902108904262436,left,6,jiayi
316,8512,8525,269.8458498846976,270.2579734806211,0.4438254109945684,1,2.253138227843016,0.0951054452131218,left,3,jiayi
317,8526,8527,270.2896752956921,270.3213771107632,0.0634036301420812,1,15.771967594901112,0.0317018150710406,left,1,jiayi
318,8528,8538,270.3530789258342,270.6700970765446,0.3487199657814466,1,2.867630471800202,0.2536145205683248,left,8,jiayi
319,8539,8550,270.7017988916157,271.0505188573971,0.3804217808524872,1,2.628661265816852,0.2536145205683248,right,8,jiayi
320,8551,8578,271.08222067246817,271.93816967938625,0.8876508219891368,1,1.126569113921508,0.158509075355203,right,5,jiayi
321,8579,8613,271.9698714944573,273.0477332068727,1.1095635274864208,1,0.9012552911372064,0.317018150710406,right,10,jiayi
322,8614,8618,273.0794350219437,273.2062422822279,0.158509075355203,1,6.308787037960444,0.1268072602841624,right,4,jiayi
323,8619,8622,273.2379440972989,273.333049542512,0.1268072602841624,1,7.885983797450556,0.0634036301420812,right,2,jiayi
324,8623,8624,273.3647513575831,273.3964531726541,0.0634036301420812,1,15.771967594901112,0.0317018150710406,right,1,jiayi
325,8625,8635,273.4281549877252,273.7451731384356,0.3487199657814466,1,2.867630471800202,0.2853163356393653,right,9,jiayi
326,8636,8638,273.7768749535066,273.8402785836487,0.0951054452131218,1,10.514645063267409,0.0634036301420812,right,2,jiayi
327,8639,8670,273.87198039871976,274.85473666592196,1.0144580822732991,1,0.9857479746813196,0.951054452131218,right,30,jiayi
328,8671,8681,274.88643848099304,275.20345663170343,0.3487199657814466,1,2.867630471800202,0.317018150710406,left,10,jiayi
329,8682,8690,275.23515844677445,275.4887729673428,0.2853163356393653,1,3.5048816877558027,0.0317018150710406,left,1,jiayi
330,8691,8717,275.5204747824138,276.3447219742609,0.8559490069180962,1,1.1682938959186009,0.1268072602841624,left,4,jiayi
331,8718,8786,276.37642378933197,278.5321472141627,2.1874252399018013,1,0.4571584810116264,1.426581678196827,left,45,jiayi
332,8787,8806,278.5638490292337,279.1661835155835,0.634036301420812,1,1.577196759490111,0.5389308562076902,right,17,jiayi
333,8807,8931,279.1978853306546,283.12891039946356,3.962726883880075,1,0.2523514815184178,3.804217808524872,left,120,jiayi
334,8932,8946,283.16061221453464,283.6044376255292,0.475527226065609,1,2.1029290126534814,0.3804217808524872,left,12,jiayi
335,8947,8959,283.63613944060023,284.0165612214527,0.4121235959235277,1,2.4264565530617097,0.4121235959235277,left,13,jiayi
0,0,42,0.0,1.68,1.72,1,0.5813953488372093,1.64,right,41,rameen
1,43,54,1.72,2.16,0.48,1,2.0833333333333335,0.24,right,6,rameen
2,55,61,2.2,2.44,0.28,1,3.571428571428571,0.04,right,1,rameen
3,62,89,2.48,3.56,1.12,1,0.8928571428571428,0.4,right,10,rameen
4,90,134,3.6,5.36,1.8,1,0.5555555555555556,1.32,right,33,rameen
5,135,162,5.4,6.48,1.12,1,0.8928571428571428,0.96,left,24,rameen
6,163,165,6.52,6.6,0.12,1,8.333333333333334,0.04,right,1,rameen
7,166,171,6.64,6.84,0.24,1,4.166666666666667,0.04,right,1,rameen
8,172,176,6.88,7.04,0.2,1,5.0,0.12,right,3,rameen
9,177,184,7.08,7.36,0.32,1,3.125,0.2,right,5,rameen
10,185,188,7.4,7.52,0.16,1,6.25,0.04,right,1,rameen
11,189,195,7.56,7.8,0.28,1,3.571428571428571,0.24,right,6,rameen
12,196,204,7.84,8.16,0.36,1,2.7777777777777777,0.16,right,4,rameen
13,205,209,8.2,8.36,0.2,1,5.0,0.16,right,4,rameen
14,210,249,8.4,9.96,1.6,1,0.625,1.36,right,34,rameen
15,250,260,10.0,10.4,0.44,1,2.272727272727273,0.28,right,7,rameen
16,261,268,10.44,10.72,0.32,1,3.125,0.24,right,6,rameen
17,269,273,10.76,10.92,0.2,1,5.0,0.08,left,2,rameen
18,274,281,10.96,11.24,0.32,1,3.125,0.24,left,6,rameen
19,282,285,11.28,11.4,0.16,1,6.25,0.04,left,1,rameen
20,286,292,11.44,11.68,0.28,1,3.571428571428571,0.16,left,4,rameen
21,293,315,11.72,12.6,0.92,1,1.0869565217391304,0.12,right,3,rameen
22,316,329,12.64,13.16,0.56,1,1.7857142857142856,0.36,right,9,rameen
23,330,364,13.2,14.56,1.4,1,0.7142857142857143,1.24,right,31,rameen
24,365,382,14.6,15.28,0.72,1,1.3888888888888888,0.52,right,13,rameen
25,383,395,15.32,15.8,0.52,1,1.923076923076923,0.48,right,12,rameen
26,396,401,15.84,16.04,0.24,1,4.166666666666667,0.04,right,1,rameen
27,402,436,16.08,17.44,1.4,1,0.7142857142857143,0.72,right,18,rameen
28,437,449,17.48,17.96,0.52,1,1.923076923076923,0.24,right,6,rameen
29,450,455,18.0,18.2,0.24,1,4.166666666666667,0.12,left,3,rameen
30,456,492,18.24,19.68,1.48,1,0.6756756756756757,0.84,right,21,rameen
31,493,495,19.72,19.8,0.12,1,8.333333333333334,0.04,right,1,rameen
32,496,500,19.84,20.0,0.2,1,5.0,0.04,right,1,rameen
33,501,509,20.04,20.36,0.36,1,2.7777777777777777,0.32,right,8,rameen
34,510,525,20.4,21.0,0.64,1,1.5625,0.48,right,12,rameen
35,526,537,21.04,21.48,0.48,1,2.0833333333333335,0.44,right,11,rameen
36,538,539,21.52,21.56,0.08,1,12.5,0.04,right,1,rameen
37,540,543,21.6,21.72,0.16,1,6.25,0.12,right,3,rameen
38,544,550,21.76,22.0,0.28,1,3.571428571428571,0.2,right,5,rameen
39,551,586,22.04,23.44,1.44,1,0.6944444444444444,1.32,right,33,rameen
40,587,588,23.48,23.52,0.08,1,12.5,0.04,right,1,rameen
41,589,617,23.56,24.68,1.16,1,0.8620689655172414,1.12,right,28,rameen
42,618,621,24.72,24.84,0.16,1,6.25,0.12,right,3,rameen
43,622,628,24.88,25.12,0.28,1,3.571428571428571,0.2,right,5,rameen
44,629,635,25.16,25.4,0.28,1,3.571428571428571,0.08,right,2,rameen
45,636,675,25.44,27.0,1.6,1,0.625,1.36,right,34,rameen
46,676,685,27.04,27.4,0.4,1,2.5,0.36,right,9,rameen
47,686,699,27.44,27.96,0.56,1,1.7857142857142856,0.04,right,1,rameen
48,700,722,28.0,28.88,0.92,1,1.0869565217391304,0.52,right,13,rameen
49,723,729,28.92,29.16,0.28,1,3.571428571428571,0.2,right,5,rameen
50,730,736,29.2,29.44,0.28,1,3.571428571428571,0.04,right,1,rameen
51,737,754,29.48,30.16,0.72,1,1.3888888888888888,0.56,left,14,rameen
52,755,778,30.2,31.12,0.96,1,1.0416666666666667,0.24,left,6,rameen
53,779,801,31.16,32.04,0.92,1,1.0869565217391304,0.36,right,9,rameen
54,802,815,32.08,32.6,0.56,1,1.7857142857142856,0.28,right,7,rameen
55,816,835,32.64,33.4,0.8,1,1.25,0.24,right,6,rameen
56,836,853,33.44,34.12,0.72,1,1.3888888888888888,0.28,right,7,rameen
57,854,874,34.16,34.96,0.84,1,1.1904761904761905,0.12,right,3,rameen
58,875,900,35.0,36.0,1.04,1,0.9615384615384616,0.48,right,12,rameen
59,901,929,36.04,37.16,1.16,1,0.8620689655172414,1.0,right,25,rameen
60,930,939,37.2,37.56,0.4,1,2.5,0.16,right,4,rameen
61,940,955,37.6,38.2,0.64,1,1.5625,0.24,right,6,rameen
62,956,965,38.24,38.6,0.4,1,2.5,0.28,right,7,rameen
63,966,977,38.64,39.08,0.48,1,2.0833333333333335,0.28,right,7,rameen
64,978,1021,39.12,40.84,1.76,1,0.5681818181818182,1.72,right,43,rameen
65,1022,1034,40.88,41.36,0.52,1,1.923076923076923,0.12,right,3,rameen
66,1035,1052,41.4,42.08,0.72,1,1.3888888888888888,0.28,right,7,rameen
67,1053,1058,42.12,42.32,0.24,1,4.166666666666667,0.2,right,5,rameen
68,1059,1094,42.36,43.76,1.44,1,0.6944444444444444,0.72,right,18,rameen
69,1095,1117,43.8,44.68,0.92,1,1.0869565217391304,0.28,right,7,rameen
70,1118,1128,44.72,45.12,0.44,1,2.272727272727273,0.16,right,4,rameen
71,1129,1132,45.16,45.28,0.16,1,6.25,0.04,right,1,rameen
72,1133,1145,45.32,45.8,0.52,1,1.923076923076923,0.36,right,9,rameen
73,1146,1169,45.84,46.76,0.96,1,1.0416666666666667,0.44,right,11,rameen
74,1170,1188,46.8,47.52,0.76,1,1.3157894736842106,0.72,right,18,rameen
75,1189,1191,47.56,47.64,0.12,1,8.333333333333334,0.08,left,2,rameen
76,1192,1213,47.68,48.52,0.88,1,1.1363636363636365,0.2,right,5,rameen
77,1214,1239,48.56,49.56,1.04,1,0.9615384615384616,0.36,right,9,rameen
78,1240,1308,49.6,52.32,2.76,1,0.3623188405797102,2.2,right,55,rameen
79,1309,1333,52.36,53.32,1.0,1,1.0,0.24,right,6,rameen
80,1334,1358,53.36,54.32,1.0,1,1.0,0.96,right,24,rameen
81,1359,1362,54.36,54.48,0.16,1,6.25,0.12,right,3,rameen
82,1363,1374,54.52,54.96,0.48,1,2.0833333333333335,0.2,right,5,rameen
83,1375,1409,55.0,56.36,1.4,1,0.7142857142857143,1.32,right,33,rameen
84,1410,1427,56.4,57.08,0.72,1,1.3888888888888888,0.64,right,16,rameen
85,1428,1439,57.12,57.56,0.48,1,2.0833333333333335,0.32,right,8,rameen
86,1440,1461,57.6,58.44,0.88,1,1.1363636363636365,0.64,right,16,rameen
87,1462,1467,58.48,58.68,0.24,1,4.166666666666667,0.2,right,5,rameen
88,1468,1492,58.72,59.68,1.0,1,1.0,0.96,right,24,rameen
89,1493,1498,59.72,59.92,0.24,1,4.166666666666667,0.2,right,5,rameen
90,1499,1560,59.96,62.4,2.48,1,0.4032258064516129,2.44,right,61,rameen
91,1561,1573,62.44,62.92,0.52,1,1.923076923076923,0.36,right,9,rameen
92,1574,1604,62.96,64.16,1.24,1,0.8064516129032259,0.6,right,15,rameen
93,1605,1631,64.2,65.24,1.08,1,0.9259259259259258,1.04,right,26,rameen
94,1632,1635,65.28,65.4,0.16,1,6.25,0.04,right,1,rameen
95,1636,1654,65.44,66.16,0.76,1,1.3157894736842106,0.6,right,15,rameen
96,1655,1670,66.2,66.8,0.64,1,1.5625,0.6,right,15,rameen
97,1671,1674,66.84,66.96,0.16,1,6.25,0.08,right,2,rameen
98,1675,1692,67.0,67.68,0.72,1,1.3888888888888888,0.28,right,7,rameen
99,1693,1708,67.72,68.32,0.64,1,1.5625,0.6,right,15,rameen
100,1709,1710,68.36,68.4,0.08,1,12.5,0.04,right,1,rameen
101,1711,1727,68.44,69.08,0.68,1,1.4705882352941175,0.6,right,15,rameen
102,1728,1731,69.12,69.24,0.16,1,6.25,0.12,right,3,rameen
103,1732,1742,69.28,69.68,0.44,1,2.272727272727273,0.28,right,7,rameen
104,1743,1747,69.72,69.88,0.2,1,5.0,0.04,right,1,rameen
105,1748,1749,69.92,69.96,0.08,1,12.5,0.04,right,1,rameen
106,1750,1768,70.0,70.72,0.76,1,1.3157894736842106,0.72,right,18,rameen
107,1769,1782,70.76,71.28,0.56,1,1.7857142857142856,0.52,left,13,rameen
108,1783,1794,71.32,71.76,0.48,1,2.0833333333333335,0.04,right,1,rameen
109,1795,1813,71.8,72.52,0.76,1,1.3157894736842106,0.52,right,13,rameen
110,1814,1828,72.56,73.12,0.6,1,1.6666666666666667,0.48,right,12,rameen
111,1829,1849,73.16,73.96,0.84,1,1.1904761904761905,0.2,right,5,rameen
112,1850,1889,74.0,75.56,1.6,1,0.625,0.4,right,10,rameen
113,1890,1913,75.6,76.52,0.96,1,1.0416666666666667,0.2,right,5,rameen
114,1914,1942,76.56,77.68,1.16,1,0.8620689655172414,0.44,right,11,rameen
115,1943,1958,77.72,78.32,0.64,1,1.5625,0.2,right,5,rameen
116,1959,1996,78.36,79.84,1.52,1,0.6578947368421053,0.64,right,16,rameen
117,1997,2025,79.88,81.0,1.16,1,0.8620689655172414,0.44,right,11,rameen
118,2026,2067,81.04,82.68,1.68,1,0.5952380952380952,0.88,right,22,rameen
119,2068,2103,82.72,84.12,1.44,1,0.6944444444444444,1.12,right,28,rameen
120,2104,2107,84.16,84.28,0.16,1,6.25,0.08,right,2,rameen
121,2108,2111,84.32,84.44,0.16,1,6.25,0.08,right,2,rameen
122,2112,2120,84.48,84.8,0.36,1,2.7777777777777777,0.2,right,5,rameen
123,2121,2128,84.84,85.12,0.32,1,3.125,0.24,right,6,rameen
124,2129,2145,85.16,85.8,0.68,1,1.4705882352941175,0.64,right,16,rameen
125,2146,2163,85.84,86.52,0.72,1,1.3888888888888888,0.68,right,17,rameen
126,2164,2172,86.56,86.88,0.36,1,2.7777777777777777,0.16,right,4,rameen
127,2173,2176,86.92,87.04,0.16,1,6.25,0.12,right,3,rameen
128,2177,2183,87.08,87.32,0.28,1,3.571428571428571,0.16,right,4,rameen
129,2184,2186,87.36,87.44,0.12,1,8.333333333333334,0.08,right,2,rameen
130,2187,2190,87.48,87.6,0.16,1,6.25,0.12,right,3,rameen
131,2191,2192,87.64,87.68,0.08,1,12.5,0.04,right,1,rameen
132,2193,2237,87.72,89.48,1.8,1,0.5555555555555556,1.72,right,43,rameen
133,2238,2258,89.52,90.32,0.84,1,1.1904761904761905,0.56,right,14,rameen
134,2259,2260,90.36,90.4,0.08,1,12.5,0.04,right,1,rameen
135,2261,2277,90.44,91.08,0.68,1,1.4705882352941175,0.4,right,10,rameen
136,2278,2297,91.12,91.88,0.8,1,1.25,0.12,right,3,rameen
137,2298,2326,91.92,93.04,1.16,1,0.8620689655172414,0.44,right,11,rameen
138,2327,2359,93.08,94.36,1.32,1,0.7575757575757576,0.68,right,17,rameen
139,2360,2378,94.4,95.12,0.76,1,1.3157894736842106,0.64,right,16,rameen
140,2379,2391,95.16,95.64,0.52,1,1.923076923076923,0.2,right,5,rameen
141,2392,2412,95.68,96.48,0.84,1,1.1904761904761905,0.12,right,3,rameen
142,2413,2450,96.52,98.0,1.52,1,0.6578947368421053,0.92,right,23,rameen
143,2451,2474,98.04,98.96,0.96,1,1.0416666666666667,0.32,right,8,rameen
144,2475,2522,99.0,100.88,1.92,1,0.5208333333333334,0.72,right,18,rameen
145,2523,2548,100.92,101.92,1.04,1,0.9615384615384616,0.4,right,10,rameen
146,2549,2578,101.96,103.12,1.2,1,0.8333333333333334,0.4,right,10,rameen
147,2579,2618,103.16,104.72,1.6,1,0.625,1.28,right,32,rameen
148,2619,2628,104.76,105.12,0.4,1,2.5,0.16,right,4,rameen
149,2629,2656,105.16,106.24,1.12,1,0.8928571428571428,1.0,right,25,rameen
150,2657,2750,106.28,110.0,3.76,1,0.2659574468085106,3.2,right,80,rameen
151,2751,2771,110.04,110.84,0.84,1,1.1904761904761905,0.36,right,9,rameen
152,2772,2844,110.88,113.76,2.92,1,0.3424657534246575,2.76,right,69,rameen
153,2845,2939,113.8,117.56,3.8,1,0.2631578947368421,3.48,right,87,rameen
154,2940,2962,117.6,118.48,0.92,1,1.0869565217391304,0.36,right,9,rameen
155,2963,2984,118.52,119.36,0.88,1,1.1363636363636365,0.56,right,14,rameen
156,2985,2988,119.4,119.52,0.16,1,6.25,0.04,right,1,rameen
157,2989,3013,119.56,120.52,1.0,1,1.0,0.88,left,22,rameen
158,3014,3027,120.56,121.08,0.56,1,1.7857142857142856,0.12,left,3,rameen
159,3028,3046,121.12,121.84,0.76,1,1.3157894736842106,0.68,right,17,rameen
160,3047,3049,121.88,121.96,0.12,1,8.333333333333334,0.08,right,2,rameen
161,3050,3053,122.0,122.12,0.16,1,6.25,0.12,left,3,rameen
162,3054,3066,122.16,122.64,0.52,1,1.923076923076923,0.16,right,4,rameen
163,3067,3078,122.68,123.12,0.48,1,2.0833333333333335,0.4,right,10,rameen
164,3079,3102,123.16,124.08,0.96,1,1.0416666666666667,0.2,right,5,rameen
165,3103,3113,124.12,124.52,0.44,1,2.272727272727273,0.36,right,9,rameen
166,3114,3152,124.56,126.08,1.56,1,0.641025641025641,1.44,right,36,rameen
167,3153,3157,126.12,126.28,0.2,1,5.0,0.08,right,2,rameen
168,3158,3172,126.32,126.88,0.6,1,1.6666666666666667,0.16,right,4,rameen
169,3173,3217,126.92,128.68,1.8,1,0.5555555555555556,1.68,right,42,rameen
170,3218,3225,128.72,129.0,0.32,1,3.125,0.04,right,1,rameen
171,3226,3275,129.04,131.0,2.0,1,0.5,1.4,right,35,rameen
172,3276,3297,131.04,131.88,0.88,1,1.1363636363636365,0.28,right,7,rameen
173,3298,3314,131.92,132.56,0.68,1,1.4705882352941175,0.6,right,15,rameen
174,3315,3404,132.6,136.16,3.6,1,0.2777777777777778,3.44,right,86,rameen
175,3405,3427,136.2,137.08,0.92,1,1.0869565217391304,0.52,right,13,rameen
176,3428,3443,137.12,137.72,0.64,1,1.5625,0.4,right,10,rameen
177,3444,3446,137.76,137.84,0.12,1,8.333333333333334,0.04,right,1,rameen
178,3447,3457,137.88,138.28,0.44,1,2.272727272727273,0.04,right,1,rameen
179,3458,3463,138.32,138.52,0.24,1,4.166666666666667,0.12,right,3,rameen
180,3464,3486,138.56,139.44,0.92,1,1.0869565217391304,0.28,right,7,rameen
181,3487,3505,139.48,140.2,0.76,1,1.3157894736842106,0.32,right,8,rameen
182,3506,3518,140.24,140.72,0.52,1,1.923076923076923,0.36,right,9,rameen
183,3519,3560,140.76,142.4,1.68,1,0.5952380952380952,1.16,right,29,rameen
184,3561,3565,142.44,142.6,0.2,1,5.0,0.08,right,2,rameen
185,3566,3584,142.64,143.36,0.76,1,1.3157894736842106,0.68,right,17,rameen
186,3585,3586,143.4,143.44,0.08,1,12.5,0.04,right,1,rameen
187,3587,3590,143.48,143.6,0.16,1,6.25,0.08,right,2,rameen
188,3591,3622,143.64,144.88,1.28,1,0.78125,1.24,right,31,rameen
189,3623,3626,144.92,145.04,0.16,1,6.25,0.12,right,3,rameen
190,3627,3646,145.08,145.84,0.8,1,1.25,0.76,right,19,rameen
191,3647,3651,145.88,146.04,0.2,1,5.0,0.12,right,3,rameen
192,3652,3653,146.08,146.12,0.08,1,12.5,0.04,right,1,rameen
193,3654,3668,146.16,146.72,0.6,1,1.6666666666666667,0.48,right,12,rameen
194,3669,3674,146.76,146.96,0.24,1,4.166666666666667,0.04,right,1,rameen
195,3675,3701,147.0,148.04,1.08,1,0.9259259259259258,0.6,right,15,rameen
196,3702,3719,148.08,148.76,0.72,1,1.3888888888888888,0.32,right,8,rameen
197,3720,3738,148.8,149.52,0.76,1,1.3157894736842106,0.48,right,12,rameen
198,3739,3755,149.56,150.2,0.68,1,1.4705882352941175,0.2,right,5,rameen
199,3756,3776,150.24,151.04,0.84,1,1.1904761904761905,0.36,right,9,rameen
200,3777,3811,151.08,152.44,1.4,1,0.7142857142857143,0.48,right,12,rameen
201,3812,3830,152.48,153.2,0.76,1,1.3157894736842106,0.28,right,7,rameen
202,3831,3848,153.24,153.92,0.72,1,1.3888888888888888,0.12,right,3,rameen
203,3849,3851,153.96,154.04,0.12,1,8.333333333333334,0.08,right,2,rameen
204,3852,3860,154.08,154.4,0.36,1,2.7777777777777777,0.16,right,4,rameen
205,3861,3868,154.44,154.72,0.32,1,3.125,0.04,right,1,rameen
206,3869,3889,154.76,155.56,0.84,1,1.1904761904761905,0.24,right,6,rameen
207,3890,3906,155.6,156.24,0.68,1,1.4705882352941175,0.08,right,2,rameen
208,3907,3926,156.28,157.04,0.8,1,1.25,0.28,right,7,rameen
209,3927,3936,157.08,157.44,0.4,1,2.5,0.28,right,7,rameen
210,3937,3969,157.48,158.76,1.32,1,0.7575757575757576,0.6,right,15,rameen
211,3970,3997,158.8,159.88,1.12,1,0.8928571428571428,0.4,right,10,rameen
212,3998,4018,159.92,160.72,0.84,1,1.1904761904761905,0.2,right,5,rameen
213,4019,4046,160.76,161.84,1.12,1,0.8928571428571428,0.36,right,9,rameen
214,4047,4074,161.88,162.96,1.12,1,0.8928571428571428,0.96,right,24,rameen
215,4075,4081,163.0,163.24,0.28,1,3.571428571428571,0.04,right,1,rameen
216,4082,4091,163.28,163.64,0.4,1,2.5,0.16,right,4,rameen
217,4092,4095,163.68,163.8,0.16,1,6.25,0.12,right,3,rameen
218,4096,4105,163.84,164.2,0.4,1,2.5,0.24,right,6,rameen
219,4106,4117,164.24,164.68,0.48,1,2.0833333333333335,0.32,right,8,rameen
220,4118,4119,164.72,164.76,0.08,1,12.5,0.04,right,1,rameen
221,4120,4137,164.8,165.48,0.72,1,1.3888888888888888,0.48,right,12,rameen
222,4138,4167,165.52,166.68,1.2,1,0.8333333333333334,0.52,right,13,rameen
223,4168,4180,166.72,167.2,0.52,1,1.923076923076923,0.16,right,4,rameen
224,4181,4198,167.24,167.92,0.72,1,1.3888888888888888,0.24,right,6,rameen
225,4199,4202,167.96,168.08,0.16,1,6.25,0.08,right,2,rameen
226,4203,4243,168.12,169.72,1.64,1,0.6097560975609756,1.56,right,39,rameen
227,4244,4247,169.76,169.88,0.16,1,6.25,0.08,right,2,rameen
228,4248,4267,169.92,170.68,0.8,1,1.25,0.72,right,18,rameen
229,4268,4269,170.72,170.76,0.08,1,12.5,0.04,right,1,rameen
230,4270,4272,170.8,170.88,0.12,1,8.333333333333334,0.04,right,1,rameen
231,4273,4274,170.92,170.96,0.08,1,12.5,0.04,right,1,rameen
232,4275,4315,171.0,172.6,1.64,1,0.6097560975609756,1.2,right,30,rameen
233,4316,4351,172.64,174.04,1.44,1,0.6944444444444444,1.36,right,34,rameen
234,4352,4369,174.08,174.76,0.72,1,1.3888888888888888,0.48,right,12,rameen
235,4370,4386,174.8,175.44,0.68,1,1.4705882352941175,0.6,right,15,rameen
236,4387,4406,175.48,176.24,0.8,1,1.25,0.48,right,12,rameen
237,4407,4412,176.28,176.48,0.24,1,4.166666666666667,0.2,left,5,rameen
238,4413,4414,176.52,176.56,0.08,1,12.5,0.04,left,1,rameen
239,4415,4425,176.6,177.0,0.44,1,2.272727272727273,0.24,left,6,rameen
240,4426,4441,177.04,177.64,0.64,1,1.5625,0.48,right,12,rameen
241,4442,4450,177.68,178.0,0.36,1,2.7777777777777777,0.04,right,1,rameen
242,4451,4471,178.04,178.84,0.84,1,1.1904761904761905,0.52,right,13,rameen
243,4472,4474,178.88,178.96,0.12,1,8.333333333333334,0.04,right,1,rameen
244,4475,4487,179.0,179.48,0.52,1,1.923076923076923,0.44,right,11,rameen
245,4488,4491,179.52,179.64,0.16,1,6.25,0.04,left,1,rameen
246,4492,4527,179.68,181.08,1.44,1,0.6944444444444444,0.84,left,21,rameen
247,4528,4549,181.12,181.96,0.88,1,1.1363636363636365,0.6,right,15,rameen
248,4550,4588,182.0,183.52,1.56,1,0.641025641025641,1.32,right,33,rameen
249,4589,4594,183.56,183.76,0.24,1,4.166666666666667,0.16,right,4,rameen
250,4595,4599,183.8,183.96,0.2,1,5.0,0.04,right,1,rameen
251,4600,4604,184.0,184.16,0.2,1,5.0,0.04,right,1,rameen
252,4605,4622,184.2,184.88,0.72,1,1.3888888888888888,0.28,right,7,rameen
253,4623,4630,184.92,185.2,0.32,1,3.125,0.28,right,7,rameen
254,4631,4633,185.24,185.32,0.12,1,8.333333333333334,0.08,right,2,rameen
255,4634,4639,185.36,185.56,0.24,1,4.166666666666667,0.12,right,3,rameen
256,4640,4659,185.6,186.36,0.8,1,1.25,0.6,right,15,rameen
257,4660,4674,186.4,186.96,0.6,1,1.6666666666666667,0.4,right,10,rameen
258,4675,4698,187.0,187.92,0.96,1,1.0416666666666667,0.84,right,21,rameen
259,4699,4713,187.96,188.52,0.6,1,1.6666666666666667,0.36,right,9,rameen
260,4714,4732,188.56,189.28,0.76,1,1.3157894736842106,0.4,right,10,rameen
261,4733,4734,189.32,189.36,0.08,1,12.5,0.04,right,1,rameen
262,4735,4793,189.4,191.72,2.36,1,0.423728813559322,2.24,right,56,rameen
263,4794,4840,191.76,193.6,1.88,1,0.5319148936170213,1.44,left,36,rameen
264,4841,4856,193.64,194.24,0.64,1,1.5625,0.32,left,8,rameen
265,4857,4869,194.28,194.76,0.52,1,1.923076923076923,0.48,left,12,rameen
266,4870,4876,194.8,195.04,0.28,1,3.571428571428571,0.24,left,6,rameen
267,4877,4911,195.08,196.44,1.4,1,0.7142857142857143,1.36,left,34,rameen
268,4912,4931,196.48,197.24,0.8,1,1.25,0.52,left,13,rameen
269,4932,4952,197.28,198.08,0.84,1,1.1904761904761905,0.48,left,12,rameen
270,4953,4971,198.12,198.84,0.76,1,1.3157894736842106,0.2,left,5,rameen
271,4972,4999,198.88,199.96,1.12,1,0.8928571428571428,0.6,left,15,rameen
272,5000,5009,200.0,200.36,0.4,1,2.5,0.28,left,7,rameen
273,5010,5022,200.4,200.88,0.52,1,1.923076923076923,0.44,left,11,rameen
274,5023,5047,200.92,201.88,1.0,1,1.0,0.44,left,11,rameen
275,5048,5074,201.92,202.96,1.08,1,0.9259259259259258,0.48,left,12,rameen
276,5075,5102,203.0,204.08,1.12,1,0.8928571428571428,0.6,left,15,rameen
277,5103,5149,204.12,205.96,1.88,1,0.5319148936170213,1.48,left,37,rameen
278,5150,5165,206.0,206.6,0.64,1,1.5625,0.4,left,10,rameen
279,5166,5175,206.64,207.0,0.4,1,2.5,0.04,left,1,rameen
280,5176,5206,207.04,208.24,1.24,1,0.8064516129032259,0.6,right,15,rameen
281,5207,5231,208.28,209.24,1.0,1,1.0,0.32,right,8,rameen
282,5232,5259,209.28,210.36,1.12,1,0.8928571428571428,0.68,right,17,rameen
283,5260,5304,210.4,212.16,1.8,1,0.5555555555555556,1.2,right,30,rameen
284,5305,5341,212.2,213.64,1.48,1,0.6756756756756757,0.52,right,13,rameen
285,5342,5365,213.68,214.6,0.96,1,1.0416666666666667,0.92,left,23,rameen
286,5366,5381,214.64,215.24,0.64,1,1.5625,0.12,right,3,rameen
287,5382,5386,215.28,215.44,0.2,1,5.0,0.04,right,1,rameen
288,5387,5398,215.48,215.92,0.48,1,2.0833333333333335,0.44,right,11,rameen
289,5399,5409,215.96,216.36,0.44,1,2.272727272727273,0.36,right,9,rameen
290,5410,5423,216.4,216.92,0.56,1,1.7857142857142856,0.52,right,13,rameen
291,5424,5452,216.96,218.08,1.16,1,0.8620689655172414,0.96,right,24,rameen
292,5453,5470,218.12,218.8,0.72,1,1.3888888888888888,0.68,right,17,rameen
293,5471,5484,218.84,219.36,0.56,1,1.7857142857142856,0.48,right,12,rameen
294,5485,5502,219.4,220.08,0.72,1,1.3888888888888888,0.52,right,13,rameen
295,5503,5509,220.12,220.36,0.28,1,3.571428571428571,0.12,right,3,rameen
296,5510,5542,220.4,221.68,1.32,1,0.7575757575757576,0.68,right,17,rameen
297,5543,5570,221.72,222.8,1.12,1,0.8928571428571428,0.48,right,12,rameen
298,5571,5593,222.84,223.72,0.92,1,1.0869565217391304,0.36,right,9,rameen
299,5594,5606,223.76,224.24,0.52,1,1.923076923076923,0.4,right,10,rameen
300,5607,5615,224.28,224.6,0.36,1,2.7777777777777777,0.32,left,8,rameen
301,5616,5630,224.64,225.2,0.6,1,1.6666666666666667,0.16,left,4,rameen
302,5631,5634,225.24,225.36,0.16,1,6.25,0.12,right,3,rameen
303,5635,5642,225.4,225.68,0.32,1,3.125,0.24,right,6,rameen
304,5643,5646,225.72,225.84,0.16,1,6.25,0.04,right,1,rameen
305,5647,5650,225.88,226.0,0.16,1,6.25,0.04,right,1,rameen
306,5651,5655,226.04,226.2,0.2,1,5.0,0.04,right,1,rameen
307,5656,5680,226.24,227.2,1.0,1,1.0,0.92,right,23,rameen
308,5681,5710,227.24,228.4,1.2,1,0.8333333333333334,0.72,right,18,rameen
309,5711,5723,228.44,228.92,0.52,1,1.923076923076923,0.48,right,12,rameen
310,5724,5737,228.96,229.48,0.56,1,1.7857142857142856,0.12,right,3,rameen
311,5738,5756,229.52,230.24,0.76,1,1.3157894736842106,0.32,right,8,rameen
312,5757,5791,230.28,231.64,1.4,1,0.7142857142857143,1.0,right,25,rameen
313,5792,5794,231.68,231.76,0.12,1,8.333333333333334,0.04,right,1,rameen
314,5795,5796,231.8,231.84,0.08,1,12.5,0.04,right,1,rameen
315,5797,5808,231.88,232.32,0.48,1,2.0833333333333335,0.44,right,11,rameen
316,5809,5819,232.36,232.76,0.44,1,2.272727272727273,0.12,right,3,rameen
317,5820,5840,232.8,233.6,0.84,1,1.1904761904761905,0.8,right,20,rameen
318,5841,5858,233.64,234.32,0.72,1,1.3888888888888888,0.56,right,14,rameen
319,5859,5867,234.36,234.68,0.36,1,2.7777777777777777,0.28,right,7,rameen
320,5868,5928,234.72,237.12,2.44,1,0.4098360655737705,2.4,right,60,rameen
321,5929,5940,237.16,237.6,0.48,1,2.0833333333333335,0.24,right,6,rameen
322,5941,5944,237.64,237.76,0.16,1,6.25,0.08,right,2,rameen
323,5945,5957,237.8,238.28,0.52,1,1.923076923076923,0.48,right,12,rameen
324,5958,5973,238.32,238.92,0.64,1,1.5625,0.6,right,15,rameen
325,5974,5980,238.96,239.2,0.28,1,3.571428571428571,0.16,right,4,rameen
326,5981,5998,239.24,239.92,0.72,1,1.3888888888888888,0.36,right,9,rameen
327,5999,6042,239.96,241.68,1.76,1,0.5681818181818182,1.28,right,32,rameen
328,6043,6067,241.72,242.68,1.0,1,1.0,0.52,right,13,rameen
329,6068,6090,242.72,243.6,0.92,1,1.0869565217391304,0.64,right,16,rameen
330,6091,6116,243.64,244.64,1.04,1,0.9615384615384616,0.36,right,9,rameen
331,6117,6144,244.68,245.76,1.12,1,0.8928571428571428,0.28,right,7,rameen
332,6145,6165,245.8,246.6,0.84,1,1.1904761904761905,0.48,right,12,rameen
333,6166,6196,246.64,247.84,1.24,1,0.8064516129032259,1.16,right,29,rameen
334,6197,6205,247.88,248.2,0.36,1,2.7777777777777777,0.08,right,2,rameen
335,6206,6212,248.24,248.48,0.28,1,3.571428571428571,0.24,right,6,rameen
336,6213,6216,248.52,248.64,0.16,1,6.25,0.04,right,1,rameen
337,6217,6224,248.68,248.96,0.32,1,3.125,0.2,right,5,rameen
338,6225,6260,249.0,250.4,1.44,1,0.6944444444444444,1.36,right,34,rameen
339,6261,6272,250.44,250.88,0.48,1,2.0833333333333335,0.44,right,11,rameen
340,6273,6277,250.92,251.08,0.2,1,5.0,0.04,right,1,rameen
341,6278,6282,251.12,251.28,0.2,1,5.0,0.12,right,3,rameen
342,6283,6291,251.32,251.64,0.36,1,2.7777777777777777,0.12,right,3,rameen
343,6292,6296,251.68,251.84,0.2,1,5.0,0.16,right,4,rameen
344,6297,6299,251.88,251.96,0.12,1,8.333333333333334,0.04,right,1,rameen
345,6300,6301,252.0,252.04,0.08,1,12.5,0.04,right,1,rameen
346,6302,6316,252.08,252.64,0.6,1,1.6666666666666667,0.28,right,7,rameen
347,6317,6322,252.68,252.88,0.24,1,4.166666666666667,0.08,right,2,rameen
348,6323,6340,252.92,253.6,0.72,1,1.3888888888888888,0.36,right,9,rameen
349,6341,6356,253.64,254.24,0.64,1,1.5625,0.6,right,15,rameen
350,6357,6382,254.28,255.28,1.04,1,0.9615384615384616,0.52,right,13,rameen
351,6383,6404,255.32,256.16,0.88,1,1.1363636363636365,0.44,right,11,rameen
352,6405,6416,256.2,256.64,0.48,1,2.0833333333333335,0.36,right,9,rameen
353,6417,6460,256.68,258.4,1.76,1,0.5681818181818182,1.28,right,32,rameen
354,6461,6542,258.44,261.68,3.28,1,0.3048780487804878,2.56,right,64,rameen
355,6543,6570,261.72,262.8,1.12,1,0.8928571428571428,0.44,right,11,rameen
356,6571,6583,262.84,263.32,0.52,1,1.923076923076923,0.28,right,7,rameen
357,6584,6607,263.36,264.28,0.96,1,1.0416666666666667,0.56,right,14,rameen
358,6608,6634,264.32,265.36,1.08,1,0.9259259259259258,0.44,right,11,rameen
359,6635,6658,265.4,266.32,0.96,1,1.0416666666666667,0.48,right,12,rameen
360,6659,6691,266.36,267.64,1.32,1,0.7575757575757576,0.56,right,14,rameen
361,6692,6712,267.68,268.48,0.84,1,1.1904761904761905,0.8,right,20,rameen
362,6713,6725,268.52,269.0,0.52,1,1.923076923076923,0.2,right,5,rameen
363,6726,6733,269.04,269.32,0.32,1,3.125,0.24,right,6,rameen
364,6734,6748,269.36,269.92,0.6,1,1.6666666666666667,0.52,right,13,rameen
365,6749,6753,269.96,270.12,0.2,1,5.0,0.16,right,4,rameen
366,6754,6756,270.16,270.24,0.12,1,8.333333333333334,0.08,right,2,rameen
367,6757,6769,270.28,270.76,0.52,1,1.923076923076923,0.36,right,9,rameen
368,6770,6786,270.8,271.44,0.68,1,1.4705882352941175,0.32,right,8,rameen
369,6787,6794,271.48,271.76,0.32,1,3.125,0.16,right,4,rameen
370,6795,6814,271.8,272.56,0.8,1,1.25,0.16,right,4,rameen
371,6815,6822,272.6,272.88,0.32,1,3.125,0.28,right,7,rameen
372,6823,6825,272.92,273.0,0.12,1,8.333333333333334,0.08,right,2,rameen
373,6826,6903,273.04,276.12,3.12,1,0.3205128205128205,2.92,right,73,rameen
374,6904,6923,276.16,276.92,0.8,1,1.25,0.6,left,15,rameen
375,6924,6935,276.96,277.4,0.48,1,2.0833333333333335,0.32,right,8,rameen
376,6936,6939,277.44,277.56,0.16,1,6.25,0.12,right,3,rameen
377,6940,6959,277.6,278.36,0.8,1,1.25,0.44,right,11,rameen
378,6960,6990,278.4,279.6,1.24,1,0.8064516129032259,1.2,right,30,rameen
379,6991,6998,279.64,279.92,0.32,1,3.125,0.28,right,7,rameen
380,6999,7000,279.96,280.0,0.08,1,12.5,0.04,right,1,rameen
381,7001,7029,280.04,281.16,1.16,1,0.8620689655172414,0.44,left,11,rameen
382,7030,7042,281.2,281.68,0.52,1,1.923076923076923,0.2,left,5,rameen
383,7043,7066,281.72,282.64,0.96,1,1.0416666666666667,0.52,left,13,rameen
384,7067,7103,282.68,284.12,1.48,1,0.6756756756756757,0.96,left,24,rameen
385,7104,7123,284.16,284.92,0.8,1,1.25,0.56,left,14,rameen
386,7124,7129,284.96,285.16,0.24,1,4.166666666666667,0.16,right,4,rameen
387,7130,7155,285.2,286.2,1.04,1,0.9615384615384616,0.44,right,11,rameen
388,7156,7185,286.24,287.4,1.2,1,0.8333333333333334,0.4,right,10,rameen
389,7186,7211,287.44,288.44,1.04,1,0.9615384615384616,0.4,right,10,rameen
390,7212,7254,288.48,290.16,1.72,1,0.5813953488372093,0.88,right,22,rameen
391,7255,7268,290.2,290.72,0.56,1,1.7857142857142856,0.52,right,13,rameen
392,7269,7271,290.76,290.84,0.12,1,8.333333333333334,0.08,right,2,rameen
393,7272,7287,290.88,291.48,0.64,1,1.5625,0.52,right,13,rameen
394,7288,7308,291.52,292.32,0.84,1,1.1904761904761905,0.16,right,4,rameen
395,7309,7333,292.36,293.32,1.0,1,1.0,0.32,right,8,rameen
396,7334,7359,293.36,294.36,1.04,1,0.9615384615384616,0.96,right,24,rameen
397,7360,7365,294.4,294.6,0.24,1,4.166666666666667,0.2,right,5,rameen
398,7366,7394,294.64,295.76,1.16,1,0.8620689655172414,0.84,right,21,rameen
399,7395,7406,295.8,296.24,0.48,1,2.0833333333333335,0.44,right,11,rameen
400,7407,7429,296.28,297.16,0.92,1,1.0869565217391304,0.8,right,20,rameen
401,7430,7462,297.2,298.48,1.32,1,0.7575757575757576,1.0,right,25,rameen
402,7463,7495,298.52,299.8,1.32,1,0.7575757575757576,0.44,right,11,rameen
403,7496,7528,299.84,301.12,1.32,1,0.7575757575757576,0.28,right,7,rameen
404,7529,7552,301.16,302.08,0.96,1,1.0416666666666667,0.84,left,21,rameen
405,7553,7556,302.12,302.24,0.16,1,6.25,0.12,right,3,rameen
406,7557,7565,302.28,302.6,0.36,1,2.7777777777777777,0.08,right,2,rameen
407,7566,7573,302.64,302.92,0.32,1,3.125,0.12,right,3,rameen
408,7574,7591,302.96,303.64,0.72,1,1.3888888888888888,0.68,right,17,rameen
409,7592,7593,303.68,303.72,0.08,1,12.5,0.04,right,1,rameen
410,7594,7602,303.76,304.08,0.36,1,2.7777777777777777,0.32,right,8,rameen
411,7603,7621,304.12,304.84,0.76,1,1.3157894736842106,0.52,right,13,rameen
412,7622,7628,304.88,305.12,0.28,1,3.571428571428571,0.16,right,4,rameen
413,7629,7696,305.16,307.84,2.72,1,0.3676470588235294,2.6,right,65,rameen
414,7697,7719,307.88,308.76,0.92,1,1.0869565217391304,0.36,right,9,rameen
415,7720,7736,308.8,309.44,0.68,1,1.4705882352941175,0.64,right,16,rameen
416,7737,7745,309.48,309.8,0.36,1,2.7777777777777777,0.28,right,7,rameen
417,7746,7761,309.84,310.44,0.64,1,1.5625,0.28,right,7,rameen
418,7762,7780,310.48,311.2,0.76,1,1.3157894736842106,0.4,right,10,rameen
419,7781,7797,311.24,311.88,0.68,1,1.4705882352941175,0.28,right,7,rameen
420,7798,7816,311.92,312.64,0.76,1,1.3157894736842106,0.36,right,9,rameen
421,7817,7832,312.68,313.28,0.64,1,1.5625,0.28,right,7,rameen
422,7833,7852,313.32,314.08,0.8,1,1.25,0.48,left,12,rameen
423,7853,7872,314.12,314.88,0.8,1,1.25,0.28,right,7,rameen
424,7873,7919,314.92,316.76,1.88,1,0.5319148936170213,1.16,right,29,rameen
425,7920,7941,316.8,317.64,0.88,1,1.1363636363636365,0.48,right,12,rameen
426,7942,7966,317.68,318.64,1.0,1,1.0,0.48,right,12,rameen
427,7967,7996,318.68,319.84,1.2,1,0.8333333333333334,0.56,right,14,rameen
428,7997,8013,319.88,320.52,0.68,1,1.4705882352941175,0.12,right,3,rameen
429,8014,8035,320.56,321.4,0.88,1,1.1363636363636365,0.84,right,21,rameen
430,8036,8043,321.44,321.72,0.32,1,3.125,0.08,right,2,rameen
431,8044,8048,321.76,321.92,0.2,1,5.0,0.08,right,2,rameen
432,8049,8060,321.96,322.4,0.48,1,2.0833333333333335,0.4,right,10,rameen
433,8061,8076,322.44,323.04,0.64,1,1.5625,0.36,right,9,rameen
434,8077,8094,323.08,323.76,0.72,1,1.3888888888888888,0.68,right,17,rameen
435,8095,8112,323.8,324.48,0.72,1,1.3888888888888888,0.48,right,12,rameen
436,8113,8138,324.52,325.52,1.04,1,0.9615384615384616,0.76,right,19,rameen
437,8139,8149,325.56,325.96,0.44,1,2.272727272727273,0.36,right,9,rameen
438,8150,8165,326.0,326.6,0.64,1,1.5625,0.48,right,12,rameen
439,8166,8192,326.64,327.68,1.08,1,0.9259259259259258,1.04,left,26,rameen
440,8193,8201,327.72,328.04,0.36,1,2.7777777777777777,0.28,left,7,rameen
441,8202,8213,328.08,328.52,0.48,1,2.0833333333333335,0.44,left,11,rameen
442,8214,8240,328.56,329.6,1.08,1,0.9259259259259258,0.92,right,23,rameen
443,8241,8254,329.64,330.16,0.56,1,1.7857142857142856,0.48,right,12,rameen
444,8255,8258,330.2,330.32,0.16,1,6.25,0.04,right,1,rameen
445,8259,8277,330.36,331.08,0.76,1,1.3157894736842106,0.4,right,10,rameen
446,8278,8294,331.12,331.76,0.68,1,1.4705882352941175,0.32,right,8,rameen
447,8295,8317,331.8,332.68,0.92,1,1.0869565217391304,0.32,left,8,rameen
448,8318,8339,332.72,333.56,0.88,1,1.1363636363636365,0.48,left,12,rameen
449,8340,8364,333.6,334.56,1.0,1,1.0,0.76,left,19,rameen
450,8365,8401,334.6,336.04,1.48,1,0.6756756756756757,1.12,left,28,rameen
451,8402,8433,336.08,337.32,1.28,1,0.78125,1.04,left,26,rameen
452,8434,8454,337.36,338.16,0.84,1,1.1904761904761905,0.72,right,18,rameen
453,8455,8464,338.2,338.56,0.4,1,2.5,0.24,left,6,rameen
454,8465,8480,338.6,339.2,0.64,1,1.5625,0.56,right,14,rameen
455,8481,8485,339.24,339.4,0.2,1,5.0,0.16,right,4,rameen
456,8486,8509,339.44,340.36,0.96,1,1.0416666666666667,0.32,right,8,rameen
457,8510,8542,340.4,341.68,1.32,1,0.7575757575757576,0.48,right,12,rameen
458,8543,8573,341.72,342.92,1.24,1,0.8064516129032259,0.64,right,16,rameen
459,8574,8593,342.96,343.72,0.8,1,1.25,0.28,right,7,rameen
460,8594,8610,343.76,344.4,0.68,1,1.4705882352941175,0.6,left,15,rameen
461,8611,8614,344.44,344.56,0.16,1,6.25,0.12,right,3,rameen
462,8615,8617,344.6,344.68,0.12,1,8.333333333333334,0.04,right,1,rameen
463,8618,8625,344.72,345.0,0.32,1,3.125,0.04,right,1,rameen
464,8626,8636,345.04,345.44,0.44,1,2.272727272727273,0.08,right,2,rameen
465,8637,8649,345.48,345.96,0.52,1,1.923076923076923,0.32,right,8,rameen
466,8650,8675,346.0,347.0,1.04,1,0.9615384615384616,0.36,right,9,rameen
467,8676,8708,347.04,348.32,1.32,1,0.7575757575757576,0.24,right,6,rameen
468,8709,8734,348.36,349.36,1.04,1,0.9615384615384616,0.96,right,24,rameen
469,8735,8751,349.4,350.04,0.68,1,1.4705882352941175,0.64,left,16,rameen
470,8752,8753,350.08,350.12,0.08,1,12.5,0.04,right,1,rameen
471,8754,8759,350.16,350.36,0.24,1,4.166666666666667,0.04,right,1,rameen
472,8760,8789,350.4,351.56,1.2,1,0.8333333333333334,0.72,right,18,rameen
473,8790,8834,351.6,353.36,1.8,1,0.5555555555555556,1.08,right,27,rameen
474,8835,8856,353.4,354.24,0.88,1,1.1363636363636365,0.32,right,8,rameen
475,8857,8879,354.28,355.16,0.92,1,1.0869565217391304,0.52,right,13,rameen
476,8880,8893,355.2,355.72,0.56,1,1.7857142857142856,0.32,right,8,rameen
0,0,31,0.0,1.03338968877254,1.0667248400232672,1,0.9374488738615931,1.0000545375218128,right,30,richie
1,32,73,1.0667248400232672,2.433466041303078,1.4000763525305382,1,0.7142467610374044,1.1333951425247213,left,34,richie
2,74,111,2.466801192553805,3.700201788830708,1.2667357475276295,1,0.7894306306202891,1.1667302937754485,left,35,richie
3,112,161,3.733536940081435,5.366959351367063,1.6667575625363549,1,0.5999672792714197,1.6334224112856277,left,49,richie
4,162,163,5.40029450261779,5.433629653868517,0.0666703025014542,1,14.999181981785492,0.0333351512507271,right,1,richie
5,164,270,5.466964805119244,9.000490837696317,3.5668611838277995,1,0.2803585417156167,2.833487856311803,left,85,richie
6,271,325,9.033825988947044,10.833924156486306,1.8334333187899905,1,0.5454247993376542,1.0667248400232672,left,32,richie
7,326,382,10.867259307737037,12.73402777777775,1.9001036212914448,1,0.5262870870801927,1.8667684700407177,right,56,richie
8,383,425,12.76736292902848,14.167439281559016,1.4334115037812651,1,0.6976363712458369,1.4000763525305382,left,42,richie
9,426,437,14.200774432809744,14.567461096567742,0.4000218150087252,1,2.499863663630915,0.3666866637579981,left,11,richie
10,438,441,14.600796247818469,14.70080170157065,0.1333406050029084,1,7.499590990892746,0.1000054537521813,left,3,richie
11,442,455,14.734136852821376,15.16749381908083,0.4666921175101793,1,2.142740283112213,0.3333515125072709,left,10,richie
12,456,459,15.200828970331555,15.30083442408374,0.1333406050029084,1,7.499590990892746,0.0333351512507271,left,1,richie
13,460,471,15.334169575334466,15.700856239092465,0.4000218150087252,1,2.499863663630915,0.1333406050029084,left,4,richie
14,472,477,15.73419139034319,15.900867146596823,0.2000109075043626,1,4.99972732726183,0.1666757562536354,left,5,richie
15,478,485,15.934202297847554,16.16754835660264,0.2666812100058168,1,3.749795495446373,0.1666757562536354,left,5,richie
16,486,487,16.20088350785337,16.234218659104098,0.0666703025014542,1,14.999181981785492,0.0333351512507271,left,1,richie
17,488,493,16.267553810354823,16.434229566608458,0.2000109075043626,1,4.99972732726183,0.0666703025014542,left,2,richie
18,494,520,16.467564717859187,17.334278650378092,0.9000490837696317,1,1.1110505171692957,0.1666757562536354,left,5,richie
19,521,529,17.367613801628817,17.634295011634634,0.3000163612565439,1,3.333151551507887,0.1333406050029084,left,4,richie
20,530,547,17.667630162885363,18.234327734147723,0.6000327225130878,1,1.6665757757539434,0.1333406050029084,left,4,richie
21,548,584,18.26766288539845,19.467728330424624,1.2334005962769026,1,0.8107665936100267,0.6667030250145419,left,20,richie
22,585,610,19.501063481675352,20.33444226294353,0.8667139325189045,1,1.153783229368115,0.2666812100058168,left,8,richie
23,611,634,20.367777414194254,21.13448589296098,0.8000436300174504,1,1.2499318318154575,0.1333406050029084,left,4,richie
24,635,658,21.167821044211703,21.93452952297843,0.8000436300174504,1,1.2499318318154575,0.2333460587550896,left,7,richie
25,659,701,21.96786467422916,23.367941026759695,1.4334115037812651,1,0.6976363712458369,0.1666757562536354,left,5,richie
26,702,763,23.401276178010423,25.434720404304777,2.06677937754508,1,0.4838445800575965,1.300070898778357,right,39,richie
27,764,773,25.4680555555555,25.768071916812048,0.3333515125072709,1,2.9998363963570984,0.2666812100058168,left,8,richie
28,774,783,25.801407068062773,26.10142342931932,0.3333515125072709,1,2.9998363963570984,0.3000163612565439,left,9,richie
29,784,810,26.134758580570043,27.00147251308895,0.9000490837696317,1,1.1110505171692957,0.8667139325189045,left,26,richie
30,811,813,27.034807664339677,27.10147796684113,0.1000054537521813,1,9.99945465452366,0.0333351512507271,left,1,richie
31,814,827,27.13481311809186,27.56817008435131,0.4666921175101793,1,2.142740283112213,0.4000218150087252,left,12,richie
32,828,829,27.601505235602037,27.634840386852765,0.0666703025014542,1,14.999181981785492,0.0333351512507271,left,1,richie
33,830,835,27.66817553810349,27.83485129435713,0.2000109075043626,1,4.99972732726183,0.0333351512507271,left,1,richie
34,836,846,27.868186445607854,28.201537958115125,0.3666866637579981,1,2.727123996688271,0.3000163612565439,left,9,richie
35,847,849,28.234873109365857,28.301543411867307,0.1000054537521813,1,9.99945465452366,0.0333351512507271,left,1,richie
36,850,877,28.334878563118032,29.234927646887662,0.9333842350203588,1,1.0713701415561063,0.5000272687609064,left,15,richie
37,878,885,29.26826279813839,29.501608856893483,0.2666812100058168,1,3.749795495446373,0.1000054537521813,left,3,richie
38,886,902,29.53494400814421,30.068306428155843,0.5666975712623606,1,1.7646096449159403,0.2000109075043626,left,6,richie
39,903,905,30.101641579406568,30.168311881908025,0.1000054537521813,1,9.99945465452366,0.0333351512507271,left,1,richie
40,906,918,30.20164703315875,30.60166884816748,0.4333569662594522,1,2.30756645873623,0.0333351512507271,left,1,richie
41,919,953,30.635003999418203,31.768399141942925,1.1667302937754485,1,0.8570961132448852,1.03338968877254,left,31,richie
42,954,965,31.80173429319365,32.16842095695165,0.4000218150087252,1,2.499863663630915,0.3333515125072709,left,10,richie
43,966,971,32.201756108202375,32.368431864456014,0.2000109075043626,1,4.99972732726183,0.0333351512507271,left,1,richie
44,972,985,32.40176701570674,32.83512398196619,0.4666921175101793,1,2.142740283112213,0.3000163612565439,left,9,richie
45,986,992,32.868459133216916,33.06847004072128,0.2333460587550896,1,4.285480566224426,0.2000109075043626,left,6,richie
46,993,994,33.101805191972005,33.13514034322274,0.0666703025014542,1,14.999181981785492,0.0333351512507271,left,1,richie
47,995,996,33.16847549447346,33.20181064572419,0.0666703025014542,1,14.999181981785492,0.0333351512507271,left,1,richie
48,997,999,33.23514579697492,33.30181609947637,0.1000054537521813,1,9.99945465452366,0.0333351512507271,left,1,richie
49,1000,1009,33.3351512507271,33.63516761198364,0.3333515125072709,1,2.9998363963570984,0.2666812100058168,left,8,richie
50,1010,1160,33.66850276323437,38.668775450843434,5.033607838859792,1,0.1986646620104038,4.36690481384525,left,131,richie
51,1161,1187,38.70211060209416,39.568824534613064,0.9000490837696317,1,1.1110505171692957,0.2666812100058168,left,8,richie
52,1188,1276,39.60215968586379,42.53565299592778,2.966828461314712,1,0.3370602692536065,2.3001254363001697,left,69,richie
53,1277,1329,42.5689881471785,44.30241601221631,1.7667630162885362,1,0.5660068672371884,1.0000545375218128,left,30,richie
54,1330,1388,44.33575116346704,46.26918993600921,1.9667739237928987,1,0.5084468468401862,1.2334005962769026,left,37,richie
55,1389,1789,46.30252508725994,59.636585587550776,13.367395651541566,1,0.0748088876897032,12.667357475276296,left,380,richie
56,1790,1799,59.66992073880151,59.96993710005805,0.3333515125072709,1,2.9998363963570984,0.3000163612565439,right,9,richie
57,1800,1804,60.00327225130878,60.136612856311686,0.1666757562536354,1,5.999672792714197,0.1000054537521813,right,3,richie
58,1805,1817,60.16994800756241,60.56996982257114,0.4333569662594522,1,2.30756645873623,0.0666703025014542,left,2,richie
59,1818,1877,60.603304973821864,62.57007889761476,2.0001090750436257,1,0.4999727327261831,1.933438772542172,right,58,richie
60,1878,1934,62.60341404886549,64.47018251890621,1.9001036212914448,1,0.5262870870801927,1.2334005962769026,left,37,richie
61,1935,1941,64.50351767015694,64.7035285776613,0.2333460587550896,1,4.285480566224426,0.1666757562536354,left,5,richie
62,1942,1963,64.73686372891203,65.4369019051773,0.7333733275159962,1,1.3635619983441356,0.0333351512507271,right,1,richie
63,1964,1969,65.47023705642802,65.63691281268166,0.2000109075043626,1,4.99972732726183,0.0666703025014542,right,2,richie
64,1970,1998,65.67024796393238,66.60363219895274,0.966719386271086,1,1.0344263435714132,0.4000218150087252,right,12,richie
65,1999,2047,66.63696735020346,68.23705461023837,1.6334224112856277,1,0.6122115094606324,0.3333515125072709,right,10,richie
66,2048,2053,68.2703897614891,68.43706551774274,0.2000109075043626,1,4.99972732726183,0.1000054537521813,left,3,richie
67,2054,2071,68.47040066899346,69.03709824025582,0.6000327225130878,1,1.6665757757539434,0.0333351512507271,left,1,richie
68,2072,2110,69.07043339150654,70.33716913903417,1.300070898778357,1,0.7691888195787432,0.5666975712623606,right,17,richie
69,2111,2167,70.3705042902849,72.23727276032562,1.9001036212914448,1,0.5262870870801927,1.1667302937754485,right,35,richie
70,2168,2379,72.27060791157635,79.30432482547977,7.067052065154145,1,0.1415017168092971,6.767035703897601,left,203,richie
71,2380,2390,79.33765997673049,79.67101148923777,0.3666866637579981,1,2.727123996688271,0.2000109075043626,right,6,richie
72,2391,2398,79.7043466404885,79.93769269924358,0.2666812100058168,1,3.749795495446373,0.1333406050029084,right,4,richie
73,2399,2412,79.97102785049431,80.40438481675376,0.4666921175101793,1,2.142740283112213,0.2000109075043626,right,6,richie
74,2413,2513,80.43771996800449,83.7712350930772,3.366850276323437,1,0.2970135045898117,2.700147251308895,right,81,richie
75,2514,2544,83.80457024432792,84.80462478184974,1.03338968877254,1,0.9676891601151932,0.5666975712623606,left,17,richie
76,2545,2546,84.83795993310046,84.87129508435119,0.0666703025014542,1,14.999181981785492,0.0333351512507271,left,1,richie
77,2547,2574,84.90463023560191,85.80467931937154,0.9333842350203588,1,1.0713701415561063,0.3333515125072709,left,10,richie
78,2575,2583,85.83801447062228,86.1046956806281,0.3000163612565439,1,3.333151551507887,0.2666812100058168,left,8,richie
79,2584,2586,86.13803083187882,86.20470113438027,0.1000054537521813,1,9.99945465452366,0.0333351512507271,left,1,richie
80,2587,2600,86.238036285631,86.67139325189045,0.4666921175101793,1,2.142740283112213,0.0666703025014542,left,2,richie
81,2601,2633,86.70472840314117,87.77145324316444,1.1000599912739943,1,0.9090413322294236,0.5000272687609064,right,15,richie
82,2634,2662,87.80478839441517,88.73817262943554,0.966719386271086,1,1.0344263435714132,0.2333460587550896,right,7,richie
83,2663,2712,88.77150778068626,90.40493019197189,1.6667575625363549,1,0.5999672792714197,0.9000490837696317,right,27,richie
84,2713,2775,90.4382653432226,92.5050447207677,2.100114528795807,1,0.4761645073582696,1.366741201279811,right,41,richie
85,2776,2900,92.53837987201842,96.6719386271086,4.166893906340888,1,0.2399869117085678,3.466855730075618,right,104,richie
86,2901,2930,96.70527377835931,97.6719931646304,1.0000545375218128,1,0.9999454654523664,0.2666812100058168,right,8,richie
87,2931,2992,97.70532831588112,99.73877254217548,2.06677937754508,1,0.4838445800575965,1.700092713787082,left,51,richie
88,2993,2994,99.7721076934262,99.80544284467692,0.0666703025014542,1,14.999181981785492,0.0333351512507271,left,1,richie
89,2995,3001,99.83877799592766,100.03878890343202,0.2333460587550896,1,4.285480566224426,0.1000054537521813,left,3,richie
90,3002,3011,100.07212405468276,100.3721404159393,0.3333515125072709,1,2.9998363963570984,0.3000163612565439,right,9,richie
91,3012,3016,100.40547556719002,100.53881617219292,0.1666757562536354,1,5.999672792714197,0.0333351512507271,right,1,richie
92,3017,3027,100.57215132344363,100.90550283595093,0.3666866637579981,1,2.727123996688271,0.2000109075043626,right,6,richie
93,3028,3035,100.93883798720164,101.17218404595674,0.2666812100058168,1,3.749795495446373,0.0333351512507271,left,1,richie
94,3036,3050,101.20551919720748,101.67221131471764,0.5000272687609064,1,1.9998909309047328,0.4333569662594522,right,13,richie
95,3051,3054,101.70554646596838,101.80555191972056,0.1333406050029084,1,7.499590990892746,0.1000054537521813,right,3,richie
96,3055,3069,101.83888707097128,102.30557918848146,0.5000272687609064,1,1.9998909309047328,0.1000054537521813,right,3,richie
97,3070,3124,102.33891433973218,104.13901250727146,1.8334333187899905,1,0.5454247993376542,1.800098167539263,left,54,richie
98,3125,3133,104.17234765852218,104.439028868528,0.3000163612565439,1,3.333151551507887,0.2666812100058168,left,8,richie
99,3134,3144,104.47236401977872,104.805715532286,0.3666866637579981,1,2.727123996688271,0.2666812100058168,right,8,richie
100,3145,3180,104.83905068353673,106.00578097731216,1.2000654450261756,1,0.8332878878769717,1.1667302937754485,left,35,richie
101,3181,3221,106.0391161285629,107.37252217859198,1.366741201279811,1,0.7316674137456337,0.8000436300174504,left,24,richie
102,3222,3242,107.4058573298427,108.07256035485725,0.7000381762652691,1,1.4284935220748087,0.6333678737638149,left,19,richie
103,3243,3247,108.10589550610798,108.23923611111088,0.1666757562536354,1,5.999672792714197,0.0666703025014542,left,2,richie
104,3248,3318,108.2725712623616,110.60603184991253,2.366795738801624,1,0.4225121685009997,2.333460587550897,right,70,richie
105,3319,3326,110.63936700116324,110.87271305991833,0.2666812100058168,1,3.749795495446373,0.1000054537521813,right,3,richie
106,3327,3368,110.90604821116904,112.27278941244889,1.4000763525305382,1,0.7142467610374044,1.366741201279811,right,41,richie
107,3369,3427,112.3061245636996,114.23956333624176,1.9667739237928987,1,0.5084468468401862,1.5334169575334464,left,46,richie
108,3428,3515,114.2728984874925,117.17305664630577,2.9334933100639846,1,0.3408904995860339,1.8334333187899905,right,55,richie
109,3516,3568,117.20639179755648,118.93981966259427,1.7667630162885362,1,0.5660068672371884,1.0000545375218128,left,30,richie
110,3569,3577,118.973154813845,119.23983602385084,0.3000163612565439,1,3.333151551507887,0.2333460587550896,left,7,richie
111,3578,3582,119.27317117510157,119.40651178010448,0.1666757562536354,1,5.999672792714197,0.1000054537521813,left,3,richie
112,3583,3604,119.4398469313552,120.13988510762046,0.7333733275159962,1,1.3635619983441356,0.7000381762652691,left,21,richie
113,3605,3677,120.17322025887118,122.57335114892354,2.433466041303078,1,0.4109364926516573,2.4001308900523513,left,72,richie
114,3678,3728,122.60668630017426,124.27344386271062,1.700092713787082,1,0.58820321497198,1.6667575625363549,left,50,richie
115,3729,3731,124.30677901396136,124.3734493164628,0.1000054537521813,1,9.99945465452366,0.0666703025014542,left,2,richie
116,3732,4075,124.40678446771354,135.84074134671292,11.46729203025012,1,0.0872045464057296,11.000599912739942,right,330,richie
117,4076,4109,135.87407649796364,136.97413648923765,1.1333951425247213,1,0.8823048224579702,0.4666921175101793,right,14,richie
118,4110,4138,137.00747164048838,137.94085587550873,0.966719386271086,1,1.0344263435714132,0.7333733275159962,right,22,richie
119,4139,4225,137.97419102675946,140.841014034322,2.9001581588132574,1,0.3448087811904711,2.0001090750436257,right,60,richie
120,4226,4285,140.87434918557273,142.8411231093656,2.0001090750436257,1,0.4999727327261831,1.2334005962769026,left,37,richie
121,4286,4583,142.87445826061634,152.7749981820823,9.933875072716676,1,0.1006656508844663,9.933875072716676,right,298,richie
0,0,22,0.0,0.6563071732758134,0.6861393175156231,1,1.4574299627964848,0.2088250096786679,right,7,steak
1,23,29,0.6861393175156231,0.8651321829544812,0.2088250096786679,1,4.78869844918845,0.1193285769592388,right,4,steak
2,30,128,0.894964327194291,3.8185144626956418,2.9533822797411604,1,0.3385948398416075,2.8042215585421117,right,94,steak
3,129,188,3.848346606935451,5.6084431170842235,1.789928654388582,1,0.5586814857386525,0.8054678944748619,right,27,steak
4,189,196,5.638275261324034,5.847100271002701,0.2386571539184776,1,4.190111143039894,0.0894964327194291,right,3,steak
5,197,259,5.876932415242511,7.726525358110712,1.8794250871080111,1,0.5320776054653833,1.7600965101487722,right,59,steak
6,260,262,7.756357502350522,7.816021790830141,0.0894964327194291,1,11.17362971477305,0.0298321442398097,right,1,steak
7,263,264,7.845853935069951,7.87568607930976,0.0596642884796194,1,16.760444572159575,0.0298321442398097,right,1,steak
8,265,268,7.905518223549571,7.995014656268999,0.1193285769592388,1,8.380222286079787,0.0298321442398097,right,1,steak
9,269,271,8.02484680050881,8.084511088988428,0.0894964327194291,1,11.17362971477305,0.0298321442398097,right,1,steak
10,272,363,8.114343233228238,10.829068359050922,2.7445572700624923,1,0.3643574906991212,2.625228693103254,right,88,steak
11,364,385,10.85890050329073,11.485375532326737,0.6563071732758134,1,1.523676779287234,0.4176500193573358,right,14,steak
12,386,396,11.515207676566543,11.813529118964642,0.3281535866379067,1,3.047353558574468,0.298321442398097,right,10,steak
13,397,401,11.84336126320445,11.962689840163687,0.1491607211990485,1,6.70417782886383,0.0298321442398097,right,1,steak
14,402,416,11.9925219844035,12.410172003760836,0.4474821635971455,1,2.23472594295461,0.4176500193573358,right,14,steak
15,417,421,12.440004148000645,12.559332724959884,0.1491607211990485,1,6.70417782886383,0.0298321442398097,right,1,steak
16,422,452,12.589164869199694,13.484129196393985,0.9247964714341008,1,1.0813190046554564,0.7458036059952425,right,25,steak
17,453,481,13.513961340633792,14.349261379348466,0.8651321829544812,1,1.1558927291144534,0.6861393175156231,right,23,steak
18,482,487,14.379093523588276,14.528254244787323,0.1789928654388582,1,5.586814857386525,0.1491607211990485,right,5,steak
19,488,490,14.558086389027132,14.617750677506752,0.0894964327194291,1,11.17362971477305,0.0298321442398097,right,1,steak
20,491,492,14.647582821746562,14.677414965986372,0.0596642884796194,1,16.760444572159575,0.0298321442398097,right,1,steak
21,493,496,14.707247110226184,14.796743542945611,0.1193285769592388,1,8.380222286079787,0.0596642884796194,right,2,steak
22,497,510,14.826575687185422,15.214393562302948,0.4176500193573358,1,2.394349224594225,0.2386571539184776,right,8,steak
23,511,518,15.244225706542757,15.453050716221425,0.2386571539184776,1,4.190111143039894,0.1491607211990485,right,5,steak
24,519,538,15.482882860461237,16.04969360101762,0.596642884796194,1,1.6760444572159574,0.1193285769592388,right,4,steak
25,539,540,16.079525745257428,16.10935788949724,0.0596642884796194,1,16.760444572159575,0.0298321442398097,right,1,steak
26,541,568,16.139190033737048,16.94465792821191,0.8353000387146716,1,1.1971746122971123,0.8054678944748619,right,27,steak
27,569,586,16.97449007245172,17.481636524528483,0.5369785963165746,1,1.8622716191288415,0.5071464520767649,right,17,steak
28,587,606,17.511468668768295,18.07827940932468,0.596642884796194,1,1.6760444572159574,0.5668107405563843,right,19,steak
29,607,614,18.108111553564488,18.316936563243157,0.2386571539184776,1,4.190111143039894,0.1193285769592388,right,4,steak
30,615,626,18.34676870748297,18.674922294120872,0.3579857308777164,1,2.7934074286932624,0.3281535866379067,right,11,steak
31,627,652,18.70475443836068,19.45055804435593,0.7756357502350522,1,1.289264967089198,0.7458036059952425,right,25,steak
32,653,656,19.480390188595734,19.569886621315163,0.1193285769592388,1,8.380222286079787,0.0596642884796194,right,2,steak
33,657,661,19.59971876555497,19.719047342514212,0.1491607211990485,1,6.70417782886383,0.0596642884796194,right,2,steak
34,662,709,19.74887948675402,21.150990266025076,1.4319429235108656,1,0.6983518571733156,1.2529500580720074,right,42,steak
35,710,746,21.180822410264888,22.254779602898036,1.103789336872959,1,0.9059699768734903,0.596642884796194,right,20,steak
36,747,778,22.284611747137845,23.209408218571948,0.9546286156739104,1,1.0475277857599734,0.2386571539184776,right,8,steak
37,779,812,23.239240362811756,24.223701122725476,1.0142929041535298,1,0.9859085042446808,0.9546286156739104,right,32,steak
38,813,814,24.253533266965285,24.283365411205097,0.0596642884796194,1,16.760444572159575,0.0298321442398097,right,1,steak
39,815,873,24.313197555444905,26.043461921353867,1.7600965101487722,1,0.5681506634630364,1.6407679331895335,right,55,steak
40,874,883,26.07329406559368,26.341783363751965,0.298321442398097,1,3.352088914431915,0.0298321442398097,right,1,steak
41,884,952,26.371615507991773,28.400201316298833,2.0584179525468693,1,0.4858099875988282,1.7302643659089625,right,58,steak
42,953,963,28.430033460538645,28.72835490293674,0.3281535866379067,1,3.047353558574468,0.2386571539184776,right,8,steak
43,964,967,28.758187047176552,28.84768347989598,0.1193285769592388,1,8.380222286079787,0.0894964327194291,right,3,steak
44,968,981,28.87751562413579,29.265333499253316,0.4176500193573358,1,2.394349224594225,0.0298321442398097,right,1,steak
45,982,996,29.295165643493124,29.71281566285046,0.4474821635971455,1,2.23472594295461,0.1491607211990485,right,5,steak
46,997,1070,29.742647807090272,31.920394336596377,2.207578673745918,1,0.4529849884367452,2.1777465295061083,right,73,steak
47,1071,1075,31.95022648083619,32.06955505779543,0.1491607211990485,1,6.70417782886383,0.0894964327194291,right,3,steak
48,1076,1079,32.09938720203524,32.18888363475467,0.1193285769592388,1,8.380222286079787,0.0894964327194291,right,3,steak
49,1080,1088,32.21871577899448,32.45737293291295,0.2684892981582873,1,3.724543238257683,0.0298321442398097,right,1,steak
50,1089,1099,32.487205077152765,32.785526519550864,0.3281535866379067,1,3.047353558574468,0.2386571539184776,right,8,steak
51,1100,1110,32.81535866379067,33.11368010618877,0.3281535866379067,1,3.047353558574468,0.298321442398097,right,10,steak
52,1111,1113,33.14351225042858,33.203176538908195,0.0894964327194291,1,11.17362971477305,0.0596642884796194,right,2,steak
53,1114,1119,33.23300868314801,33.38216940434705,0.1789928654388582,1,5.586814857386525,0.0894964327194291,right,3,steak
54,1120,1129,33.412001548586865,33.68049084674515,0.298321442398097,1,3.352088914431915,0.2684892981582873,right,9,steak
55,1130,1142,33.71032299098496,34.06830872186268,0.3878178751175261,1,2.578529934178396,0.3579857308777164,right,12,steak
56,1143,1192,34.09814086610249,35.55991593385316,1.491607211990485,1,0.670417782886383,1.2529500580720074,right,42,steak
57,1193,1195,35.589748078092974,35.64941236657259,0.0894964327194291,1,11.17362971477305,0.0596642884796194,right,2,steak
58,1196,1219,35.6792445108124,36.36538382832802,0.7159714617554328,1,1.3967037143466312,0.6861393175156231,right,23,steak
59,1220,1224,36.39521597256783,36.51454454952707,0.1491607211990485,1,6.70417782886383,0.0596642884796194,right,2,steak
60,1225,1277,36.544376693766885,38.095648194236986,1.581103644709914,1,0.6324696064965878,1.5512715004701043,right,52,steak
61,1278,1282,38.1254803384768,38.24480891543603,0.1491607211990485,1,6.70417782886383,0.0298321442398097,left,1,steak
62,1283,1314,38.27464105967584,39.19943753110994,0.9546286156739104,1,1.0475277857599734,0.894964327194291,right,30,steak
63,1315,1342,39.229269675349755,40.034737569824614,0.8353000387146716,1,1.1971746122971123,0.7458036059952425,right,25,steak
64,1343,1372,40.064569714064426,40.92970189701891,0.894964327194291,1,1.117362971477305,0.8353000387146716,right,28,steak
65,1373,1434,40.95953404125872,42.77929483988711,1.8495929428682016,1,0.5406595023277282,1.6109357889497238,right,54,steak
66,1435,1446,42.80912698412692,43.13728057076482,0.3579857308777164,1,2.7934074286932624,0.1789928654388582,right,6,steak
67,1447,1454,43.167112715004635,43.375937724683304,0.2386571539184776,1,4.190111143039894,0.2088250096786679,right,7,steak
68,1455,1461,43.40576986892312,43.58476273436197,0.2088250096786679,1,4.78869844918845,0.0298321442398097,right,1,steak
69,1462,1469,43.61459487860178,43.82341988828045,0.2386571539184776,1,4.190111143039894,0.2088250096786679,right,7,steak
70,1470,1499,43.85325203252026,44.71838421547474,0.894964327194291,1,1.117362971477305,0.0894964327194291,right,3,steak
71,1500,1501,44.74821635971455,44.77804850395436,0.0596642884796194,1,16.760444572159575,0.0298321442398097,right,1,steak
72,1502,1503,44.80788064819417,44.837712792433976,0.0596642884796194,1,16.760444572159575,0.0298321442398097,right,1,steak
73,1504,1517,44.86754493667379,45.255362811791315,0.4176500193573358,1,2.394349224594225,0.2684892981582873,right,9,steak
74,1518,1537,45.28519495603113,45.85200569658751,0.596642884796194,1,1.6760444572159574,0.0298321442398097,right,1,steak
75,1538,1586,45.88183784082731,47.31378076433818,1.4617750677506751,1,0.6840997784554929,1.4319429235108656,right,48,steak
76,1587,1623,47.343612908577995,48.41757010121114,1.103789336872959,1,0.9059699768734903,0.8054678944748619,right,27,steak
77,1624,1645,48.44740224545095,49.073877274486954,0.6563071732758134,1,1.523676779287234,0.6264750290360037,right,21,steak
78,1646,1659,49.103709418726766,49.49152729384429,0.4176500193573358,1,2.394349224594225,0.0894964327194291,right,3,steak
79,1660,1662,49.521359438084104,49.58102372656372,0.0894964327194291,1,11.17362971477305,0.0298321442398097,right,1,steak
80,1663,1698,49.61085587080353,50.65498091919687,1.0739571926331493,1,0.9311358095644208,0.9247964714341008,right,31,steak
81,1699,1710,50.68481306343668,51.01296665007459,0.3579857308777164,1,2.7934074286932624,0.1491607211990485,right,5,steak
82,1711,1712,51.04279879431439,51.072630938554205,0.0596642884796194,1,16.760444572159575,0.0298321442398097,right,1,steak
83,1713,1717,51.10246308279402,51.22179165975326,0.1491607211990485,1,6.70417782886383,0.0298321442398097,right,1,steak
84,1718,1724,51.25162380399306,51.43061666943192,0.2088250096786679,1,4.78869844918845,0.0894964327194291,right,3,steak
85,1725,1734,51.46044881367173,51.72893811183002,0.298321442398097,1,3.352088914431915,0.2088250096786679,left,7,steak
86,1735,1739,51.75877025606983,51.87809883302907,0.1491607211990485,1,6.70417782886383,0.0298321442398097,right,1,steak
87,1740,1744,51.90793097726888,52.02725955422812,0.1491607211990485,1,6.70417782886383,0.0298321442398097,right,1,steak
88,1745,1747,52.05709169846793,52.116755986947545,0.0894964327194291,1,11.17362971477305,0.0596642884796194,right,2,steak
89,1748,1816,52.14658813118736,54.175173939494414,2.0584179525468693,1,0.4858099875988282,1.2827822023118172,right,43,steak
90,1817,1888,54.205006083734226,56.32308832476071,2.1479143852662985,1,0.4655679047822104,2.118082241026489,right,71,steak
91,1889,1957,56.35292046900052,58.38150627730758,2.0584179525468693,1,0.4858099875988282,1.9092572313478209,right,64,steak
92,1958,1974,58.41133842154739,58.88865272938435,0.5071464520767649,1,1.9718170084893616,0.1491607211990485,right,5,steak
93,1975,1987,58.91848487362416,59.276470604501874,0.3878178751175261,1,2.578529934178396,0.1789928654388582,right,6,steak
94,1988,2004,59.306302748741686,59.78361705657864,0.5071464520767649,1,1.9718170084893616,0.3878178751175261,right,13,steak
95,2005,2010,59.81344920081845,59.9626099220175,0.1789928654388582,1,5.586814857386525,0.0298321442398097,right,1,steak
96,2011,2050,59.992442066257304,61.155895691609885,1.193285769592388,1,0.8380222286079787,0.9247964714341008,right,31,steak
97,2051,2057,61.1857278358497,61.364720701288554,0.2088250096786679,1,4.78869844918845,0.1491607211990485,right,5,steak
98,2058,2060,61.39455284552836,61.45421713400798,0.0894964327194291,1,11.17362971477305,0.0596642884796194,right,2,steak
99,2061,2078,61.48404927824779,61.99119573032456,0.5369785963165746,1,1.8622716191288415,0.5071464520767649,right,17,steak
100,2079,2084,62.02102787456437,62.17018859576341,0.1789928654388582,1,5.586814857386525,0.1491607211990485,right,5,steak
101,2085,2114,62.200020740003225,63.06515292295771,0.894964327194291,1,1.117362971477305,0.7756357502350522,right,26,steak
102,2115,2131,63.09498506719751,63.57229937503447,0.5071464520767649,1,1.9718170084893616,0.4176500193573358,right,14,steak
103,2132,2163,63.60213151927428,64.52692799070839,0.9546286156739104,1,1.0475277857599734,0.894964327194291,right,30,steak
104,2164,2178,64.55676013494819,64.97441015430553,0.4474821635971455,1,2.23472594295461,0.3878178751175261,right,13,steak
105,2179,2181,65.00424229854534,65.06390658702496,0.0894964327194291,1,11.17362971477305,0.0596642884796194,right,2,steak
106,2182,2183,65.09373873126476,65.12357087550457,0.0596642884796194,1,16.760444572159575,0.0298321442398097,right,1,steak
107,2184,2198,65.15340301974439,65.57105303910173,0.4474821635971455,1,2.23472594295461,0.2088250096786679,right,7,steak
108,2199,2234,65.60088518334153,66.64501023173487,1.0739571926331493,1,0.9311358095644208,0.98446075991372,right,33,steak
109,2235,2250,66.67484237597468,67.12232453957182,0.4773143078369552,1,2.095055571519947,0.3878178751175261,right,13,steak
110,2251,2264,67.15215668381164,67.53997455892916,0.4176500193573358,1,2.394349224594225,0.298321442398097,right,10,steak
111,2265,2276,67.56980670316896,67.89796028980687,0.3579857308777164,1,2.7934074286932624,0.2684892981582873,right,9,steak
112,2277,2287,67.92779243404668,68.22611387644478,0.3281535866379067,1,3.047353558574468,0.298321442398097,right,10,steak
113,2288,2292,68.25594602068459,68.37527459764384,0.1491607211990485,1,6.70417782886383,0.0298321442398097,right,1,steak
114,2293,2302,68.40510674188364,68.67359604004193,0.298321442398097,1,3.352088914431915,0.2684892981582873,right,9,steak
115,2303,2331,68.70342818428173,69.53872822299641,0.8651321829544812,1,1.1558927291144534,0.7159714617554328,right,24,steak
116,2332,2346,69.56856036723622,69.98621038659356,0.4474821635971455,1,2.23472594295461,0.2386571539184776,right,8,steak
117,2347,2359,70.01604253083336,70.37402826171108,0.3878178751175261,1,2.578529934178396,0.2684892981582873,right,9,steak
118,2360,2369,70.4038604059509,70.67234970410918,0.298321442398097,1,3.352088914431915,0.2386571539184776,right,8,steak
119,2370,2399,70.70218184834899,71.56731403130347,0.894964327194291,1,1.117362971477305,0.2684892981582873,right,9,steak
120,2400,2443,71.59714617554327,72.8799283778551,1.312614346551627,1,0.7618383896436169,1.2827822023118172,right,43,steak
121,2444,2488,72.90976052209491,74.22237486864654,1.3424464907914364,1,0.7449086476515366,1.0739571926331493,right,36,steak
122,2489,2493,74.25220701288634,74.37153558984558,0.1491607211990485,1,6.70417782886383,0.0298321442398097,right,1,steak
123,2494,2503,74.4013677340854,74.66985703224368,0.298321442398097,1,3.352088914431915,0.0298321442398097,right,1,steak
124,2504,2516,74.69968917648349,75.0576749073612,0.3878178751175261,1,2.578529934178396,0.2684892981582873,right,9,steak
125,2517,2525,75.08750705160101,75.32616420551949,0.2684892981582873,1,3.724543238257683,0.1789928654388582,right,6,steak
126,2526,2540,75.35599634975931,75.77364636911663,0.4474821635971455,1,2.23472594295461,0.3878178751175261,right,13,steak
127,2541,2553,75.80347851335645,76.16146424423417,0.3878178751175261,1,2.578529934178396,0.3579857308777164,right,12,steak
128,2554,2600,76.19129638847397,77.56357502350522,1.402110779271056,1,0.7132104073259393,1.2827822023118172,right,43,steak
129,2601,2603,77.59340716774503,77.65307145622465,0.0894964327194291,1,11.17362971477305,0.0596642884796194,right,2,steak
130,2604,2644,77.68290360046446,78.87618937005685,1.2231179138321977,1,0.8175826620565646,1.1634536253525782,right,39,steak
131,2645,2649,78.90602151429665,79.0253500912559,0.1491607211990485,1,6.70417782886383,0.0298321442398097,right,1,steak
132,2650,2652,79.0551822354957,79.11484652397533,0.0894964327194291,1,11.17362971477305,0.0298321442398097,right,1,steak
133,2653,2654,79.14467866821514,79.17451081245494,0.0596642884796194,1,16.760444572159575,0.0298321442398097,right,1,steak
134,2655,2658,79.20434295669476,79.29383938941419,0.1193285769592388,1,8.380222286079787,0.0894964327194291,right,3,steak
135,2659,2672,79.323671533654,79.71148940877151,0.4176500193573358,1,2.394349224594225,0.2684892981582873,right,9,steak
136,2673,2681,79.74132155301133,79.9799787069298,0.2684892981582873,1,3.724543238257683,0.1193285769592388,right,4,steak
137,2682,2690,80.00981085116962,80.2484680050881,0.2684892981582873,1,3.724543238257683,0.0298321442398097,right,1,steak
138,2691,2702,80.2783001493279,80.60645373596581,0.3579857308777164,1,2.7934074286932624,0.3281535866379067,right,11,steak
139,2703,2713,80.63628588020562,80.93460732260371,0.3281535866379067,1,3.047353558574468,0.0298321442398097,right,1,steak
140,2714,2735,80.96443946684353,81.59091449587953,0.6563071732758134,1,1.523676779287234,0.596642884796194,right,20,steak
141,2736,2754,81.62074664011934,82.15772523643591,0.5668107405563843,1,1.7642573233852186,0.0596642884796194,right,2,steak
142,2755,2760,82.18755738067573,82.33671810187477,0.1789928654388582,1,5.586814857386525,0.0596642884796194,right,2,steak
143,2761,2780,82.36655024611458,82.93336098667096,0.596642884796194,1,1.6760444572159574,0.3281535866379067,right,11,steak
144,2781,2803,82.96319313091078,83.61950030418659,0.6861393175156231,1,1.4574299627964848,0.4176500193573358,right,14,steak
145,2804,2807,83.64933244842639,83.73882888114582,0.1193285769592388,1,8.380222286079787,0.0298321442398097,right,1,steak
146,2808,2859,83.76866102538564,85.29010038161593,1.5512715004701043,1,0.644632483544599,1.4617750677506751,right,49,steak
147,2860,2908,85.31993252585575,86.75187544936661,1.4617750677506751,1,0.6840997784554929,1.2231179138321977,right,41,steak
148,2909,2953,86.78170759360641,88.09432194015804,1.3424464907914364,1,0.7449086476515366,0.596642884796194,right,20,steak
149,2954,3148,88.12415408439786,93.91159006692094,5.817268126762891,1,0.1719019956118931,5.518946684364795,right,185,steak
150,3149,3150,93.94142221116074,93.97125435540056,0.0596642884796194,1,16.760444572159575,0.0298321442398097,right,1,steak
151,3151,3175,94.00108649964037,94.7170579613958,0.7458036059952425,1,1.340835565772766,0.2684892981582873,right,9,steak
152,3176,3197,94.7468901056356,95.37336513467162,0.6563071732758134,1,1.523676779287234,0.2088250096786679,right,7,steak
153,3198,3221,95.40319727891142,96.08933659642705,0.7159714617554328,1,1.3967037143466312,0.298321442398097,right,10,steak
154,3222,3234,96.11916874066684,96.47715447154457,0.3878178751175261,1,2.578529934178396,0.1193285769592388,right,4,steak
155,3235,3239,96.50698661578438,96.62631519274362,0.1491607211990485,1,6.70417782886383,0.0596642884796194,right,2,steak
156,3240,3250,96.65614733698342,96.95446877938151,0.3281535866379067,1,3.047353558574468,0.2684892981582873,right,9,steak
157,3251,3255,96.98430092362132,97.10362950058057,0.1491607211990485,1,6.70417782886383,0.0298321442398097,right,1,steak
158,3256,3269,97.1334616448204,97.5212795199379,0.4176500193573358,1,2.394349224594225,0.2684892981582873,right,9,steak
159,3270,3316,97.55111166417772,98.92339029920896,1.402110779271056,1,0.7132104073259393,1.1634536253525782,right,39,steak
160,3317,3324,98.95322244344878,99.16204745312744,0.2386571539184776,1,4.190111143039894,0.1789928654388582,right,6,steak
161,3325,3327,99.19187959736723,99.25154388584689,0.0894964327194291,1,11.17362971477305,0.0298321442398097,right,1,steak
162,3328,3344,99.28137603008668,99.75869033792364,0.5071464520767649,1,1.9718170084893616,0.4176500193573358,right,14,steak
163,3345,3362,99.78852248216344,100.2956689342402,0.5369785963165746,1,1.8622716191288415,0.3281535866379067,right,11,steak
164,3363,3378,100.32550107848002,100.77298324207716,0.4773143078369552,1,2.095055571519947,0.3579857308777164,right,12,steak
165,3379,3397,100.80281538631698,101.33979398263357,0.5668107405563843,1,1.7642573233852186,0.3281535866379067,right,11,steak
166,3398,3416,101.36962612687336,101.90660472318991,0.5668107405563843,1,1.7642573233852186,0.3281535866379067,right,11,steak
167,3417,3432,101.93643686742976,102.38391903102688,0.4773143078369552,1,2.095055571519947,0.298321442398097,right,10,steak
168,3433,3447,102.4137511752667,102.83140119462404,0.4474821635971455,1,2.23472594295461,0.3281535866379067,right,11,steak
169,3448,3463,102.86123333886384,103.30871550246098,0.4773143078369552,1,2.095055571519947,0.3579857308777164,right,12,steak
170,3464,3478,103.3385476467008,103.75619766605814,0.4474821635971455,1,2.23472594295461,0.4176500193573358,right,14,steak
171,3479,3496,103.78602981029796,104.29317626237471,0.5369785963165746,1,1.8622716191288415,0.4176500193573358,right,14,steak
172,3497,3514,104.32300840661452,104.83015485869127,0.5369785963165746,1,1.8622716191288415,0.3579857308777164,right,12,steak
173,3515,3527,104.85998700293108,105.2179727338088,0.3878178751175261,1,2.578529934178396,0.3579857308777164,right,12,steak
174,3528,3531,105.24780487804864,105.33730131076804,0.1193285769592388,1,8.380222286079787,0.0298321442398097,right,1,steak
175,3532,3551,105.36713345500786,105.93394419556424,0.596642884796194,1,1.6760444572159574,0.3878178751175261,right,13,steak
176,3552,3559,105.96377633980406,106.17260134948272,0.2386571539184776,1,4.190111143039894,0.1193285769592388,right,4,steak
177,3560,3566,106.20243349372254,106.3814263591614,0.2088250096786679,1,4.78869844918845,0.1193285769592388,right,4,steak
178,3567,3608,106.4112585034012,107.6343764172334,1.2529500580720074,1,0.798116408198075,0.596642884796194,right,20,steak
179,3609,3634,107.6642085614732,108.41001216746844,0.7756357502350522,1,1.289264967089198,0.7458036059952425,left,25,steak
180,3635,3818,108.43984431170826,113.89912670759344,5.489114540124985,1,0.1821787453495606,4.802975222609362,right,161,steak
181,3819,3828,113.92895885183324,114.19744814999152,0.298321442398097,1,3.352088914431915,0.2684892981582873,right,9,steak
182,3829,3831,114.22728029423132,114.28694458271096,0.0894964327194291,1,11.17362971477305,0.0596642884796194,right,2,steak
183,3832,3852,114.31677672695076,114.91341961174696,0.6264750290360037,1,1.59623281639615,0.0298321442398097,right,1,steak
184,3853,3880,114.94325175598678,115.74871965046164,0.8353000387146716,1,1.1971746122971123,0.1193285769592388,right,4,steak
185,3881,3962,115.77855179470144,118.19495547812603,2.4462358276643954,1,0.4087913310282823,2.2970751064653467,right,77,steak
186,3963,3966,118.22478762236584,118.31428405508528,0.1193285769592388,1,8.380222286079787,0.0596642884796194,right,2,steak
187,3967,3978,118.34411619932509,118.67226978596298,0.3579857308777164,1,2.7934074286932624,0.1789928654388582,right,6,steak
188,3979,3990,118.7021019302028,119.0302555168407,0.3579857308777164,1,2.7934074286932624,0.3281535866379067,right,11,steak
189,3991,3996,119.06008766108052,119.20924838227955,0.1789928654388582,1,5.586814857386525,0.0298321442398097,right,1,steak
190,3997,4020,119.23908052651936,119.925219844035,0.7159714617554328,1,1.3967037143466312,0.3579857308777164,right,12,steak
191,4021,4035,119.9550519882748,120.37270200763214,0.4474821635971455,1,2.23472594295461,0.0894964327194291,right,3,steak
192,4036,4043,120.40253415187196,120.6113591615506,0.2386571539184776,1,4.190111143039894,0.1789928654388582,right,6,steak
193,4044,4054,120.64119130579044,120.93951274818852,0.3281535866379067,1,3.047353558574468,0.1193285769592388,right,4,steak
194,4055,4081,120.96934489242834,121.74498064266338,0.8054678944748619,1,1.241514412752561,0.0298321442398097,right,1,steak
195,4082,4095,121.7748127869032,122.16263066202072,0.4176500193573358,1,2.394349224594225,0.3878178751175261,right,13,steak
196,4096,4105,122.19246280626054,122.46095210441882,0.298321442398097,1,3.352088914431915,0.2684892981582873,right,9,steak
197,4106,4112,122.49078424865864,122.66977711409749,0.2088250096786679,1,4.78869844918845,0.1491607211990485,right,5,steak
198,4113,4115,122.69960925833728,122.75927354681691,0.0894964327194291,1,11.17362971477305,0.0596642884796194,right,2,steak
199,4116,4122,122.78910569105672,122.96809855649558,0.2088250096786679,1,4.78869844918845,0.1789928654388582,right,6,steak
200,4123,4126,122.9979307007354,123.08742713345482,0.1193285769592388,1,8.380222286079787,0.0298321442398097,right,1,steak
201,4127,4135,123.11725927769464,123.35591643161312,0.2684892981582873,1,3.724543238257683,0.1789928654388582,right,6,steak
202,4136,4143,123.38574857585292,123.5945735855316,0.2386571539184776,1,4.190111143039894,0.0596642884796194,right,2,steak
203,4144,4168,123.6244057297714,124.34037719152684,0.7458036059952425,1,1.340835565772766,0.3878178751175261,right,13,steak
204,4169,4182,124.37020933576665,124.75802721088417,0.4176500193573358,1,2.394349224594225,0.2684892981582873,right,9,steak
205,4183,4188,124.78785935512396,124.93702007632302,0.1789928654388582,1,5.586814857386525,0.1193285769592388,right,4,steak
206,4189,4215,124.96685222056284,125.74248797079788,0.8054678944748619,1,1.241514412752561,0.1491607211990485,right,5,steak
207,4216,4249,125.7723201150377,126.75678087495142,1.0142929041535298,1,0.9859085042446808,0.894964327194291,right,30,steak
208,4250,4256,126.78661301919122,126.96560588463008,0.2088250096786679,1,4.78869844918845,0.0298321442398097,right,1,steak
209,4257,4264,126.9954380288699,127.20426303854856,0.2386571539184776,1,4.190111143039894,0.0298321442398097,right,1,steak
210,4265,4276,127.23409518278837,127.56224876942628,0.3579857308777164,1,2.7934074286932624,0.2088250096786679,right,7,steak
211,4277,4292,127.59208091366608,128.03956307726324,0.4773143078369552,1,2.095055571519947,0.4474821635971455,right,15,steak
212,4293,4312,128.06939522150304,128.63620596205942,0.596642884796194,1,1.6760444572159574,0.4773143078369552,right,16,steak
213,4313,4325,128.66603810629925,129.02402383717694,0.3878178751175261,1,2.578529934178396,0.2386571539184776,right,8,steak
214,4326,4338,129.05385598141677,129.4118417122945,0.3878178751175261,1,2.578529934178396,0.3579857308777164,right,12,steak
215,4339,4398,129.4416738565343,131.20177036668306,1.789928654388582,1,0.5586814857386525,1.700432221669153,right,57,steak
216,4399,4417,131.23160251092287,131.76858110723944,0.5668107405563843,1,1.7642573233852186,0.0298321442398097,right,1,steak
217,4418,4461,131.79841325147925,133.08119545379108,1.312614346551627,1,0.7618383896436169,1.103789336872959,right,37,steak
218,4462,4495,133.1110275980309,134.0954883579446,1.0142929041535298,1,0.9859085042446808,0.9546286156739104,right,32,steak
219,4496,4498,134.12532050218442,134.18498479066403,0.0894964327194291,1,11.17362971477305,0.0596642884796194,right,2,steak
220,4499,4541,134.21481693490384,135.46776699297584,1.2827822023118172,1,0.7795555614957941,1.0739571926331493,right,36,steak
221,4542,4555,135.49759913721564,135.8854170123332,0.4176500193573358,1,2.394349224594225,0.3878178751175261,right,13,steak
222,4556,4579,135.915249156573,136.60138847408862,0.7159714617554328,1,1.3967037143466312,0.6264750290360037,right,21,steak
223,4580,4604,136.63122061832843,137.34719208008386,0.7458036059952425,1,1.340835565772766,0.7159714617554328,right,24,steak
224,4605,4662,137.37702422432366,139.07745644599282,1.7302643659089625,1,0.5779463645572267,1.581103644709914,right,53,steak
225,4663,4689,139.10728859023263,139.8829243404677,0.8054678944748619,1,1.241514412752561,0.6861393175156231,right,23,steak
226,4690,4702,139.9127564847075,140.27074221558522,0.3878178751175261,1,2.578529934178396,0.2684892981582873,right,9,steak
227,4703,4706,140.30057435982502,140.39007079254444,0.1193285769592388,1,8.380222286079787,0.0894964327194291,right,3,steak
228,4707,4715,140.41990293678427,140.65856009070274,0.2684892981582873,1,3.724543238257683,0.1789928654388582,right,6,steak
229,4716,4728,140.68839223494254,141.04637796582026,0.3878178751175261,1,2.578529934178396,0.298321442398097,right,10,steak
230,4729,4733,141.07621011006006,141.1955386870193,0.1491607211990485,1,6.70417782886383,0.1193285769592388,right,4,steak
231,4734,4744,141.2253708312591,141.52369227365722,0.3281535866379067,1,3.047353558574468,0.1491607211990485,right,5,steak
232,4745,4780,141.55352441789702,142.59764946629036,1.0739571926331493,1,0.9311358095644208,0.3579857308777164,right,12,steak
233,4781,4962,142.62748161053017,148.02709971793573,5.429450251645365,1,0.1841807095841711,5.339953818925936,right,179,steak
234,4963,4989,148.05693186217553,148.8325676124106,0.8054678944748619,1,1.241514412752561,0.7756357502350522,right,26,steak
235,4990,4993,148.8623997566504,148.95189618936982,0.1193285769592388,1,8.380222286079787,0.0298321442398097,right,1,steak
236,4994,5014,148.98172833360965,149.57837121840583,0.6264750290360037,1,1.59623281639615,0.4773143078369552,right,16,steak
237,5015,5066,149.60820336264564,151.12964271887594,1.5512715004701043,1,0.644632483544599,1.5214393562302948,right,51,steak
238,5067,5086,151.15947486311575,151.72628560367212,0.596642884796194,1,1.6760444572159574,0.5071464520767649,right,17,steak
239,5087,5110,151.75611774791193,152.44225706542755,0.7159714617554328,1,1.3967037143466312,0.4474821635971455,right,15,steak
240,5111,5129,152.4720892096674,153.00906780598396,0.5668107405563843,1,1.7642573233852186,0.4474821635971455,right,15,steak
241,5130,5133,153.03889995022377,153.12839638294318,0.1193285769592388,1,8.380222286079787,0.0298321442398097,right,1,steak
242,5134,5211,153.158228527183,155.45530363364836,2.3269072507051565,1,0.4297549890297327,1.6109357889497238,right,54,steak
243,5212,5228,155.48513577788816,155.96245008572512,0.5071464520767649,1,1.9718170084893616,0.4773143078369552,right,16,steak
244,5229,5232,155.99228222996493,156.08177866268434,0.1193285769592388,1,8.380222286079787,0.0894964327194291,right,3,steak
245,5233,5239,156.11161080692415,156.290603672363,0.2088250096786679,1,4.78869844918845,0.1789928654388582,right,6,steak
246,5240,5249,156.32043581660284,156.5889251147611,0.298321442398097,1,3.352088914431915,0.0596642884796194,right,2,steak
247,5250,5259,156.61875725900092,156.88724655715922,0.298321442398097,1,3.352088914431915,0.1491607211990485,right,5,steak
248,5260,5271,156.91707870139902,157.24523228803693,0.3579857308777164,1,2.7934074286932624,0.1193285769592388,right,4,steak
249,5272,5298,157.27506443227674,158.0507001825118,0.8054678944748619,1,1.241514412752561,0.5071464520767649,right,17,steak
250,5299,5319,158.0805323267516,158.6771752115478,0.6264750290360037,1,1.59623281639615,0.298321442398097,right,10,steak
251,5320,5327,158.7070073557876,158.91583236546626,0.2386571539184776,1,4.190111143039894,0.2088250096786679,left,7,steak
252,5328,5346,158.9456645097061,159.48264310602266,0.5668107405563843,1,1.7642573233852186,0.5369785963165746,right,18,steak
253,5347,5363,159.51247525026247,159.98978955809943,0.5071464520767649,1,1.9718170084893616,0.4773143078369552,right,16,steak
254,5364,5381,160.01962170233924,160.526768154416,0.5369785963165746,1,1.8622716191288415,0.4176500193573358,right,14,steak
255,5382,5394,160.5566002986558,160.91458602953352,0.3878178751175261,1,2.578529934178396,0.1491607211990485,right,5,steak
256,5395,5403,160.94441817377333,161.1830753276918,0.2684892981582873,1,3.724543238257683,0.0596642884796194,right,2,steak
257,5404,5406,161.21290747193163,161.27257176041124,0.0894964327194291,1,11.17362971477305,0.0596642884796194,right,2,steak
258,5407,5416,161.30240390465104,161.57089320280934,0.298321442398097,1,3.352088914431915,0.2684892981582873,right,9,steak
259,5417,5424,161.60072534704915,161.8095503567278,0.2386571539184776,1,4.190111143039894,0.1789928654388582,right,6,steak
260,5425,5453,161.83938250096762,162.6746825396823,0.8651321829544812,1,1.1558927291144534,0.4176500193573358,right,14,steak
261,5454,5488,162.7045146839221,163.71880758807563,1.0441250483933395,1,0.95773968983769,1.0142929041535298,right,34,steak
262,5489,5494,163.74863973231544,163.8978004535145,0.1789928654388582,1,5.586814857386525,0.1193285769592388,right,4,steak
263,5495,5517,163.9276325977543,164.58393977103012,0.6861393175156231,1,1.4574299627964848,0.6563071732758134,right,22,steak
264,5518,5524,164.61377191526992,164.79276478070878,0.2088250096786679,1,4.78869844918845,0.1789928654388582,right,6,steak
265,5525,5531,164.82259692494858,165.00158979038744,0.2088250096786679,1,4.78869844918845,0.1193285769592388,right,4,steak
266,5532,5566,165.03142193462725,166.04571483878078,1.0441250483933395,1,0.95773968983769,0.3281535866379067,right,11,steak
267,5567,5841,166.0755469830206,174.24955450472845,8.203839665947667,1,0.1218941423429787,8.144175377468049,right,273,steak
268,5842,5854,174.27938664896826,174.63737237984597,0.3878178751175261,1,2.578529934178396,0.2684892981582873,right,9,steak
269,5855,5866,174.6672045240858,174.99535811072369,0.3579857308777164,1,2.7934074286932624,0.2386571539184776,right,8,steak
270,5867,5883,175.02519025496352,175.50250456280045,0.5071464520767649,1,1.9718170084893616,0.2386571539184776,right,8,steak
271,5884,5917,175.5323367070403,176.516797466954,1.0142929041535298,1,0.9859085042446808,0.98446075991372,right,33,steak
272,5918,5932,176.5466296111938,176.96427963055115,0.4474821635971455,1,2.23472594295461,0.4176500193573358,right,14,steak
273,5933,6022,176.99411177479095,179.649172612134,2.684892981582873,1,0.3724543238257683,2.655060837343063,right,89,steak
274,6023,6025,179.6790047563738,179.73866904485345,0.0894964327194291,1,11.17362971477305,0.0596642884796194,right,2,steak
275,6026,6027,179.76850118909326,179.79833333333306,0.0596642884796194,1,16.760444572159575,0.0298321442398097,right,1,steak
276,6028,6038,179.82816547757287,180.12648691997097,0.3281535866379067,1,3.047353558574468,0.0596642884796194,right,2,steak
277,6039,6040,180.1563190642108,180.18615120845055,0.0596642884796194,1,16.760444572159575,0.0298321442398097,right,1,steak
278,6041,6058,180.2159833526904,180.72312980476715,0.5369785963165746,1,1.8622716191288415,0.4773143078369552,right,16,steak
279,6059,6071,180.75296194900696,181.11094767988467,0.3878178751175261,1,2.578529934178396,0.0596642884796194,right,2,steak
280,6072,6126,181.1407798241245,182.75171561307425,1.6407679331895335,1,0.6094707117148936,1.5214393562302948,right,51,steak
281,6127,6132,182.78154775731403,182.93070847851308,0.1789928654388582,1,5.586814857386525,0.1193285769592388,right,4,steak
282,6133,6134,182.9605406227529,182.9903727669927,0.0596642884796194,1,16.760444572159575,0.0298321442398097,right,1,steak
283,6135,6163,183.0202049112325,183.85550494994715,0.8651321829544812,1,1.1558927291144534,0.7756357502350522,right,26,steak
284,6164,6187,183.88533709418695,184.5714764117026,0.7159714617554328,1,1.3967037143466312,0.6264750290360037,right,21,steak
285,6188,6226,184.6013085559424,185.7349300370552,1.1634536253525782,1,0.8595099780594654,1.103789336872959,right,37,steak
286,6227,6252,185.764762181295,186.51056578729023,0.7756357502350522,1,1.289264967089198,0.7458036059952425,right,25,steak
287,6253,6295,186.54039793153007,187.79334798960207,1.2827822023118172,1,0.7795555614957941,1.2529500580720074,right,42,steak
288,6296,6307,187.82318013384187,188.15133372047976,0.3579857308777164,1,2.7934074286932624,0.3281535866379067,right,11,steak
289,6308,6352,188.1811658647196,189.4937802112712,1.3424464907914364,1,0.7449086476515366,1.312614346551627,right,44,steak
290,6353,6377,189.52361235551103,190.2395838172665,0.7458036059952425,1,1.340835565772766,0.0298321442398097,right,1,steak
291,6378,6475,190.26941596150627,193.1631339527678,2.9235501355013507,1,0.3420498892277464,2.863885847021731,right,96,steak
292,6476,6503,193.19296609700763,193.99843399148247,0.8353000387146716,1,1.1971746122971123,0.596642884796194,right,20,steak
293,6504,6521,194.02826613572228,194.53541258779904,0.5369785963165746,1,1.8622716191288415,0.2088250096786679,right,7,steak
294,6522,6541,194.56524473203885,195.13205547259523,0.596642884796194,1,1.6760444572159574,0.3579857308777164,right,12,steak
295,6542,6544,195.16188761683503,195.22155190531467,0.0894964327194291,1,11.17362971477305,0.0298321442398097,right,1,steak
296,6545,6556,195.25138404955447,195.5795376361924,0.3579857308777164,1,2.7934074286932624,0.1789928654388582,right,6,steak
297,6557,6562,195.6093697804322,195.75853050163124,0.1789928654388582,1,5.586814857386525,0.0298321442398097,right,1,steak
298,6563,6571,195.78836264587105,196.0270197997895,0.2684892981582873,1,3.724543238257683,0.2088250096786679,right,7,steak
299,6572,6600,196.05685194402935,196.892151982744,0.8651321829544812,1,1.1558927291144534,0.7159714617554328,right,24,steak
300,6601,6620,196.92198412698383,197.4887948675402,0.596642884796194,1,1.6760444572159574,0.5668107405563843,right,19,steak
301,6621,6635,197.51862701178,197.93627703113737,0.4474821635971455,1,2.23472594295461,0.0894964327194291,right,3,steak
302,6636,6650,197.96610917537717,198.3837591947345,0.4474821635971455,1,2.23472594295461,0.3878178751175261,right,13,steak
303,6651,6653,198.4135913389743,198.4732556274539,0.0894964327194291,1,11.17362971477305,0.0298321442398097,right,1,steak
304,6654,6669,198.50308777169377,198.9505699352909,0.4773143078369552,1,2.095055571519947,0.4176500193573358,right,14,steak
305,6670,6676,198.9804020795307,199.15939494496956,0.2088250096786679,1,4.78869844918845,0.1193285769592388,right,4,steak
306,6677,6708,199.18922708920937,200.11402356064343,0.9546286156739104,1,1.0475277857599734,0.894964327194291,right,30,steak
307,6709,6710,200.1438557048833,200.1736878491231,0.0596642884796194,1,16.760444572159575,0.0298321442398097,right,1,steak
308,6711,6722,200.2035199933629,200.5316735800008,0.3579857308777164,1,2.7934074286932624,0.298321442398097,right,10,steak
309,6723,6774,200.56150572424065,202.0829450804709,1.5512715004701043,1,0.644632483544599,1.491607211990485,right,50,steak
310,6775,6796,202.11277722471073,202.7392522537467,0.6563071732758134,1,1.523676779287234,0.6264750290360037,right,21,steak
311,6797,6806,202.76908439798652,203.0375736961448,0.298321442398097,1,3.352088914431915,0.2684892981582873,right,9,steak
312,6807,6810,203.06740584038465,203.15690227310407,0.1193285769592388,1,8.380222286079787,0.0894964327194291,right,3,steak
313,6811,6855,203.18673441734387,204.49934876389548,1.3424464907914364,1,0.7449086476515366,0.9546286156739104,right,32,steak
314,6856,6886,204.5291809081353,205.4241452353296,0.9247964714341008,1,1.0813190046554564,0.3579857308777164,right,12,steak
315,6887,6903,205.4539773795694,205.93129168740637,0.5071464520767649,1,1.9718170084893616,0.4176500193573358,right,14,steak
316,6904,6905,205.96112383164615,205.990955975886,0.0596642884796194,1,16.760444572159575,0.0298321442398097,right,1,steak
317,6906,6947,206.0207881201258,207.243906033958,1.2529500580720074,1,0.798116408198075,0.7159714617554328,right,24,steak
318,6948,6977,207.2737381781978,208.13887036115227,0.894964327194291,1,1.117362971477305,0.1789928654388582,right,6,steak
319,6978,7126,208.16870250539208,212.58385985288393,4.444989491731645,1,0.224972410364558,4.176500193573358,right,140,steak
320,7127,7147,212.61369199712377,213.21033488191992,0.6264750290360037,1,1.59623281639615,0.4176500193573358,right,14,steak
321,7148,7152,213.24016702615972,213.35949560311897,0.1491607211990485,1,6.70417782886383,0.1193285769592388,right,4,steak
322,7153,7162,213.3893277473588,213.65781704551708,0.298321442398097,1,3.352088914431915,0.0298321442398097,right,1,steak
323,7163,7172,213.68764918975688,213.95613848791515,0.298321442398097,1,3.352088914431915,0.2386571539184776,right,8,steak
324,7173,7178,213.985970632155,214.135131353354,0.1789928654388582,1,5.586814857386525,0.1491607211990485,right,5,steak
325,7179,7191,214.16496349759385,214.52294922847156,0.3878178751175261,1,2.578529934178396,0.2386571539184776,right,8,steak
326,7192,7205,214.55278137271137,214.94059924782889,0.4176500193573358,1,2.394349224594225,0.3878178751175261,right,13,steak
327,7206,7221,214.9704313920687,215.41791355566585,0.4773143078369552,1,2.095055571519947,0.0894964327194291,right,3,steak
328,7222,7235,215.44774569990565,215.83556357502317,0.4176500193573358,1,2.394349224594225,0.3878178751175261,right,13,steak
329,7236,7248,215.86539571926295,216.2233814501407,0.3878178751175261,1,2.578529934178396,0.0298321442398097,right,1,steak
330,7249,7269,216.25321359438053,216.8498564791767,0.6264750290360037,1,1.59623281639615,0.5668107405563843,right,19,steak
331,7270,7272,216.8796886234165,216.93935291189615,0.0894964327194291,1,11.17362971477305,0.0298321442398097,right,1,steak
332,7273,7301,216.96918505613596,217.8044850948506,0.8651321829544812,1,1.1558927291144534,0.7159714617554328,right,24,steak
333,7302,7307,217.83431723909044,217.98347796028943,0.1789928654388582,1,5.586814857386525,0.1193285769592388,right,4,steak
334,7308,7321,218.0133101045293,218.4011279796468,0.4176500193573358,1,2.394349224594225,0.2684892981582873,right,9,steak
335,7322,7337,218.43096012388665,218.87844228748375,0.4773143078369552,1,2.095055571519947,0.4176500193573358,right,14,steak
336,7338,7339,218.9082744317236,218.9381065759634,0.0596642884796194,1,16.760444572159575,0.0298321442398097,right,1,steak
337,7340,7346,218.9679387202032,219.14693158564205,0.2088250096786679,1,4.78869844918845,0.0298321442398097,right,1,steak
338,7347,7357,219.17676372988183,219.47508517227996,0.3281535866379067,1,3.047353558574468,0.2684892981582873,right,9,steak
339,7358,7372,219.50491731651977,219.92256733587712,0.4474821635971455,1,2.23472594295461,0.4176500193573358,right,14,steak
340,7373,7374,219.95239948011692,219.98223162435673,0.0596642884796194,1,16.760444572159575,0.0298321442398097,right,1,steak
341,7375,7407,220.01206376859653,220.9666923842705,0.98446075991372,1,1.0157845195248227,0.9546286156739104,right,32,steak
342,7408,7409,220.99652452851024,221.02635667275007,0.0596642884796194,1,16.760444572159575,0.0298321442398097,right,1,steak
343,7410,7441,221.05618881698987,221.98098528842397,0.9546286156739104,1,1.0475277857599734,0.9247964714341008,right,31,steak
344,7442,7443,222.0108174326638,222.0406495769036,0.0596642884796194,1,16.760444572159575,0.0298321442398097,right,1,steak
345,7444,7459,222.0704817211434,222.51796388474057,0.4773143078369552,1,2.095055571519947,0.3281535866379067,right,11,steak
346,7460,7475,222.54779602898037,222.9952781925775,0.4773143078369552,1,2.095055571519947,0.4474821635971455,right,15,steak
347,7476,7494,223.0251103368173,223.56208893313388,0.5668107405563843,1,1.7642573233852186,0.4176500193573358,right,14,steak
348,7495,7508,223.5919210773737,223.97973895249123,0.4176500193573358,1,2.394349224594225,0.3281535866379067,right,11,steak
349,7509,7530,224.00957109673104,224.63604612576705,0.6563071732758134,1,1.523676779287234,0.5369785963165746,right,18,steak
350,7531,7553,224.66587827000689,225.32218544328265,0.6861393175156231,1,1.4574299627964848,0.3878178751175261,right,13,steak
351,7554,7577,225.35201758752248,226.0381569050381,0.7159714617554328,1,1.3967037143466312,0.4773143078369552,right,16,steak
352,7578,7604,226.0679890492779,226.84362479951295,0.8054678944748619,1,1.241514412752561,0.6264750290360037,right,21,steak
353,7605,7621,226.87345694375276,227.35077125158972,0.5071464520767649,1,1.9718170084893616,0.298321442398097,right,10,steak
354,7622,7638,227.38060339582952,227.8579177036665,0.5071464520767649,1,1.9718170084893616,0.3878178751175261,right,13,steak
355,7639,7652,227.8877498479063,228.2755677230238,0.4176500193573358,1,2.394349224594225,0.3878178751175261,right,13,steak
356,7653,7677,228.30539986726365,229.02137132901908,0.7458036059952425,1,1.340835565772766,0.2684892981582873,right,9,steak
357,7678,7764,229.05120347325888,231.61676787788252,2.595396548863444,1,0.3852975763714844,2.5357322603838246,right,85,steak
358,7765,7778,231.64660002212233,232.03441789723985,0.4176500193573358,1,2.394349224594225,0.1789928654388582,right,6,steak
359,7779,7784,232.06425004147965,232.2134107626787,0.1789928654388582,1,5.586814857386525,0.0298321442398097,right,1,steak
360,7785,7792,232.2432429069185,232.45206791659717,0.2386571539184776,1,4.190111143039894,0.2088250096786679,right,7,steak
361,7793,7796,232.48190006083695,232.5713964935564,0.1193285769592388,1,8.380222286079787,0.0894964327194291,right,3,steak
362,7797,7803,232.60122863779625,232.78022150323508,0.2088250096786679,1,4.78869844918845,0.1789928654388582,right,6,steak
363,7804,7824,232.8100536474749,233.4066965322711,0.6264750290360037,1,1.59623281639615,0.3579857308777164,right,12,steak
364,7825,7845,233.4365286765109,234.03317156130709,0.6264750290360037,1,1.59623281639615,0.2684892981582873,right,9,steak
365,7846,7848,234.06300370554692,234.12266799402653,0.0894964327194291,1,11.17362971477305,0.0298321442398097,right,1,steak
366,7849,7855,234.15250013826633,234.3314930037052,0.2088250096786679,1,4.78869844918845,0.0298321442398097,right,1,steak
367,7856,7961,234.361325147945,237.49370029312504,3.162207289419828,1,0.3162348032482939,2.505900116144015,right,84,steak
368,7962,8000,237.5235324373648,238.6571539184776,1.1634536253525782,1,0.8595099780594654,0.5369785963165746,right,18,steak
369,8001,8039,238.6869860627174,239.82060754383016,1.1634536253525782,1,0.8595099780594654,1.1336214811127685,right,38,steak
370,8040,8047,239.85043968807,240.05926469774863,0.2386571539184776,1,4.190111143039894,0.1193285769592388,right,4,steak
371,8048,8095,240.0890968419885,241.49120762125952,1.4319429235108656,1,0.6983518571733156,0.7159714617554328,right,24,steak
372,8096,8100,241.52103976549932,241.64036834245857,0.1491607211990485,1,6.70417782886383,0.0894964327194291,right,3,steak
373,8101,8102,241.6702004866984,241.70003263093815,0.0596642884796194,1,16.760444572159575,0.0298321442398097,right,1,steak
374,8103,8129,241.729864775178,242.50550052541303,0.8054678944748619,1,1.241514412752561,0.4773143078369552,right,16,steak
375,8130,8132,242.5353326696529,242.59499695813247,0.0894964327194291,1,11.17362971477305,0.0596642884796194,right,2,steak
376,8133,8170,242.6248291023723,243.72861843924525,1.1336214811127685,1,0.8821286616926093,0.4176500193573358,right,14,steak
377,8171,8192,243.75845058348503,244.38492561252107,0.6563071732758134,1,1.523676779287234,0.596642884796194,right,20,steak
378,8193,8195,244.41475775676088,244.4744220452405,0.0894964327194291,1,11.17362971477305,0.0298321442398097,right,1,steak
379,8196,8261,244.5042541894803,246.44334356506792,1.96892151982744,1,0.5078922597624114,1.9390893755876304,right,65,steak
380,8262,8414,246.47317570930775,251.0076616337588,4.564318068690884,1,0.2190907787210401,4.534485924451074,right,152,steak
381,8415,8454,251.03749377799863,252.2009474033512,1.193285769592388,1,0.8380222286079787,0.8651321829544812,right,29,steak
382,8455,8471,252.230779547591,252.70809385542796,0.5071464520767649,1,1.9718170084893616,0.2088250096786679,right,7,steak
383,8472,8479,252.73792599966777,252.94675100934649,0.2386571539184776,1,4.190111143039894,0.0596642884796194,right,2,steak
384,8480,8488,252.97658315358623,253.21524030750473,0.2684892981582873,1,3.724543238257683,0.0298321442398097,right,1,steak
385,8489,8496,253.24507245174453,253.4538974614232,0.2386571539184776,1,4.190111143039894,0.2088250096786679,right,7,steak
386,8497,8502,253.48372960566303,253.63289032686208,0.1789928654388582,1,5.586814857386525,0.0894964327194291,right,3,steak
387,8503,8510,253.6627224711019,253.87154748078055,0.2386571539184776,1,4.190111143039894,0.1491607211990485,right,5,steak
388,8511,8523,253.90137962502035,254.25936535589807,0.3878178751175261,1,2.578529934178396,0.1789928654388582,right,6,steak
389,8524,8543,254.28919750013787,254.85600824069428,0.596642884796194,1,1.6760444572159574,0.5071464520767649,right,17,steak
390,8544,8566,254.88584038493408,255.54214755820988,0.6861393175156231,1,1.4574299627964848,0.4773143078369552,right,16,steak
391,8567,8623,255.5719797024497,257.24257977987907,1.700432221669153,1,0.5880857744617394,1.491607211990485,right,50,steak
392,8624,8631,257.27241192411884,257.4812369337975,0.2386571539184776,1,4.190111143039894,0.2088250096786679,right,7,steak
393,8632,8658,257.51106907803734,258.2867048282724,0.8054678944748619,1,1.241514412752561,0.7756357502350522,right,26,steak
394,8659,8687,258.3165369725122,259.15183701122686,0.8651321829544812,1,1.1558927291144534,0.8054678944748619,right,27,steak
395,8688,8714,259.1816691554667,259.95730490570173,0.8054678944748619,1,1.241514412752561,0.7458036059952425,right,25,steak
396,8715,8744,259.9871370499415,260.852269232896,0.894964327194291,1,1.117362971477305,0.7458036059952425,right,25,steak
397,8745,8824,260.8821013771358,263.2388407720808,2.386571539184776,1,0.4190111143039893,2.0285858083070596,right,68,steak
398,8825,8832,263.2686729163206,263.4774979259993,0.2386571539184776,1,4.190111143039894,0.2088250096786679,right,7,steak
399,8833,8889,263.5073300702391,265.1779301476684,1.700432221669153,1,0.5880857744617394,1.6706000774293432,right,56,steak
400,8890,8907,265.20776229190824,265.714908743985,0.5369785963165746,1,1.8622716191288415,0.4474821635971455,right,15,steak
401,8908,8988,265.7447408882248,268.13131242740957,2.4164036834245857,1,0.413838137584187,2.267242962225537,right,76,steak
402,8989,8996,268.1611445716494,268.36996958132806,0.2386571539184776,1,4.190111143039894,0.0298321442398097,right,1,steak
403,8997,9020,268.3998017255679,269.0859410430835,0.7159714617554328,1,1.3967037143466312,0.5668107405563843,right,19,steak
404,9021,9023,269.1157731873233,269.17543747580294,0.0894964327194291,1,11.17362971477305,0.0298321442398097,right,1,steak
405,9024,9025,269.2052696200427,269.23510176428255,0.0596642884796194,1,16.760444572159575,0.0298321442398097,right,1,steak
406,9026,9027,269.2649339085223,269.29476605276216,0.0596642884796194,1,16.760444572159575,0.0298321442398097,right,1,steak
407,9028,9032,269.324598197002,269.4439267739612,0.1491607211990485,1,6.70417782886383,0.0894964327194291,right,3,steak
408,9033,9036,269.47375891820104,269.56325535092043,0.1193285769592388,1,8.380222286079787,0.0894964327194291,right,3,steak
409,9037,9081,269.59308749516026,270.9057018417119,1.3424464907914364,1,0.7449086476515366,1.312614346551627,right,44,steak
410,9082,9084,270.9355339859517,270.9951982744313,0.0894964327194291,1,11.17362971477305,0.0298321442398097,right,1,steak
411,9085,9169,271.0250304186711,273.5309305348151,2.5357322603838246,1,0.3943634016978723,1.99875366406725,right,67,steak
412,9170,9195,273.56076267905496,274.30656628505017,0.7756357502350522,1,1.289264967089198,0.7458036059952425,right,25,steak
413,9196,9201,274.33639842929,274.48555915048905,0.1789928654388582,1,5.586814857386525,0.1193285769592388,right,4,steak
414,9202,9223,274.5153912947289,275.1418663237649,0.6563071732758134,1,1.523676779287234,0.5668107405563843,right,19,steak
415,9224,9258,275.17169846800465,276.1859913721582,1.0441250483933395,1,0.95773968983769,1.0142929041535298,right,34,steak
416,9259,9323,276.215823516398,278.1250807477458,1.9390893755876304,1,0.5157059868356793,1.8495929428682016,right,62,steak
417,9324,9343,278.15491289198565,278.721723632542,0.596642884796194,1,1.6760444572159574,0.5668107405563843,right,19,steak
418,9344,9365,278.75155577678186,279.37803080581784,0.6563071732758134,1,1.523676779287234,0.596642884796194,right,20,steak
419,9366,9401,279.4078629500577,280.451987998451,1.0739571926331493,1,0.9311358095644208,1.0142929041535298,right,34,steak
420,9402,9411,280.4818201426908,280.7503094408491,0.298321442398097,1,3.352088914431915,0.2386571539184776,right,8,steak
421,9412,9438,280.78014158508887,281.55577733532397,0.8054678944748619,1,1.241514412752561,0.3878178751175261,right,13,steak
422,9439,9443,281.58560947956374,281.704938056523,0.1491607211990485,1,6.70417782886383,0.0894964327194291,right,3,steak
423,9444,9475,281.7347702007628,282.6595666721969,0.9546286156739104,1,1.0475277857599734,0.3281535866379067,right,11,steak
424,9476,9512,282.6893988164367,283.76335600906987,1.103789336872959,1,0.9059699768734903,1.0739571926331493,right,36,steak
425,9513,9518,283.7931881533097,283.9423488745087,0.1789928654388582,1,5.586814857386525,0.0298321442398097,right,1,steak
426,9519,9535,283.97218101874853,284.44949532658546,0.5071464520767649,1,1.9718170084893616,0.0596642884796194,right,2,steak
427,9536,9537,284.4793274708253,284.50915961506513,0.0596642884796194,1,16.760444572159575,0.0298321442398097,right,1,steak
428,9538,9541,284.5389917593049,284.62848819202435,0.1193285769592388,1,8.380222286079787,0.0894964327194291,right,3,steak
429,9542,9570,284.6583203362642,285.49362037497883,0.8651321829544812,1,1.1558927291144534,0.596642884796194,right,20,steak
430,9571,9617,285.52345251921867,286.89573115424986,1.402110779271056,1,0.7132104073259393,0.5668107405563843,right,19,steak
431,9618,9640,286.9255632984897,287.5818704717655,0.6861393175156231,1,1.4574299627964848,0.6563071732758134,right,22,steak
432,9641,9658,287.6117026160053,288.11884906808206,0.5369785963165746,1,1.8622716191288415,0.4474821635971455,right,15,steak
433,9659,9660,288.1486812123219,288.1785133565617,0.0596642884796194,1,16.760444572159575,0.0298321442398097,right,1,steak
434,9661,9662,288.2083455008015,288.23817764504133,0.0596642884796194,1,16.760444572159575,0.0298321442398097,right,1,steak
435,9663,9754,288.2680097892811,290.98273491510383,2.7445572700624923,1,0.3643574906991212,2.5655644046236343,right,86,steak
436,9755,9769,291.0125670593436,291.43021707870093,0.4474821635971455,1,2.23472594295461,0.0596642884796194,right,2,steak
437,9770,9776,291.46004922294077,291.63904208837965,0.2088250096786679,1,4.78869844918845,0.1789928654388582,right,6,steak
438,9777,9825,291.66887423261943,293.1008171561303,1.4617750677506751,1,0.6840997784554929,1.402110779271056,right,47,steak
439,9826,9828,293.1306493003701,293.19031358884973,0.0894964327194291,1,11.17362971477305,0.0298321442398097,right,1,steak
440,9829,9856,293.22014573308957,294.0256136275644,0.8353000387146716,1,1.1971746122971123,0.8054678944748619,right,27,steak
441,9857,9861,294.0554457718042,294.17477434876344,0.1491607211990485,1,6.70417782886383,0.0596642884796194,right,2,steak
442,9862,9872,294.20460649300327,294.5029279354014,0.3281535866379067,1,3.047353558574468,0.0298321442398097,right,1,steak
443,9873,9888,294.53276007964115,294.9802422432383,0.4773143078369552,1,2.095055571519947,0.2386571539184776,right,8,steak
444,9889,9890,295.01007438747814,295.0399065317179,0.0596642884796194,1,16.760444572159575,0.0298321442398097,right,1,steak
445,9891,9921,295.06973867595775,295.964703003152,0.9247964714341008,1,1.0813190046554564,0.8353000387146716,right,28,steak
446,9922,9933,295.99453514739184,296.3226887340297,0.3579857308777164,1,2.7934074286932624,0.3281535866379067,right,11,steak
447,9934,9960,296.35252087826956,297.1281566285046,0.8054678944748619,1,1.241514412752561,0.6861393175156231,right,23,steak
448,9961,9969,297.15798877274443,297.39664592666287,0.2684892981582873,1,3.724543238257683,0.2386571539184776,right,8,steak
449,9970,9985,297.4264780709027,297.87396023449986,0.4773143078369552,1,2.095055571519947,0.4474821635971455,right,15,steak
450,9986,10004,297.90379237873964,298.44077097505624,0.5668107405563843,1,1.7642573233852186,0.3878178751175261,right,13,steak
451,10005,10012,298.4706031192961,298.67942812897473,0.2386571539184776,1,4.190111143039894,0.2088250096786679,right,7,steak
452,10013,10044,298.7092602732145,299.6340567446486,0.9546286156739104,1,1.0475277857599734,0.8054678944748619,right,27,steak
453,10045,10059,299.66388888888844,300.08153890824576,0.4474821635971455,1,2.23472594295461,0.2386571539184776,right,8,steak
454,10060,10072,300.1113710524856,300.4693567833633,0.3878178751175261,1,2.578529934178396,0.1193285769592388,right,4,steak
455,10073,10104,300.4991889276031,301.42398539903724,0.9546286156739104,1,1.0475277857599734,0.2684892981582873,right,9,steak
456,10105,10233,301.453817543277,305.27233200597266,3.848346606935451,1,0.2598518538319314,3.729018029976213,right,125,steak
457,10234,10240,305.3021641502125,305.4811570156513,0.2088250096786679,1,4.78869844918845,0.1789928654388582,right,6,steak
458,10241,10250,305.51098915989115,305.7794784580494,0.298321442398097,1,3.352088914431915,0.1193285769592388,right,4,steak
459,10251,10261,305.80931060228926,306.1076320446873,0.3281535866379067,1,3.047353558574468,0.2684892981582873,right,9,steak
460,10262,10263,306.13746418892714,306.167296333167,0.0596642884796194,1,16.760444572159575,0.0298321442398097,right,1,steak
461,10264,10267,306.19712847740675,306.2866249101262,0.1193285769592388,1,8.380222286079787,0.0596642884796194,right,2,steak
462,10268,10273,306.316457054366,306.465617775565,0.1789928654388582,1,5.586814857386525,0.0298321442398097,right,1,steak
463,10274,10279,306.49544991980486,306.6446106410039,0.1789928654388582,1,5.586814857386525,0.1193285769592388,right,4,steak
464,10280,10288,306.67444278524374,306.9130999391622,0.2684892981582873,1,3.724543238257683,0.0596642884796194,right,2,steak
465,10289,10302,306.942932083402,307.3307499585195,0.4176500193573358,1,2.394349224594225,0.1789928654388582,right,6,steak
466,10303,10315,307.36058210275934,307.71856783363705,0.3878178751175261,1,2.578529934178396,0.1491607211990485,right,5,steak
467,10316,10329,307.7483999778769,308.1362178529944,0.4176500193573358,1,2.394349224594225,0.3281535866379067,right,11,steak
468,10330,10331,308.1660499972342,308.195882141474,0.0596642884796194,1,16.760444572159575,0.0298321442398097,right,1,steak
469,10332,10335,308.2257142857138,308.31521071843326,0.1193285769592388,1,8.380222286079787,0.0596642884796194,right,2,steak
470,10336,10347,308.34504286267304,308.673196449311,0.3579857308777164,1,2.7934074286932624,0.2088250096786679,right,7,steak
471,10348,10364,308.70302859355075,309.18034290138775,0.5071464520767649,1,1.9718170084893616,0.2684892981582873,right,9,steak
472,10365,10374,309.2101750456275,309.47866434378585,0.298321442398097,1,3.352088914431915,0.2088250096786679,right,7,steak
473,10375,10377,309.5084964880256,309.56816077650524,0.0894964327194291,1,11.17362971477305,0.0298321442398097,right,1,steak
474,10378,10382,309.59799292074507,309.7173214977043,0.1491607211990485,1,6.70417782886383,0.0298321442398097,right,1,steak
475,10383,10440,309.7471536419441,311.44758586361326,1.7302643659089625,1,0.5779463645572267,1.6407679331895335,right,55,steak
476,10441,10447,311.4774180078531,311.6564108732919,0.2088250096786679,1,4.78869844918845,0.1491607211990485,right,5,steak
477,10448,10452,311.68624301753175,311.80557159449097,0.1491607211990485,1,6.70417782886383,0.0894964327194291,right,3,steak
478,10453,10462,311.8354037387308,312.1038930368891,0.298321442398097,1,3.352088914431915,0.2386571539184776,right,8,steak
479,10463,10488,312.1337251811289,312.8795287871241,0.7756357502350522,1,1.289264967089198,0.7159714617554328,right,24,steak
480,10489,10499,312.90936093136395,313.20768237376205,0.3281535866379067,1,3.047353558574468,0.1789928654388582,right,6,steak
481,10500,10504,313.23751451800183,313.3568430949611,0.1491607211990485,1,6.70417782886383,0.1193285769592388,right,4,steak
482,10505,10511,313.3866752392009,313.56566810463977,0.2088250096786679,1,4.78869844918845,0.1789928654388582,right,6,steak
483,10512,10514,313.59550024887955,313.6551645373592,0.0894964327194291,1,11.17362971477305,0.0596642884796194,right,2,steak
484,10515,10525,313.684996681599,313.9833181239971,0.3281535866379067,1,3.047353558574468,0.298321442398097,right,10,steak
485,10526,10578,314.0131502682369,315.564421768707,1.581103644709914,1,0.6324696064965878,0.9546286156739104,right,32,steak
486,10579,10596,315.59425391294684,316.1014003650236,0.5369785963165746,1,1.8622716191288415,0.3579857308777164,right,12,steak
487,10597,10636,316.1312325092634,317.294686134616,1.193285769592388,1,0.8380222286079787,1.1634536253525782,right,39,steak
488,10637,10644,317.3245182788558,317.53334328853447,0.2386571539184776,1,4.190111143039894,0.2088250096786679,right,7,steak
489,10645,10666,317.56317543277424,318.18965046181023,0.6563071732758134,1,1.523676779287234,0.1193285769592388,right,4,steak
490,10667,10705,318.21948260605006,319.3531040871628,1.1634536253525782,1,0.8595099780594654,0.4773143078369552,right,16,steak
491,10706,10738,319.38293623140265,320.3375648470766,0.98446075991372,1,1.0157845195248227,0.298321442398097,right,10,steak
492,10739,10771,320.36739699131635,321.3220256069903,0.98446075991372,1,1.0157845195248227,0.2684892981582873,right,9,steak
493,10772,10878,321.3518577512301,324.51406504064994,3.192039433659638,1,0.3132793377973752,2.4462358276643954,right,82,steak
494,10879,11070,324.5438971848897,330.2418367346934,5.727771694043462,1,0.1745879642933289,5.310121674686126,right,178,steak
495,11071,11103,330.2716688789332,331.2262974946071,0.98446075991372,1,1.0157845195248227,0.894964327194291,left,30,steak
496,11104,11194,331.2561296388469,333.9410226204298,2.7147251258226825,1,0.3683614191683423,2.2970751064653467,right,77,steak
497,11195,11243,333.9708547646696,335.40279768818044,1.4617750677506751,1,0.6840997784554929,0.8651321829544812,right,29,steak
498,11244,11248,335.4326298324203,335.5519584093795,0.1491607211990485,1,6.70417782886383,0.0298321442398097,right,1,steak
499,11249,11252,335.5817905536193,335.67128698633877,0.1193285769592388,1,8.380222286079787,0.0894964327194291,right,3,steak
500,11253,11263,335.70111913057855,335.99944057297665,0.3281535866379067,1,3.047353558574468,0.2088250096786679,right,7,steak
501,11264,11283,336.0292727172165,336.59608345777286,0.596642884796194,1,1.6760444572159574,0.5668107405563843,right,19,steak
502,11284,11286,336.62591560201264,336.68557989049225,0.0894964327194291,1,11.17362971477305,0.0596642884796194,right,2,steak
503,11287,11316,336.7154120347321,337.58054421768657,0.894964327194291,1,1.117362971477305,0.7458036059952425,right,25,steak
504,11317,11465,337.6103763619264,342.0255337094182,4.444989491731645,1,0.224972410364558,3.878178751175261,right,130,steak
505,11466,11483,342.05536585365803,342.5625123057348,0.5369785963165746,1,1.8622716191288415,0.4474821635971455,right,15,steak
506,11484,11497,342.5923444499746,342.9801623250921,0.4176500193573358,1,2.394349224594225,0.0298321442398097,right,1,steak
507,11498,11501,343.00999446933196,343.09949090205134,0.1193285769592388,1,8.380222286079787,0.0298321442398097,right,1,steak
508,11502,11517,343.1293230462912,343.57680520988833,0.4773143078369552,1,2.095055571519947,0.4474821635971455,right,15,steak
509,11518,11553,343.6066373541281,344.6507624025215,1.0739571926331493,1,0.9311358095644208,0.8651321829544812,right,29,steak
510,11554,11597,344.68059454676126,345.96337674907306,1.312614346551627,1,0.7618383896436169,1.2231179138321977,right,41,steak
511,11598,11609,345.9932088933129,346.3213624799508,0.3579857308777164,1,2.7934074286932624,0.2088250096786679,right,7,steak
512,11610,11615,346.3511946241906,346.50035534538966,0.1789928654388582,1,5.586814857386525,0.0298321442398097,right,1,steak
513,11616,11619,346.5301874896295,346.6196839223489,0.1193285769592388,1,8.380222286079787,0.0894964327194291,right,3,steak
514,11620,11660,346.6495160665887,347.8428018361811,1.2231179138321977,1,0.8175826620565646,1.193285769592388,right,40,steak
515,11661,11675,347.8726339804209,348.29028399977824,0.4474821635971455,1,2.23472594295461,0.0298321442398097,right,1,steak
516,11676,11702,348.3201161440181,349.0957518942531,0.8054678944748619,1,1.241514412752561,0.4176500193573358,right,14,steak
517,11703,11717,349.12558403849295,349.54323405785027,0.4474821635971455,1,2.23472594295461,0.3878178751175261,right,13,steak
518,11718,11726,349.57306620209005,349.81172335600854,0.2684892981582873,1,3.724543238257683,0.0298321442398097,right,1,steak
519,11727,11730,349.8415555002484,349.93105193296776,0.1193285769592388,1,8.380222286079787,0.0894964327194291,right,3,steak
520,11731,11748,349.9608840772076,350.46803052928436,0.5369785963165746,1,1.8622716191288415,0.4773143078369552,right,16,steak
521,11749,11755,350.49786267352414,350.676855538963,0.2088250096786679,1,4.78869844918845,0.1789928654388582,right,6,steak
522,11756,11784,350.70668768320286,351.5419877219175,0.8651321829544812,1,1.1558927291144534,0.6861393175156231,right,23,steak
523,11785,11791,351.57181986615734,351.75081273159617,0.2088250096786679,1,4.78869844918845,0.1789928654388582,right,6,steak
524,11792,11838,351.780644875836,353.15292351086725,1.402110779271056,1,0.7132104073259393,1.3424464907914364,right,45,steak
525,11839,11852,353.18275565510703,353.5705735302246,0.4176500193573358,1,2.394349224594225,0.1491607211990485,right,5,steak
526,11853,11856,353.60040567446435,353.6899021071838,0.1193285769592388,1,8.380222286079787,0.0596642884796194,right,2,steak
527,11857,11891,353.71973425142363,354.73402715557717,1.0441250483933395,1,0.95773968983769,0.5369785963165746,right,18,steak
528,11892,11940,354.76385929981694,356.1958022233278,1.4617750677506751,1,0.6840997784554929,1.0142929041535298,right,34,steak
529,11941,12053,356.22563436756764,359.5668345224263,3.371032299098496,1,0.2966450366753906,2.98321442398097,right,100,steak
0,0,103,0.0,3.4335129412350787,3.4668480183344488,1,0.2884464489679078,2.8001464763470545,left,84,zoe
1,104,115,3.4668480183344488,3.833533866427515,0.4000209251924363,1,2.4998692243885348,0.2000104625962181,right,6,zoe
2,116,119,3.866868943526885,3.966874174824994,0.1333403083974788,1,7.499607673165604,0.0333350770993697,right,1,zoe
3,120,218,4.000209251924364,7.267046807662594,3.3001726328376,1,0.3030144514410345,3.200167401539491,left,96,zoe
4,219,245,7.300381884761964,8.167093889345576,0.9000470816829819,1,1.1110529886171263,0.4666910793911757,left,14,zoe
5,246,387,8.200428966444946,12.900674837456071,4.733580948110497,1,0.211256554173679,4.033544329023734,left,121,zoe
6,388,398,12.934009914555444,13.26736068554914,0.3666858480930667,1,2.7271300629693105,0.2666806167949576,left,8,zoe
7,399,401,13.300695762648507,13.367365916847248,0.100005231298109,1,9.99947689755414,0.0666701541987394,left,2,zoe
8,402,409,13.400700993946618,13.634046533642206,0.2666806167949576,1,3.749803836582802,0.2000104625962181,left,6,zoe
9,410,432,13.667381610741575,14.40075330692771,0.7667067732855031,1,1.3042795953331483,0.5000261564905455,left,15,zoe
10,433,475,14.43408838402708,15.834161622200606,1.433408315272897,1,0.6976379230851726,1.2667329297760486,left,38,zoe
11,476,477,15.867496699299975,15.900831776399343,0.0666701541987394,1,14.999215346331209,0.0333350770993697,left,1,zoe
12,478,481,15.934166853498716,16.034172084796825,0.1333403083974788,1,7.499607673165604,0.100005231298109,left,3,zoe
13,482,484,16.067507161896195,16.134177316094934,0.100005231298109,1,9.99947689755414,0.0666701541987394,left,2,zoe
14,485,508,16.167512393194304,16.934219166479807,0.8000418503848727,1,1.2499346121942674,0.7667067732855031,left,23,zoe
15,509,546,16.967554243579176,18.200952096255858,1.2667329297760486,1,0.7894323866490109,1.233397852676679,right,37,zoe
16,547,688,18.234287173355224,22.93453304436635,4.733580948110497,1,0.211256554173679,4.033544329023734,left,121,zoe
17,689,698,22.96786812146572,23.267883815360047,0.333350770993697,1,2.999843069266242,0.2333455396955878,left,7,zoe
18,699,700,23.301218892459417,23.334553969558787,0.0666701541987394,1,14.999215346331209,0.0333350770993697,left,1,zoe
19,701,703,23.367889046658156,23.4345592008569,0.100005231298109,1,9.99947689755414,0.0333350770993697,left,1,zoe
20,704,716,23.46789427795627,23.867915203148705,0.4333560022918061,1,2.3075715917432627,0.1666753854968485,left,5,zoe
21,717,724,23.901250280248075,24.134595819943662,0.2666806167949576,1,3.749803836582802,0.1333403083974788,left,4,zoe
22,725,832,24.167930897043032,27.73478414667559,3.6001883267319275,1,0.2777632471542816,2.9334867847445336,left,88,zoe
23,833,840,27.76811922377496,28.001464763470548,0.2666806167949576,1,3.749803836582802,0.2000104625962181,right,6,zoe
24,841,842,28.034799840569917,28.068134917669287,0.0666701541987394,1,14.999215346331209,0.0333350770993697,right,1,zoe
25,843,873,28.101469994768657,29.101522307749747,1.0333873900804609,1,0.9676913126665296,0.9333821587823516,right,28,zoe
26,874,1246,29.134857384849116,41.53550606581464,12.433983758064898,1,0.0804247471653148,11.733947138978134,left,352,zoe
27,1247,1264,41.56884114291401,42.1355374536033,0.6000313877886546,1,1.6665794829256897,0.3000156938943273,left,9,zoe
28,1265,1278,42.168872530702664,42.602228532994474,0.4666910793911757,1,2.142745049475887,0.1333403083974788,left,4,zoe
29,1279,1314,42.63556361009385,43.80229130857178,1.2000627755773092,1,0.8332897414628448,0.9000470816829819,left,27,zoe
30,1315,1339,43.835626385671155,44.63566823605603,0.8333769274842424,1,1.1999372277064968,0.6333664648880243,left,19,zoe
31,1340,1398,44.66900331315539,46.602437784918834,1.966769548862812,1,0.5084479778417359,1.9334344717634424,left,58,zoe
32,1399,1437,46.63577286201821,47.902505791794255,1.3000680068754182,1,0.7691905305810876,1.2667329297760486,left,38,zoe
33,1438,1446,47.93584086889363,48.202521485688585,0.3000156938943273,1,3.3331589658513794,0.1333403083974788,left,4,zoe
34,1447,1456,48.23585656278795,48.53587225668228,0.333350770993697,1,2.999843069266242,0.0333350770993697,left,1,zoe
35,1457,1775,48.56920733378165,59.16976185138121,10.633889594698934,1,0.0940389676885969,9.93385297561217,left,298,zoe
36,1776,1780,59.20309692848058,59.33643723687806,0.1666753854968485,1,5.999686138532484,0.100005231298109,left,3,zoe
37,1781,1783,59.36977231397743,59.43644246817617,0.100005231298109,1,9.99947689755414,0.0333350770993697,left,1,zoe
38,1784,1786,59.46977754527554,59.53644769947428,0.100005231298109,1,9.99947689755414,0.0666701541987394,left,2,zoe
39,1787,1790,59.569782776573646,59.66978800787176,0.1333403083974788,1,7.499607673165604,0.0333350770993697,left,1,zoe
40,1791,1805,59.70312308497113,60.16981416436231,0.5000261564905455,1,1.9998953795108276,0.3666858480930667,left,11,zoe
41,1806,1807,60.203149241461674,60.23648431856105,0.0666701541987394,1,14.999215346331209,0.0333350770993697,left,1,zoe
42,1808,1902,60.26981939566041,63.40331664300116,3.1668323244401213,1,0.3157729546596043,2.433460628253988,left,73,zoe
43,1903,1965,63.436651720100535,65.50342650026145,2.100109857260291,1,0.4761655665501971,1.4000732381735272,left,42,zoe
44,1966,1993,65.53676157736082,66.4368086590438,0.9333821587823516,1,1.0713725247379435,0.2333455396955878,left,7,zoe
45,1994,2091,66.47014373614317,69.70364621478204,3.2668375557382303,1,0.3061064356394124,2.566800936651467,left,77,zoe
46,2092,2121,69.7369812918814,70.70369852776312,1.000052312981091,1,0.9999476897554138,0.3000156938943273,left,9,zoe
47,2122,2214,70.7370336048625,73.80386069800451,3.100162170241382,1,0.3225637708888432,3.0668270931420123,left,92,zoe
48,2215,2250,73.83719577510388,75.00392347358182,1.2000627755773092,1,0.8332897414628448,0.5333612335899152,right,16,zoe
49,2251,2274,75.03725855068119,75.8039653239667,0.8000418503848727,1,1.2499346121942674,0.7000366190867636,left,21,zoe
50,2275,2281,75.83730040106606,76.03731086366228,0.2333455396955878,1,4.285490098951774,0.0333350770993697,left,1,zoe
51,2282,2302,76.07064594076165,76.73734748274904,0.7000366190867636,1,1.4284966996505917,0.666701541987394,left,20,zoe
52,2303,2327,76.77068255984841,77.57072441023328,0.8333769274842424,1,1.1999372277064968,0.7333716961861334,left,22,zoe
53,2328,2352,77.60405948733266,78.40410133771753,0.8333769274842424,1,1.1999372277064968,0.5666963106892848,left,17,zoe
54,2353,2390,78.4374364148169,79.67083426749357,1.2667329297760486,1,0.7894323866490109,1.1667276984779391,left,35,zoe
55,2391,2406,79.70416934459294,80.20419550108349,0.5333612335899152,1,1.874901918291401,0.2666806167949576,left,8,zoe
56,2407,2415,80.23753057818286,80.50421119497781,0.3000156938943273,1,3.3331589658513794,0.0666701541987394,left,2,zoe
57,2416,2419,80.5375462720772,80.63755150337529,0.1333403083974788,1,7.499607673165604,0.0333350770993697,right,1,zoe
58,2420,2532,80.67088658047467,84.40441521560408,3.766863712228776,1,0.265472837988163,3.700193558030037,right,111,zoe
59,2533,2577,84.43775029270344,85.9044936850757,1.5000784694716365,1,0.6666317931702759,0.8000418503848727,left,24,zoe
60,2578,2608,85.93782876217509,86.93788107515617,1.0333873900804609,1,0.9676913126665296,0.3000156938943273,right,9,zoe
61,2609,2659,86.97121615225554,88.63797000722403,1.7000889320678545,1,0.5882045233855376,1.000052312981091,right,30,zoe
62,2660,2668,88.6713050843234,88.93798570111835,0.3000156938943273,1,3.3331589658513794,0.1333403083974788,right,4,zoe
63,2669,2727,88.97132077821772,90.90475524998116,1.966769548862812,1,0.5084479778417359,1.6000837007697457,right,48,zoe
64,2728,2753,90.93809032708052,91.77146725456478,0.8667120045836122,1,1.153785795871631,0.1333403083974788,right,4,zoe
65,2754,2798,91.80480233166416,93.2715457240364,1.5000784694716365,1,0.6666317931702759,1.4667433923722668,right,44,zoe
66,2799,2811,93.30488080113578,93.70490172632822,0.4333560022918061,1,2.3075715917432627,0.3666858480930667,right,11,zoe
67,2812,2836,93.7382368034276,94.53827865381248,0.8333769274842424,1,1.1999372277064968,0.1333403083974788,right,4,zoe
68,2837,2863,94.57161373091184,95.43832573549544,0.9000470816829819,1,1.1110529886171263,0.2000104625962181,right,6,zoe
69,2864,2931,95.47166081259482,97.70511097825258,2.2667852427571393,1,0.4411533925391532,1.5667486236703758,left,47,zoe
70,2932,2961,97.73844605535196,98.70516329123367,1.000052312981091,1,0.9999476897554138,0.2333455396955878,left,7,zoe
71,2962,3055,98.73849836833304,101.83866053857444,3.1334972473407516,1,0.3191322414113023,2.433460628253988,left,73,zoe
72,3056,3077,101.8719956156738,102.57203223476056,0.7333716961861334,1,1.3635650314846552,0.7000366190867636,left,21,zoe
73,3078,3081,102.60536731185994,102.70537254315803,0.1333403083974788,1,7.499607673165604,0.0333350770993697,left,1,zoe
74,3082,3084,102.7387076202574,102.80537777445616,0.100005231298109,1,9.99947689755414,0.0666701541987394,left,2,zoe
75,3085,3088,102.83871285155551,102.93871808285364,0.1333403083974788,1,7.499607673165604,0.0666701541987394,left,2,zoe
76,3089,3121,102.972053159953,104.03877562713282,1.1000575442792,1,0.9090433543231036,0.9667172358817212,left,29,zoe
77,3122,3144,104.0721107042322,104.80548240041831,0.7667067732855031,1,1.3042795953331483,0.7333716961861334,left,22,zoe
78,3145,3215,104.8388174775177,107.17227287447358,2.3667904740552483,1,0.422513108347358,1.6334187778691152,left,49,zoe
79,3216,3380,107.20560795157294,112.67256059586958,5.500287721396,1,0.1818086708646207,5.46695264429663,left,164,zoe
80,3381,3422,112.70589567296896,114.0726338340431,1.4000732381735272,1,0.7142483498252957,0.6333664648880243,left,19,zoe
81,3423,3468,114.10596891114248,115.60604738061411,1.533413546571006,1,0.6521397976665743,0.7667067732855031,right,23,zoe
82,3469,3471,115.63938245771348,115.70605261191224,0.100005231298109,1,9.99947689755414,0.0333350770993697,right,1,zoe
83,3472,3475,115.7393876890116,115.8393929203097,0.1333403083974788,1,7.499607673165604,0.0666701541987394,right,2,zoe
84,3476,3497,115.87272799740909,116.57276461649585,0.7333716961861334,1,1.3635650314846552,0.666701541987394,left,20,zoe
85,3498,3517,116.6060996935952,117.23946615848322,0.666701541987394,1,1.499921534633121,0.4666910793911757,left,14,zoe
86,3518,3542,117.2728012355826,118.07284308596746,0.8333769274842424,1,1.1999372277064968,0.7667067732855031,left,23,zoe
87,3543,3717,118.10617816306684,123.90648157835716,5.833638492389697,1,0.1714196039580709,5.133601873302934,left,154,zoe
88,3718,3748,123.93981665545654,124.93986896843762,1.0333873900804609,1,0.9676913126665296,0.2666806167949576,right,8,zoe
89,3749,3776,124.973204045537,125.87325112721996,0.9333821587823516,1,1.0713725247379435,0.2000104625962181,left,6,zoe
90,3777,3829,125.90658620431935,127.64001021348658,1.766759086266594,1,0.5660081262766493,1.7334240091672244,left,52,zoe
91,3830,3858,127.67334529058594,128.6067274493683,0.9667172358817212,1,1.034428644574566,0.9333821587823516,left,28,zoe
92,3859,3886,128.64006252646766,129.54010960815066,0.9333821587823516,1,1.0713725247379435,0.666701541987394,left,20,zoe
93,3887,3916,129.57344468525002,130.54016192113173,1.000052312981091,1,0.9999476897554138,0.2666806167949576,left,8,zoe
94,3917,3938,130.5734969982311,131.27353361731787,0.7333716961861334,1,1.3635650314846552,0.0666701541987394,left,2,zoe
95,3939,3968,131.30686869441723,132.27358593029896,1.000052312981091,1,0.9999476897554138,0.3666858480930667,left,11,zoe
96,3969,4037,132.30692100739833,134.57370625015548,2.300120319856509,1,0.4347598651110495,1.6334187778691152,left,49,zoe
97,4038,4058,134.60704132725485,135.27374286924223,0.7000366190867636,1,1.4284966996505917,0.3666858480930667,left,11,zoe
98,4059,4076,135.3070779463416,135.87377425703087,0.6000313877886546,1,1.6665794829256897,0.5333612335899152,left,16,zoe
99,4077,4088,135.90710933413027,136.27379518222332,0.4000209251924363,1,2.4998692243885348,0.3000156938943273,left,9,zoe
100,4089,4108,136.3071302593227,136.94049672421073,0.666701541987394,1,1.499921534633121,0.0333350770993697,left,1,zoe
101,4109,4131,136.9738318013101,137.7072034974962,0.7667067732855031,1,1.3042795953331483,0.1333403083974788,left,4,zoe
102,4132,4171,137.7405385745956,139.040606581471,1.333403083974788,1,0.7499607673165605,1.1000575442792,left,33,zoe
103,4172,4178,139.0739416585704,139.2739521211666,0.2333455396955878,1,4.285490098951774,0.1333403083974788,left,4,zoe
104,4179,4182,139.30728719826595,139.40729242956408,0.1333403083974788,1,7.499607673165604,0.0666701541987394,left,2,zoe
105,4183,4207,139.44062750666345,140.24066935704832,0.8333769274842424,1,1.1999372277064968,0.7000366190867636,left,21,zoe
106,4208,4224,140.27400443414768,140.8073656677376,0.5666963106892848,1,1.7646135701566128,0.3000156938943273,left,9,zoe
107,4225,4235,140.84070074483697,141.17405151583068,0.3666858480930667,1,2.7271300629693105,0.3000156938943273,left,9,zoe
108,4236,4240,141.20738659293005,141.3407269013275,0.1666753854968485,1,5.999686138532484,0.1333403083974788,left,4,zoe
109,4241,4250,141.37406197842688,141.6740776723212,0.333350770993697,1,2.999843069266242,0.2666806167949576,left,8,zoe
110,4251,4269,141.7074127494206,142.30744413720925,0.6333664648880243,1,1.578864773298022,0.4000209251924363,left,12,zoe
111,4270,4295,142.3407792143086,143.17415614179285,0.8667120045836122,1,1.153785795871631,0.1333403083974788,left,4,zoe
112,4296,4324,143.20749121889222,144.14087337767458,0.9667172358817212,1,1.034428644574566,0.2333455396955878,left,7,zoe
113,4325,4596,144.17420845477395,153.20801434870313,9.067140971028556,1,0.1102883481347883,8.367104351941794,left,251,zoe
114,4597,4604,153.2413494258025,153.4746949654981,0.2666806167949576,1,3.749803836582802,0.1333403083974788,left,4,zoe
115,4605,4639,153.50803004259743,154.64142266397602,1.1667276984779391,1,0.8570980197903548,1.0667224671798303,left,32,zoe
116,4640,4671,154.6747577410754,155.70814513115585,1.0667224671798303,1,0.9374509591457004,0.666701541987394,left,20,zoe
117,4672,4728,155.74148020825524,157.60824452581994,1.9000993946640727,1,0.5262882577660073,1.4000732381735272,left,42,zoe
118,4729,4740,157.6415796029193,158.00826545101236,0.4000209251924363,1,2.4998692243885348,0.0333350770993697,left,1,zoe
119,4741,4743,158.04160052811173,158.1082706823105,0.100005231298109,1,9.99947689755414,0.0333350770993697,left,1,zoe
120,4744,4873,158.14160575940986,162.44183070522854,4.333560022918061,1,0.2307571591743263,3.566853249632558,right,107,zoe
121,4874,4908,162.4751657823279,163.60855840370647,1.1667276984779391,1,0.8570980197903548,0.4000209251924363,right,12,zoe
122,4909,4959,163.64189348080583,165.30864733577434,1.7000889320678545,1,0.5882045233855376,1.5667486236703758,right,47,zoe
123,4960,5204,165.3419824128737,173.47574122511992,8.167093889345576,1,0.1224425742557649,8.100423735146837,left,243,zoe
124,5205,5207,173.50907630221928,173.57574645641802,0.100005231298109,1,9.99947689755414,0.0333350770993697,left,1,zoe
125,5208,5223,173.60908153351738,174.10910769000793,0.5333612335899152,1,1.874901918291401,0.333350770993697,left,10,zoe
126,5224,5326,174.1424427671073,177.542620631243,3.4335129412350787,1,0.2912468999287613,2.733476322148315,left,82,zoe
127,5327,5336,177.57595570834238,177.8759714022367,0.333350770993697,1,2.999843069266242,0.2666806167949576,left,8,zoe
128,5337,5341,177.90930647933607,178.04264678773356,0.1666753854968485,1,5.999686138532484,0.0333350770993697,left,1,zoe
129,5342,5347,178.07598186483293,178.24265725032978,0.2000104625962181,1,4.9997384487770695,0.1666753854968485,left,5,zoe
130,5348,5360,178.27599232742915,178.67601325262157,0.4333560022918061,1,2.3075715917432627,0.0333350770993697,left,1,zoe
131,5361,5440,178.70934832972094,181.34281942057115,2.666806167949576,1,0.3749803836582802,2.4001255511546185,left,72,zoe
132,5441,5471,181.3761544976705,182.3762068106516,1.0333873900804609,1,0.9676913126665296,1.000052312981091,left,30,zoe
133,5472,5497,182.40954188775095,183.24291881523524,0.8667120045836122,1,1.153785795871631,0.8333769274842424,left,25,zoe
134,5498,5512,183.2762538923346,183.74294497172576,0.5000261564905455,1,1.9998953795108276,0.0666701541987394,left,2,zoe
135,5513,5526,183.77628004882516,184.20963605111697,0.4666910793911757,1,2.142745049475887,0.333350770993697,left,10,zoe
136,5527,5531,184.2429711282163,184.3763114366138,0.1666753854968485,1,5.999686138532484,0.0666701541987394,left,2,zoe
137,5532,5548,184.40964651371317,184.94300774730308,0.5666963106892848,1,1.7646135701566128,0.1666753854968485,left,5,zoe
138,5549,5555,184.97634282440245,185.17635328699868,0.2333455396955878,1,4.285490098951774,0.2000104625962181,left,6,zoe
139,5556,5571,185.20968836409804,185.7097145205886,0.5333612335899152,1,1.874901918291401,0.100005231298109,left,3,zoe
140,5572,5598,185.74304959768796,186.60976160227156,0.9000470816829819,1,1.1110529886171263,0.2000104625962181,right,6,zoe
141,5599,5770,186.64309667937093,192.34339486336316,5.733633261091588,1,0.1744094807712931,5.000261564905455,right,150,zoe
142,5771,5826,192.37672994046252,194.21015918092783,1.866764317564703,1,0.5356862623689718,1.0667224671798303,right,32,zoe
143,5827,5831,194.24349425802723,194.37683456642472,0.1666753854968485,1,5.999686138532484,0.100005231298109,right,3,zoe
144,5832,5843,194.41016964352409,194.7768554916171,0.4000209251924363,1,2.4998692243885348,0.0666701541987394,left,2,zoe
145,5844,5862,194.8101905687165,195.41022195650515,0.6333664648880243,1,1.578864773298022,0.4333560022918061,left,13,zoe
146,5863,5870,195.44355703360455,195.6769025733001,0.2666806167949576,1,3.749803836582802,0.2333455396955878,right,7,zoe
147,5871,5877,195.7102376503995,195.9102481129957,0.2333455396955878,1,4.285490098951774,0.0666701541987394,right,2,zoe
148,5878,5883,195.9435831900951,196.11025857559193,0.2000104625962181,1,4.9997384487770695,0.1333403083974788,right,4,zoe
149,5884,5950,196.1435936526913,198.3437087412497,2.2334501656577697,1,0.4477377715322749,1.5000784694716365,right,45,zoe
150,5951,5978,198.37704381834908,199.27709090003205,0.9333821587823516,1,1.0713725247379435,0.2333455396955878,left,7,zoe
151,5979,6142,199.31042597713144,204.7440435443287,5.46695264429663,1,0.1829172603211123,4.700245871011127,right,141,zoe
152,6143,6185,204.77737862142808,206.1774518596016,1.433408315272897,1,0.6976379230851726,0.666701541987394,right,20,zoe
153,6186,6204,206.21078693670097,206.8108183244896,0.6333664648880243,1,1.578864773298022,0.5333612335899152,left,16,zoe
154,6205,6404,206.84415340158895,213.47783374436355,6.667015419873939,1,0.1499921534633121,5.866973569489067,left,176,zoe
155,6405,6449,213.51116882146292,214.97791221383517,1.5000784694716365,1,0.6666317931702759,0.7667067732855031,right,23,zoe
156,6450,6456,215.01124729093456,215.21125775353076,0.2333455396955878,1,4.285490098951774,0.0333350770993697,right,1,zoe
157,6457,6471,215.24459283063013,215.7112839100213,0.5000261564905455,1,1.9998953795108276,0.2333455396955878,right,7,zoe
158,6472,6478,215.74461898712067,215.9446294497169,0.2333455396955878,1,4.285490098951774,0.2000104625962181,right,6,zoe
159,6479,6921,215.9779645268163,230.71206860473768,14.767439155020776,1,0.067716547838967,14.100737613033385,right,423,zoe
160,6922,6951,230.74540368183705,231.7121209177188,1.000052312981091,1,0.9999476897554138,0.2000104625962181,right,6,zoe
161,6952,6994,231.74545599481817,233.1455292329917,1.433408315272897,1,0.6976379230851726,0.7000366190867636,left,21,zoe
162,6995,7005,233.17886431009103,233.51221508108472,0.3666858480930667,1,2.7271300629693105,0.1333403083974788,left,4,zoe
163,7006,7036,233.5455501581841,234.5456024711652,1.0333873900804609,1,0.9676913126665296,0.333350770993697,right,10,zoe
164,7037,7323,234.57893754826455,244.1127695986843,9.567167127519102,1,0.1045241487549213,8.933800662631079,right,268,zoe
165,7324,7339,244.14610467578368,244.64613083227425,0.5333612335899152,1,1.874901918291401,0.3000156938943273,right,9,zoe
166,7340,7408,244.6794659093736,246.9462511521307,2.300120319856509,1,0.4347598651110495,1.7000889320678545,left,51,zoe
167,7409,7457,246.97958622923008,248.57966992999985,1.6334187778691152,1,0.6122128712788248,1.1667276984779391,left,35,zoe
168,7458,7461,248.6130050070992,248.71301023839732,0.1333403083974788,1,7.499607673165604,0.0333350770993697,left,1,zoe
169,7462,7535,248.74634531549668,251.1798059437507,2.466795705353358,1,0.4053841985494921,2.3334553969558787,left,70,zoe
170,7536,7561,251.21314102085003,252.0465179483343,0.8667120045836122,1,1.153785795871631,0.0333350770993697,left,1,zoe
171,7562,7589,252.0798530254337,252.97990010711663,0.9333821587823516,1,1.0713725247379435,0.2333455396955878,left,7,zoe
172,7590,7677,253.013235184216,255.91338689186117,2.9334867847445336,1,0.3408912578711638,2.2001150885584,left,66,zoe
173,7678,7722,255.94672196896053,257.4134653613328,1.5000784694716365,1,0.6666317931702759,0.7667067732855031,right,23,zoe
174,7723,7747,257.44680043843215,258.24684228881705,0.8333769274842424,1,1.1999372277064968,0.7667067732855031,left,23,zoe
175,7748,7917,258.2801773659164,263.9138053957099,5.666963106892848,1,0.1764613570156613,5.300277258799782,right,159,zoe
176,7918,8008,263.9471404728093,266.9472974117525,3.033492016042642,1,0.3296530845347518,2.733476322148315,right,82,zoe
177,8009,8055,266.9806324888519,268.5140460354229,1.5667486236703758,1,0.6382644828226046,0.9667172358817212,left,29,zoe
178,8056,8106,268.54738111252226,270.2141349674908,1.7000889320678545,1,0.5882045233855376,0.9667172358817212,left,29,zoe
179,8107,8116,270.24747004459016,270.54748573848445,0.333350770993697,1,2.999843069266242,0.3000156938943273,left,9,zoe
180,8117,8256,270.5808208155838,275.2143965323962,4.666910793911757,1,0.2142745049475887,3.966874174824994,left,119,zoe
181,8257,8314,275.2477316094956,277.1478310041597,1.9334344717634424,1,0.517214322287283,0.9667172358817212,left,29,zoe
182,8315,8323,277.18116608125905,277.447846698054,0.3000156938943273,1,3.3331589658513794,0.0333350770993697,left,1,zoe
183,8324,8367,277.48118177515335,278.91459009042626,1.4667433923722668,1,0.6817825157423276,1.333403083974788,left,40,zoe
184,8368,8424,278.9479251675256,280.81468948509035,1.9000993946640727,1,0.5262882577660073,1.8334292404653336,left,55,zoe
185,8425,8428,280.8480245621897,280.9480297934878,0.1333403083974788,1,7.499607673165604,0.100005231298109,left,3,zoe
186,8429,8444,280.9813648705872,281.48139102707773,0.5333612335899152,1,1.874901918291401,0.4666910793911757,left,14,zoe
187,8445,8472,281.5147261041771,282.4147731858601,0.9333821587823516,1,1.0713725247379435,0.2333455396955878,left,7,zoe
188,8473,8542,282.44810826295947,284.74822858281595,2.3334553969558787,1,0.4285490098951774,2.300120319856509,left,69,zoe
189,8543,8567,284.7815636599153,285.5816055103002,0.8333769274842424,1,1.1999372277064968,0.1666753854968485,right,5,zoe
190,8568,8596,285.6149405873996,286.5483227461819,0.9667172358817212,1,1.034428644574566,0.2333455396955878,right,7,zoe
191,8597,8617,286.5816578232813,287.2483593652687,0.7000366190867636,1,1.4284966996505917,0.0666701541987394,right,2,zoe
192,8618,8674,287.28169444236806,289.14845875993274,1.9000993946640727,1,0.5262882577660073,1.1000575442792,right,33,zoe
193,8675,8701,289.1817938370321,290.04850584161574,0.9000470816829819,1,1.1110529886171263,0.1333403083974788,left,4,zoe
194,8702,8782,290.0818409187151,292.7486470866647,2.7001412450489455,1,0.3703509962057089,1.6334187778691152,left,49,zoe
195,8783,8784,292.78198216376404,292.8153172408634,0.0666701541987394,1,14.999215346331209,0.0333350770993697,left,1,zoe
196,8785,8791,292.8486523179628,293.048662780559,0.2333455396955878,1,4.285490098951774,0.0333350770993697,left,1,zoe
197,8792,8816,293.0819978576584,293.88203970804324,0.8333769274842424,1,1.1999372277064968,0.1333403083974788,right,4,zoe
198,8817,8840,293.9153747851426,294.68208155842814,0.8000418503848727,1,1.2499346121942674,0.100005231298109,right,3,zoe
199,8841,8846,294.7154166355275,294.88209202102433,0.2000104625962181,1,4.9997384487770695,0.1666753854968485,right,5,zoe
200,8847,8861,294.9154270981237,295.3821181775149,0.5000261564905455,1,1.9998953795108276,0.4333560022918061,right,13,zoe
201,8862,8879,295.41545325461425,295.98214956530353,0.6000313877886546,1,1.6665794829256897,0.4333560022918061,left,13,zoe
202,8880,8944,296.0154846424029,298.14892957676255,2.1667800114590303,1,0.4615143183486526,1.5000784694716365,left,45,zoe
203,8945,8977,298.1822646538619,299.24898712104175,1.1000575442792,1,0.9090433543231036,0.5000261564905455,left,15,zoe
204,8978,8986,299.2823221981412,299.5490028149361,0.3000156938943273,1,3.3331589658513794,0.0666701541987394,left,2,zoe
205,8987,9014,299.58233789203547,300.48238497371847,0.9333821587823516,1,1.0713725247379435,0.9000470816829819,right,27,zoe
206,9015,9021,300.51572005081783,300.71573051341403,0.2333455396955878,1,4.285490098951774,0.1666753854968485,left,5,zoe
207,9022,9065,300.7490655905134,302.1824739057863,1.4667433923722668,1,0.6817825157423276,0.7000366190867636,left,21,zoe
208,9066,9099,302.2158089828857,303.31586652716487,1.1333926213785697,1,0.8823067850783064,0.4333560022918061,left,13,zoe
209,9100,9124,303.34920160426424,304.14924345464914,0.8333769274842424,1,1.1999372277064968,0.100005231298109,left,3,zoe
210,9125,9180,304.1825785317485,306.0160077722138,1.866764317564703,1,0.5356862623689718,1.8334292404653336,left,55,zoe
211,9181,9203,306.0493428493132,306.78271454549935,0.7667067732855031,1,1.3042795953331483,0.0333350770993697,left,1,zoe
212,9204,9270,306.8160496225987,309.0161647111571,2.2334501656577697,1,0.4477377715322749,1.5000784694716365,left,45,zoe
213,9271,9338,309.04949978825647,311.2829499539142,2.2667852427571393,1,0.4411533925391532,1.5667486236703758,left,47,zoe
214,9339,9340,311.3162850310136,311.34962010811296,0.0666701541987394,1,14.999215346331209,0.0333350770993697,left,1,zoe
215,9341,9380,311.3829551852123,312.6830231920878,1.333403083974788,1,0.7499607673165605,0.6000313877886546,left,18,zoe
216,9381,9389,312.71635826918714,312.98303888598207,0.3000156938943273,1,3.3331589658513794,0.2000104625962181,left,6,zoe
217,9390,9485,313.01637396308143,316.18320628752156,3.200167401539491,1,0.3124836530485668,3.0668270931420123,left,92,zoe
218,9486,9506,316.216541364621,316.88324290660836,0.7000366190867636,1,1.4284966996505917,0.5000261564905455,left,15,zoe
219,9507,9560,316.9165779837077,318.6833370699743,1.8000941633659635,1,0.5555264943085633,1.7334240091672244,left,52,zoe
220,9561,9593,318.71667214707367,319.7833946142535,1.1000575442792,1,0.9090433543231036,0.4000209251924363,left,12,zoe
221,9594,9649,319.81672969135286,321.6501589318182,1.866764317564703,1,0.5356862623689718,1.766759086266594,right,53,zoe
222,9650,9671,321.6834940089176,322.38353062800434,0.7333716961861334,1,1.3635650314846552,0.100005231298109,left,3,zoe
223,9672,9713,322.4168657051037,323.7836038661779,1.4000732381735272,1,0.7142483498252957,0.5666963106892848,left,17,zoe
224,9714,9715,323.81693894327725,323.8502740203766,0.0666701541987394,1,14.999215346331209,0.0333350770993697,left,1,zoe
225,9716,9723,323.883609097476,324.11695463717155,0.2666806167949576,1,3.749803836582802,0.2333455396955878,left,7,zoe
226,9724,9868,324.15028971427097,328.9505408165802,4.833586179408607,1,0.2068857289149132,4.800251102309237,left,144,zoe
227,9869,9874,328.98387589367957,329.1505512791764,0.2000104625962181,1,4.9997384487770695,0.1666753854968485,right,5,zoe
228,9875,9876,329.18388635627576,329.21722143337513,0.0666701541987394,1,14.999215346331209,0.0333350770993697,right,1,zoe
229,9877,9889,329.2505565104745,329.65057743566695,0.4333560022918061,1,2.3075715917432627,0.1666753854968485,right,5,zoe
230,9890,9918,329.6839125127663,330.6172946715487,0.9667172358817212,1,1.034428644574566,0.2666806167949576,left,8,zoe
231,9919,9947,330.65062974864804,331.5840119074304,0.9667172358817212,1,1.034428644574566,0.7000366190867636,left,21,zoe
232,9948,10066,331.6173469845298,335.5508860822554,3.966874174824994,1,0.2520876528795161,3.766863712228776,right,113,zoe
233,10067,10112,335.58422115935474,337.0842996288264,1.533413546571006,1,0.6521397976665743,0.2666806167949576,left,8,zoe
234,10113,10139,337.11763470592575,337.9843467105094,0.9000470816829819,1,1.1110529886171263,0.1666753854968485,left,5,zoe
235,10140,10160,338.01768178760875,338.68438332959613,0.7000366190867636,1,1.4284966996505917,0.6333664648880243,right,19,zoe
236,10161,10164,338.7177184066955,338.8177236379936,0.1333403083974788,1,7.499607673165604,0.100005231298109,right,3,zoe
237,10165,10235,338.85105871509296,341.1845141120489,2.3667904740552483,1,0.422513108347358,1.7000889320678545,left,51,zoe
238,10236,10263,341.21784918914824,342.1178962708312,0.9333821587823516,1,1.0713725247379435,0.2000104625962181,right,6,zoe
239,10264,10293,342.1512313479306,343.1179485838123,1.000052312981091,1,0.9999476897554138,0.2333455396955878,right,7,zoe
240,10294,10386,343.15128366091164,346.21811075405367,3.100162170241382,1,0.3225637708888432,2.766811399247685,left,83,zoe
241,10387,10390,346.25144583115303,346.35145106245113,0.1333403083974788,1,7.499607673165604,0.0333350770993697,left,1,zoe
242,10391,10401,346.38478613955056,346.7181369105442,0.3666858480930667,1,2.7271300629693105,0.2333455396955878,left,7,zoe
243,10402,10455,346.7514719876436,348.5182310739102,1.8000941633659635,1,0.5555264943085633,1.0667224671798303,left,32,zoe
244,10456,10574,348.5515661510096,352.4851052487352,3.966874174824994,1,0.2520876528795161,3.2668375557382303,right,98,zoe
245,10575,10626,352.51844032583455,354.2185292579024,1.7334240091672244,1,0.5768928979358157,1.000052312981091,right,30,zoe
246,10627,10748,354.25186433500176,358.2854086640255,4.066879406123103,1,0.245888776169364,3.933539097725624,right,118,zoe
247,10749,10786,358.3187437411249,359.55214159380154,1.2667329297760486,1,0.7894323866490109,1.1667276984779391,left,35,zoe
248,10787,10878,359.5854766709009,362.6189686869435,3.0668270931420123,1,0.3260698988332871,2.300120319856509,left,69,zoe
249,10879,10949,362.6523037640429,364.9857591609989,2.3667904740552483,1,0.422513108347358,1.6667538549684848,right,50,zoe
250,10950,11129,365.0190942380982,370.98607303888537,6.000313877886546,1,0.1666579482925689,5.933643723687807,right,178,zoe
251,11130,11138,371.01940811598473,371.2860887327797,0.3000156938943273,1,3.3331589658513794,0.2666806167949576,left,8,zoe
252,11139,11163,371.3194238098791,372.1194656602639,0.8333769274842424,1,1.1999372277064968,0.5333612335899152,right,16,zoe
253,11164,11202,372.1528007373633,373.4195336671394,1.3000680068754182,1,0.7691905305810876,1.233397852676679,right,37,zoe
254,11203,11215,373.45286874423874,373.85288966943114,0.4333560022918061,1,2.3075715917432627,0.1666753854968485,right,5,zoe
255,11216,11300,373.8862247465305,376.6863712228776,2.833481553446424,1,0.3529227140313226,2.1667800114590303,left,65,zoe
256,11301,11343,376.71970629997696,378.11977953815045,1.433408315272897,1,0.6976379230851726,1.000052312981091,left,30,zoe
257,11344,11370,378.1531146152499,379.01982661983345,0.9000470816829819,1,1.1110529886171263,0.1666753854968485,left,5,zoe
258,11371,11382,379.0531616969328,379.4198475450259,0.4000209251924363,1,2.4998692243885348,0.3666858480930667,left,11,zoe
259,11383,11389,379.45318262212527,379.65319308472147,0.2333455396955878,1,4.285490098951774,0.2000104625962181,left,6,zoe
260,11390,11461,379.6865281618208,382.0533186358761,2.4001255511546185,1,0.4166448707314224,1.6667538549684848,left,50,zoe
261,11462,11509,382.0866537129755,383.65340233664585,1.6000837007697457,1,0.6249673060971337,0.8667120045836122,left,26,zoe
262,11510,11559,383.6867374137452,385.32015619161433,1.6667538549684848,1,0.5999686138532484,1.6000837007697457,left,48,zoe
263,11560,11571,385.3534912687137,385.7201771168068,0.4000209251924363,1,2.4998692243885348,0.3666858480930667,left,11,zoe
264,11572,11596,385.75351219390615,386.553554044291,0.8333769274842424,1,1.1999372277064968,0.8000418503848727,left,24,zoe
265,11597,11671,386.5868891213904,389.05368482674373,2.5001307824527275,1,0.3999790759021655,1.8000941633659635,right,54,zoe
266,11672,11694,389.0870199038431,389.82039160002927,0.7667067732855031,1,1.3042795953331483,0.2333455396955878,right,7,zoe
267,11695,11722,389.85372667712863,390.7537737588116,0.9333821587823516,1,1.0713725247379435,0.333350770993697,right,10,zoe
268,11723,11779,390.78710883591094,392.6538731534757,1.9000993946640727,1,0.5262882577660073,1.000052312981091,right,30,zoe
269,11780,11834,392.68720823057504,394.487302393941,1.8334292404653336,1,0.5454260125938621,1.0667224671798303,left,32,zoe
270,11835,11900,394.52063747104035,396.6874174824994,2.2001150885584,1,0.4545216771615518,1.4667433923722668,right,44,zoe
271,11901,11940,396.7207525595988,398.0208205664742,1.333403083974788,1,0.7499607673165605,0.5333612335899152,left,16,zoe
272,11941,12020,398.0541556435735,400.68762673442376,2.666806167949576,1,0.3749803836582802,2.633471090850206,right,79,zoe
273,12021,12033,400.7209618115231,401.1209827367156,0.4333560022918061,1,2.3075715917432627,0.4000209251924363,left,12,zoe
274,12034,12041,401.15431781381494,401.3876633535105,0.2666806167949576,1,3.749803836582802,0.2333455396955878,left,7,zoe
275,12042,12057,401.4209984306099,401.9210245871004,0.5333612335899152,1,1.874901918291401,0.4666910793911757,left,14,zoe
276,12058,12061,401.95435966419984,402.05436489549794,0.1333403083974788,1,7.499607673165604,0.0333350770993697,left,1,zoe
277,12062,12063,402.0876999725973,402.1210350496967,0.0666701541987394,1,14.999215346331209,0.0333350770993697,left,1,zoe
278,12064,12075,402.154370126796,402.5210559748891,0.4000209251924363,1,2.4998692243885348,0.3666858480930667,left,11,zoe
279,12076,12105,402.5543910519885,403.52110828787016,1.000052312981091,1,0.9999476897554138,0.9333821587823516,right,28,zoe
280,12106,12130,403.5544433649696,404.3544852153544,0.8333769274842424,1,1.1999372277064968,0.0333350770993697,right,1,zoe
281,12131,12186,404.3878202924538,406.2212495329192,1.866764317564703,1,0.5356862623689718,0.7000366190867636,left,21,zoe
282,12187,12263,406.2545846100185,408.7880504695706,2.566800936651467,1,0.3895900089956158,1.1667276984779391,left,35,zoe
283,12264,12304,408.82138554667,410.1547886306448,1.3667381610741576,1,0.7316690412844492,0.6000313877886546,left,18,zoe
284,12305,12394,410.1881237077441,413.1549455695881,3.000156938943273,1,0.3333158965851379,2.833481553446424,right,85,zoe
285,12395,12397,413.1882806466874,413.25495080088615,0.100005231298109,1,9.99947689755414,0.0666701541987394,left,2,zoe
286,12398,12404,413.2882858779855,413.4882963405817,0.2333455396955878,1,4.285490098951774,0.2000104625962181,right,6,zoe
287,12405,12454,413.5216314176811,415.1550501955502,1.6667538549684848,1,0.5999686138532484,1.4667433923722668,right,44,zoe
288,12455,12491,415.1883852726496,416.3884480482269,1.233397852676679,1,0.8107683970989842,1.1000575442792,left,33,zoe
289,12492,12501,416.4217831253263,416.72179881922057,0.333350770993697,1,2.999843069266242,0.1666753854968485,left,5,zoe
290,12502,12532,416.75513389631993,417.75518620930103,1.0333873900804609,1,0.9676913126665296,0.1666753854968485,left,5,zoe
291,12533,12574,417.7885212864004,419.1552594474746,1.4000732381735272,1,0.7142483498252957,0.6333664648880243,left,19,zoe
292,12575,12649,419.18859452457394,421.6553902299273,2.5001307824527275,1,0.3999790759021655,2.000104625962182,left,60,zoe
293,12650,12662,421.6887253070267,422.08874623221914,0.4333560022918061,1,2.3075715917432627,0.3000156938943273,left,9,zoe
294,12663,12669,422.1220813093185,422.3220917719147,0.2333455396955878,1,4.285490098951774,0.0666701541987394,left,2,zoe
295,12670,12671,422.35542684901407,422.38876192611343,0.0666701541987394,1,14.999215346331209,0.0333350770993697,left,1,zoe
296,12672,12737,422.4220970032128,424.5888770146718,2.2001150885584,1,0.4545216771615518,2.1334449343596606,left,64,zoe
297,12738,12806,424.6222120917712,426.8889973345284,2.300120319856509,1,0.4347598651110495,2.2334501656577697,left,67,zoe
298,12807,12879,426.92233241162774,429.3224579627823,2.433460628253988,1,0.4109374067488002,1.7334240091672244,right,52,zoe
299,12880,12884,429.3557930398817,429.4891333482792,0.1666753854968485,1,5.999686138532484,0.100005231298109,right,3,zoe
300,12885,12907,429.5224684253786,430.2558401215647,0.7667067732855031,1,1.3042795953331483,0.4666910793911757,right,14,zoe
301,12908,12931,430.28917519866405,431.0558819719496,0.8000418503848727,1,1.2499346121942674,0.7000366190867636,left,21,zoe
302,12932,12936,431.08921704904895,431.2225573574464,0.1666753854968485,1,5.999686138532484,0.0333350770993697,left,1,zoe
303,12937,12947,431.2558924345458,431.5892432055395,0.3666858480930667,1,2.7271300629693105,0.2333455396955878,right,7,zoe
304,12948,12973,431.62257828263887,432.4559552101231,0.8667120045836122,1,1.153785795871631,0.1333403083974788,right,4,zoe
305,12974,13023,432.4892902872225,434.1227090650915,1.6667538549684848,1,0.5999686138532484,0.9667172358817212,right,29,zoe
306,13024,13042,434.1560441421909,434.7560755299796,0.6333664648880243,1,1.578864773298022,0.2666806167949576,right,8,zoe
307,13043,13070,434.789410607079,435.68945768876193,0.9333821587823516,1,1.0713725247379435,0.9000470816829819,right,27,zoe
308,13071,13084,435.7227927658613,436.1561487681531,0.4666910793911757,1,2.142745049475887,0.4000209251924363,right,12,zoe
309,13085,13090,436.1894838452525,436.35615923074937,0.2000104625962181,1,4.9997384487770695,0.100005231298109,right,3,zoe
310,13091,13122,436.38949430784874,437.4228816979292,1.0667224671798303,1,0.9374509591457004,0.4000209251924363,right,12,zoe
311,13123,13167,437.45621677502857,438.9229601674008,1.5000784694716365,1,0.6666317931702759,1.4667433923722668,left,44,zoe
312,13168,13276,438.95629524450015,442.5564835712321,3.633523403831297,1,0.2752149604831414,2.9001517076451635,left,87,zoe
313,13277,13284,442.58981864833146,442.8231641880271,0.2666806167949576,1,3.749803836582802,0.2000104625962181,left,6,zoe
314,13285,13295,442.8564992651264,443.1898500361201,0.3666858480930667,1,2.7271300629693105,0.0666701541987394,left,2,zoe
315,13296,13298,443.22318511321953,443.28985526741826,0.100005231298109,1,9.99947689755414,0.0333350770993697,left,1,zoe
316,13299,13380,443.3231903445176,446.02333158956657,2.733476322148315,1,0.3658345206422246,2.733476322148315,left,82,zoe
