time_sec,mouth_open_px,dataset
0.0,1.663064050924406,JAIYI_videos_csv_files
0.0317018150710406,1.5918010500730788,JAIYI_videos_csv_files
0.0634036301420812,1.517803247929277,JAIYI_videos_csv_files
0.0951054452131218,1.4560722862154754,JAIYI_videos_csv_files
0.1268072602841624,1.4013363419950648,JAIYI_videos_csv_files
0.158509075355203,1.3631798919988392,JAIYI_videos_csv_files
0.1902108904262436,1.349257710401875,JAIYI_videos_csv_files
0.2219127054972842,1.3348121644122737,JAIYI_videos_csv_files
0.2536145205683248,1.3181596478583433,JAIYI_videos_csv_files
0.2853163356393653,1.302941882950417,JAIYI_videos_csv_files
0.317018150710406,1.293264231636434,JAIYI_videos_csv_files
0.3487199657814466,1.277473559029562,JAIYI_videos_csv_files
0.3804217808524872,1.267738742724802,JAIYI_videos_csv_files
0.4121235959235277,1.2539568749596128,JAIYI_videos_csv_files
0.4438254109945684,1.238483668689669,JAIYI_videos_csv_files
0.475527226065609,1.2259885272124642,JAIYI_videos_csv_files
0.5072290411366496,1.2232037762866874,JAIYI_videos_csv_files
0.5389308562076902,1.2171098508190366,JAIYI_videos_csv_files
0.5706326712787307,1.2128437214925154,JAIYI_videos_csv_files
0.6023344863497714,1.209802595680981,JAIYI_videos_csv_files
0.634036301420812,1.2084805434360064,JAIYI_videos_csv_files
0.6657381164918525,1.2056793440752072,JAIYI_videos_csv_files
0.6974399315628932,1.2026268796015058,JAIYI_videos_csv_files
0.7291417466339337,1.1991436850205477,JAIYI_videos_csv_files
0.7608435617049744,1.1969091437863122,JAIYI_videos_csv_files
0.792545376776015,1.193152363448375,JAIYI_videos_csv_files
0.8242471918470555,1.191660780024991,JAIYI_videos_csv_files
0.8559490069180962,1.1869553176183565,JAIYI_videos_csv_files
0.8876508219891368,1.1836281159541786,JAIYI_videos_csv_files
0.9193526370601772,1.1777103662472015,JAIYI_videos_csv_files
0.951054452131218,1.1742220436003643,JAIYI_videos_csv_files
0.9827562672022584,1.1692261524419991,JAIYI_videos_csv_files
1.0144580822732991,1.1673928791608272,JAIYI_videos_csv_files
1.0461598973443398,1.1625960518075018,JAIYI_videos_csv_files
1.0778617124153804,1.159711444833856,JAIYI_videos_csv_files
1.1095635274864208,1.155913380681224,JAIYI_videos_csv_files
1.1412653425574617,1.1541059038605372,JAIYI_videos_csv_files
1.172967157628502,1.152226900161348,JAIYI_videos_csv_files
1.2046689726995428,1.1505139665581956,JAIYI_videos_csv_files
1.2363707877705834,1.1497722504144787,JAIYI_videos_csv_files
1.268072602841624,1.1475920951445115,JAIYI_videos_csv_files
1.2997744179126645,1.1445380887007033,JAIYI_videos_csv_files
1.331476232983705,1.1426580021854285,JAIYI_videos_csv_files
1.3631780480547455,1.1405749335244957,JAIYI_videos_csv_files
1.3948798631257864,1.1389375850753838,JAIYI_videos_csv_files
1.426581678196827,1.1367011003372625,JAIYI_videos_csv_files
1.4582834932678674,1.134472757361701,JAIYI_videos_csv_files
1.489985308338908,1.131254696352799,JAIYI_videos_csv_files
1.5216871234099487,1.1294421856464412,JAIYI_videos_csv_files
1.5533889384809894,1.1259497012782833,JAIYI_videos_csv_files
1.58509075355203,1.1235436271097987,JAIYI_videos_csv_files
1.6167925686230706,1.1221028580416104,JAIYI_videos_csv_files
1.648494383694111,1.1205632469335551,JAIYI_videos_csv_files
1.6801961987651517,1.1190952240503638,JAIYI_videos_csv_files
1.7118980138361923,1.1176548705204254,JAIYI_videos_csv_files
1.743599828907233,1.1172899821222542,JAIYI_videos_csv_files
1.7753016439782736,1.1170518945572376,JAIYI_videos_csv_files
1.807003459049314,1.1182452867418304,JAIYI_videos_csv_files
1.838705274120355,1.1195105395458416,JAIYI_videos_csv_files
1.870407089191395,1.118937060025457,JAIYI_videos_csv_files
1.902108904262436,1.1171006345166206,JAIYI_videos_csv_files
1.9338107193334768,1.1148946912032476,JAIYI_videos_csv_files
1.965512534404517,1.1102308599626256,JAIYI_videos_csv_files
1.9972143494755576,1.109316967903894,JAIYI_videos_csv_files
2.0289161645465983,1.1401546194232834,JAIYI_videos_csv_files
2.0606179796176387,1.2606240037344776,JAIYI_videos_csv_files
2.0923197946886796,1.6693973659575576,JAIYI_videos_csv_files
2.12402160975972,2.493125561878345,JAIYI_videos_csv_files
2.155723424830761,2.3583039521396256,JAIYI_videos_csv_files
2.1874252399018013,1.1466113082541791,JAIYI_videos_csv_files
2.2191270549728417,0.7910136311731191,JAIYI_videos_csv_files
2.2508288700438825,0.7256243873416266,JAIYI_videos_csv_files
2.282530685114923,0.702685071381388,JAIYI_videos_csv_files
2.314232500185964,0.7165547067607108,JAIYI_videos_csv_files
2.345934315257004,0.7689795191429878,JAIYI_videos_csv_files
2.377636130328045,0.7109836257345319,JAIYI_videos_csv_files
2.4093379453990855,0.4201737885839985,JAIYI_videos_csv_files
2.441039760470126,0.3412455357133326,JAIYI_videos_csv_files
2.472741575541167,0.2041872052840974,JAIYI_videos_csv_files
2.504443390612207,0.2598730492063213,JAIYI_videos_csv_files
2.536145205683248,0.3326306965502807,JAIYI_videos_csv_files
2.5678470207542885,0.4374288124871919,JAIYI_videos_csv_files
2.599548835825329,0.4733453773400601,JAIYI_videos_csv_files
2.63125065089637,0.467730104381219,JAIYI_videos_csv_files
2.66295246596741,0.4182268924009739,JAIYI_videos_csv_files
2.694654281038451,0.4849378841802899,JAIYI_videos_csv_files
2.7263560961094915,0.4955992705653042,JAIYI_videos_csv_files
2.758057911180532,0.8104639396610884,JAIYI_videos_csv_files
2.7897597262515728,0.9331917897893522,JAIYI_videos_csv_files
2.821461541322613,0.9878660612733206,JAIYI_videos_csv_files
2.853163356393654,0.9160505496922512,JAIYI_videos_csv_files
2.8848651714646945,1.1246678419418052,JAIYI_videos_csv_files
2.916566986535735,1.1621776971422284,JAIYI_videos_csv_files
2.9482688016067757,1.2974778483473826,JAIYI_videos_csv_files
2.979970616677816,1.3142098737058854,JAIYI_videos_csv_files
3.011672431748857,1.3158593029258618,JAIYI_videos_csv_files
3.0433742468198974,1.2046308687783416,JAIYI_videos_csv_files
3.075076061890938,0.7861773221693521,JAIYI_videos_csv_files
3.1067778769619787,0.7610094132092563,JAIYI_videos_csv_files
3.138479692033019,0.4457529823480096,JAIYI_videos_csv_files
3.17018150710406,0.9409453281908652,JAIYI_videos_csv_files
3.2018833221751004,0.7517478627973136,JAIYI_videos_csv_files
3.2335851372461413,1.5305212337841014,JAIYI_videos_csv_files
3.2652869523171817,1.2833605223299414,JAIYI_videos_csv_files
3.296988767388222,0.7111738989972225,JAIYI_videos_csv_files
3.328690582459263,0.5656823720534717,JAIYI_videos_csv_files
3.3603923975303034,0.5637009493753733,JAIYI_videos_csv_files
3.392094212601344,0.5579995528262166,JAIYI_videos_csv_files
3.4237960276723847,0.6373579793672197,JAIYI_videos_csv_files
3.455497842743425,0.7437587269775453,JAIYI_videos_csv_files
3.487199657814466,0.7631170349599884,JAIYI_videos_csv_files
3.5189014728855064,0.7373386336904062,JAIYI_videos_csv_files
3.5506032879565472,0.5795929827345728,JAIYI_videos_csv_files
3.5823051030275876,0.8603935574262659,JAIYI_videos_csv_files
3.614006918098628,1.5626392587994409,JAIYI_videos_csv_files
3.645708733169669,0.8544783956292169,JAIYI_videos_csv_files
3.67741054824071,0.7529779427770152,JAIYI_videos_csv_files
3.70911236331175,0.6639759959403395,JAIYI_videos_csv_files
3.74081417838279,0.7158701457333561,JAIYI_videos_csv_files
3.772515993453831,0.8166732380668625,JAIYI_videos_csv_files
3.804217808524872,1.3295487314275731,JAIYI_videos_csv_files
3.835919623595912,0.6503810290450085,JAIYI_videos_csv_files
3.867621438666953,0.6070248933120017,JAIYI_videos_csv_files
3.8993232537379936,0.6178430659032064,JAIYI_videos_csv_files
3.931025068809034,0.6794865686086086,JAIYI_videos_csv_files
3.962726883880075,0.6803948141367204,JAIYI_videos_csv_files
3.9944286989511153,0.7116544675993473,JAIYI_videos_csv_files
4.026130514022156,0.6762053396387756,JAIYI_videos_csv_files
4.057832329093197,0.6454495181481207,JAIYI_videos_csv_files
4.089534144164237,0.6769572072620142,JAIYI_videos_csv_files
4.121235959235277,0.6773571647127234,JAIYI_videos_csv_files
4.152937774306318,0.7652614036765265,JAIYI_videos_csv_files
4.184639589377359,0.9388015393930133,JAIYI_videos_csv_files
4.2163414044484,2.422854694339481,JAIYI_videos_csv_files
4.24804321951944,2.3066450925326194,JAIYI_videos_csv_files
4.279745034590481,1.5510350362082534,JAIYI_videos_csv_files
4.311446849661522,2.056203683660667,JAIYI_videos_csv_files
4.343148664732562,0.8942602465925099,JAIYI_videos_csv_files
4.3748504798036025,1.1839870250561788,JAIYI_videos_csv_files
4.406552294874643,0.6756440299075287,JAIYI_videos_csv_files
4.438254109945683,0.4475943649705238,JAIYI_videos_csv_files
4.469955925016724,0.3758235719487624,JAIYI_videos_csv_files
4.501657740087765,0.5007315095246382,JAIYI_videos_csv_files
4.533359555158806,0.5653174217536706,JAIYI_videos_csv_files
4.565061370229846,0.5749735351282211,JAIYI_videos_csv_files
4.596763185300887,0.5335696521264808,JAIYI_videos_csv_files
4.628465000371928,0.5146117216913126,JAIYI_videos_csv_files
4.660166815442968,0.437764451456716,JAIYI_videos_csv_files
4.6918686305140085,0.5147794270800036,JAIYI_videos_csv_files
4.723570445585049,0.7197115718462627,JAIYI_videos_csv_files
4.75527226065609,0.8697798434011484,JAIYI_videos_csv_files
4.78697407572713,1.032177471414249,JAIYI_videos_csv_files
4.818675890798171,1.1368071950910863,JAIYI_videos_csv_files
4.850377705869212,1.0735690877442088,JAIYI_videos_csv_files
4.882079520940252,1.402661931133694,JAIYI_videos_csv_files
4.913781336011293,1.5812835305087114,JAIYI_videos_csv_files
4.945483151082334,1.2854906396934491,JAIYI_videos_csv_files
4.977184966153374,1.3558965277361714,JAIYI_videos_csv_files
5.008886781224414,0.9964045115904684,JAIYI_videos_csv_files
5.040588596295455,0.7817990381348187,JAIYI_videos_csv_files
5.072290411366496,0.8603059440501356,JAIYI_videos_csv_files
5.103992226437536,1.17493617005691,JAIYI_videos_csv_files
5.135694041508577,2.133891746498145,JAIYI_videos_csv_files
5.167395856579618,2.696138506176638,JAIYI_videos_csv_files
5.199097671650658,3.5768306222167783,JAIYI_videos_csv_files
5.230799486721699,3.009807563818258,JAIYI_videos_csv_files
5.26250130179274,2.866742153795955,JAIYI_videos_csv_files
5.2942031168637795,1.0435194776247694,JAIYI_videos_csv_files
5.32590493193482,0.5533273044082876,JAIYI_videos_csv_files
5.357606747005861,0.5032756213946185,JAIYI_videos_csv_files
5.389308562076902,0.382793951825036,JAIYI_videos_csv_files
5.421010377147942,0.3763474236537478,JAIYI_videos_csv_files
5.452712192218983,0.7106303197647433,JAIYI_videos_csv_files
5.484414007290024,2.837492054849724,JAIYI_videos_csv_files
5.516115822361064,2.8729471081711813,JAIYI_videos_csv_files
5.547817637432105,2.9633396677812707,JAIYI_videos_csv_files
5.5795194525031455,2.9092294123213818,JAIYI_videos_csv_files
5.611221267574186,1.9869003260413003,JAIYI_videos_csv_files
5.642923082645226,2.38394360603957,JAIYI_videos_csv_files
5.674624897716267,1.9673945136416269,JAIYI_videos_csv_files
5.706326712787308,2.0622546176716865,JAIYI_videos_csv_files
5.738028527858348,1.5842721797299932,JAIYI_videos_csv_files
5.769730342929389,1.7551979292547115,JAIYI_videos_csv_files
5.80143215800043,1.3504772887541492,JAIYI_videos_csv_files
5.83313397307147,2.687181269696183,JAIYI_videos_csv_files
5.864835788142511,2.610008801067276,JAIYI_videos_csv_files
5.8965376032135515,2.8161870555058437,JAIYI_videos_csv_files
5.928239418284592,2.659492170709093,JAIYI_videos_csv_files
5.959941233355632,10.998282015522346,JAIYI_videos_csv_files
5.991643048426673,13.438794187464593,JAIYI_videos_csv_files
6.023344863497714,15.40147768220908,JAIYI_videos_csv_files
6.055046678568754,21.461369672904187,JAIYI_videos_csv_files
6.086748493639795,34.49380422167874,JAIYI_videos_csv_files
6.118450308710836,39.05739464725013,JAIYI_videos_csv_files
6.150152123781876,35.77133856452211,JAIYI_videos_csv_files
6.181853938852917,34.78976851093915,JAIYI_videos_csv_files
6.213555753923957,30.118757259950936,JAIYI_videos_csv_files
6.245257568994998,19.496903093679343,JAIYI_videos_csv_files
6.276959384066038,11.325393877885586,JAIYI_videos_csv_files
6.308661199137079,7.343848215554412,JAIYI_videos_csv_files
6.34036301420812,6.130926563318019,JAIYI_videos_csv_files
6.37206482927916,3.853818152836373,JAIYI_videos_csv_files
6.403766644350201,2.0085598005212004,JAIYI_videos_csv_files
6.435468459421242,1.0786732326505633,JAIYI_videos_csv_files
6.4671702744922825,0.863607442741126,JAIYI_videos_csv_files
6.4988720895633225,0.7824029176483774,JAIYI_videos_csv_files
6.530573904634363,1.640437037990906,JAIYI_videos_csv_files
6.562275719705404,4.224490917408388,JAIYI_videos_csv_files
6.593977534776444,14.292735946184456,JAIYI_videos_csv_files
6.625679349847485,17.47661355630299,JAIYI_videos_csv_files
6.657381164918526,17.139394445720555,JAIYI_videos_csv_files
6.689082979989566,15.77707964958981,JAIYI_videos_csv_files
6.720784795060607,12.66019319643692,JAIYI_videos_csv_files
6.752486610131648,12.321958917408194,JAIYI_videos_csv_files
6.7841884252026885,11.52082064921651,JAIYI_videos_csv_files
6.8158902402737285,9.267136268937795,JAIYI_videos_csv_files
6.847592055344769,10.54956545108136,JAIYI_videos_csv_files
6.87929387041581,11.454588756176012,JAIYI_videos_csv_files
6.91099568548685,3.697398161609297,JAIYI_videos_csv_files
6.942697500557891,1.7522817616491269,JAIYI_videos_csv_files
6.974399315628932,1.1438763393485345,JAIYI_videos_csv_files
7.006101130699972,1.15145586207343,JAIYI_videos_csv_files
7.037802945771013,1.3940264928953965,JAIYI_videos_csv_files
7.069504760842054,1.670987307523078,JAIYI_videos_csv_files
7.1012065759130945,0.196974565139609,JAIYI_videos_csv_files
7.132908390984134,0.6064538289366873,JAIYI_videos_csv_files
7.164610206055175,1.9740401050541123,JAIYI_videos_csv_files
7.196312021126216,2.3948033326667875,JAIYI_videos_csv_files
7.228013836197256,1.672978856602359,JAIYI_videos_csv_files
7.259715651268297,2.238682489344733,JAIYI_videos_csv_files
7.291417466339338,1.0485080641203677,JAIYI_videos_csv_files
7.323119281410378,0.6584418757315222,JAIYI_videos_csv_files
7.354821096481419,0.4808030045772561,JAIYI_videos_csv_files
7.3865229115524595,0.6170061239358393,JAIYI_videos_csv_files
7.4182247266235,0.8696051235912309,JAIYI_videos_csv_files
7.44992654169454,1.0749735165452672,JAIYI_videos_csv_files
7.481628356765581,1.350306525773486,JAIYI_videos_csv_files
7.513330171836622,1.619746079095776,JAIYI_videos_csv_files
7.545031986907662,1.553265753105861,JAIYI_videos_csv_files
7.576733801978703,1.5264279608994242,JAIYI_videos_csv_files
7.608435617049744,1.994624269778756,JAIYI_videos_csv_files
7.640137432120785,3.669874135335637,JAIYI_videos_csv_files
7.671839247191825,3.647835592475278,JAIYI_videos_csv_files
7.7035410622628655,2.349833134485964,JAIYI_videos_csv_files
7.735242877333906,1.058832479557334,JAIYI_videos_csv_files
7.766944692404946,0.3517191077205799,JAIYI_videos_csv_files
7.798646507475987,0.1907339500585688,JAIYI_videos_csv_files
7.830348322547028,0.3333686187472175,JAIYI_videos_csv_files
7.862050137618068,0.4343461600802237,JAIYI_videos_csv_files
7.893751952689109,0.4787528164184618,JAIYI_videos_csv_files
7.92545376776015,0.5625878356272366,JAIYI_videos_csv_files
7.957155582831191,0.6108813027575429,JAIYI_videos_csv_files
7.988857397902231,0.6856498937175268,JAIYI_videos_csv_files
8.020559212973271,0.7778803358518409,JAIYI_videos_csv_files
8.052261028044311,0.942041759834092,JAIYI_videos_csv_files
8.083962843115353,0.9564795806850784,JAIYI_videos_csv_files
8.115664658186393,0.9997447806595,JAIYI_videos_csv_files
8.147366473257433,1.0793183657138317,JAIYI_videos_csv_files
8.179068288328475,1.0956915231484934,JAIYI_videos_csv_files
8.210770103399515,1.08020543270181,JAIYI_videos_csv_files
8.242471918470555,1.0819662848619491,JAIYI_videos_csv_files
8.274173733541597,1.0892800603805142,JAIYI_videos_csv_files
8.305875548612637,1.1228537346934169,JAIYI_videos_csv_files
8.337577363683678,1.269730230205616,JAIYI_videos_csv_files
8.369279178754718,1.555012136985108,JAIYI_videos_csv_files
8.400980993825758,1.7383755921011912,JAIYI_videos_csv_files
8.4326828088968,2.142818285182551,JAIYI_videos_csv_files
8.46438462396784,6.1311934462629605,JAIYI_videos_csv_files
8.49608643903888,14.359430778761922,JAIYI_videos_csv_files
8.527788254109922,24.163654023299383,JAIYI_videos_csv_files
8.559490069180962,32.67609483591978,JAIYI_videos_csv_files
8.591191884252002,44.22537407042186,JAIYI_videos_csv_files
8.622893699323043,54.025035416628654,JAIYI_videos_csv_files
8.654595514394083,71.07813908007694,JAIYI_videos_csv_files
8.686297329465123,84.45054468340565,JAIYI_videos_csv_files
8.717999144536165,100.927397079092,JAIYI_videos_csv_files
8.749700959607205,101.59625115974512,JAIYI_videos_csv_files
8.781402774678245,99.12656427777216,JAIYI_videos_csv_files
8.813104589749287,97.5478012294276,JAIYI_videos_csv_files
8.844806404820327,,JAIYI_videos_csv_files
8.876508219891367,11.228097094575736,JAIYI_videos_csv_files
8.908210034962408,62.06289340841129,JAIYI_videos_csv_files
8.939911850033448,85.91259645495286,JAIYI_videos_csv_files
8.97161366510449,88.5938535770209,JAIYI_videos_csv_files
9.00331548017553,82.21140772241337,JAIYI_videos_csv_files
9.03501729524657,83.26405408511505,JAIYI_videos_csv_files
9.066719110317612,80.20837628947884,JAIYI_videos_csv_files
9.098420925388652,76.3582380332317,JAIYI_videos_csv_files
9.130122740459692,68.21966376411028,JAIYI_videos_csv_files
9.161824555530734,71.0464094819765,JAIYI_videos_csv_files
9.193526370601774,69.79570515949173,JAIYI_videos_csv_files
9.225228185672814,71.73612435335886,JAIYI_videos_csv_files
9.256930000743855,70.39882493212711,JAIYI_videos_csv_files
9.288631815814895,66.1655570164184,JAIYI_videos_csv_files
9.320333630885935,64.73397567312503,JAIYI_videos_csv_files
9.352035445956975,62.02599636337057,JAIYI_videos_csv_files
9.383737261028015,61.697958028693066,JAIYI_videos_csv_files
9.415439076099055,61.48675869583808,JAIYI_videos_csv_files
9.4471408911701,61.2498844761493,JAIYI_videos_csv_files
9.47884270624114,61.27975069340423,JAIYI_videos_csv_files
9.51054452131218,61.91903692002928,JAIYI_videos_csv_files
9.54224633638322,63.18009124474792,JAIYI_videos_csv_files
9.57394815145426,68.02315641962397,JAIYI_videos_csv_files
9.605649966525302,68.373330948598,JAIYI_videos_csv_files
9.637351781596342,67.48894383566852,JAIYI_videos_csv_files
9.669053596667382,68.49936967944619,JAIYI_videos_csv_files
9.700755411738424,66.64396358772431,JAIYI_videos_csv_files
9.732457226809464,65.53395163715095,JAIYI_videos_csv_files
9.764159041880504,61.99228034510588,JAIYI_videos_csv_files
9.795860856951546,56.56141852016,JAIYI_videos_csv_files
9.827562672022584,51.59272035694515,JAIYI_videos_csv_files
9.859264487093624,45.34250200373137,JAIYI_videos_csv_files
9.890966302164667,42.00419887130659,JAIYI_videos_csv_files
9.922668117235707,37.09559719065844,JAIYI_videos_csv_files
9.954369932306747,27.826436184409925,JAIYI_videos_csv_files
9.986071747377787,24.56893694926628,JAIYI_videos_csv_files
10.017773562448829,22.52327731419187,JAIYI_videos_csv_files
10.049475377519869,20.068813052280564,JAIYI_videos_csv_files
10.08117719259091,17.868650507424356,JAIYI_videos_csv_files
10.11287900766195,16.390530266900555,JAIYI_videos_csv_files
10.144580822732992,3.2396062667896666,JAIYI_videos_csv_files
10.176282637804032,2.539663357538671,JAIYI_videos_csv_files
10.207984452875072,4.56353627223086,JAIYI_videos_csv_files
10.239686267946114,3.9331951673159327,JAIYI_videos_csv_files
10.271388083017154,1.6814041196609797,JAIYI_videos_csv_files
10.303089898088194,0.2191072154270693,JAIYI_videos_csv_files
10.334791713159236,0.2997626525074532,JAIYI_videos_csv_files
10.366493528230276,0.3255504302929948,JAIYI_videos_csv_files
10.398195343301316,0.3572239702878268,JAIYI_videos_csv_files
10.429897158372356,0.8859593700551259,JAIYI_videos_csv_files
10.461598973443396,1.1835969603494965,JAIYI_videos_csv_files
10.493300788514436,1.3085828120581933,JAIYI_videos_csv_files
10.52500260358548,1.3955258829952888,JAIYI_videos_csv_files
10.55670441865652,1.4383769098552506,JAIYI_videos_csv_files
10.58840623372756,0.3061324492695114,JAIYI_videos_csv_files
10.6201080487986,0.6992219016489761,JAIYI_videos_csv_files
10.65180986386964,4.741269242313987,JAIYI_videos_csv_files
10.683511678940684,4.754671971616775,JAIYI_videos_csv_files
10.715213494011724,7.314450348045953,JAIYI_videos_csv_files
10.746915309082762,5.413284832738121,JAIYI_videos_csv_files
10.778617124153804,2.936952082375164,JAIYI_videos_csv_files
10.810318939224844,2.8708518923963253,JAIYI_videos_csv_files
10.842020754295884,1.4644560971439435,JAIYI_videos_csv_files
10.873722569366926,1.3608608208699005,JAIYI_videos_csv_files
10.905424384437966,0.945878158653577,JAIYI_videos_csv_files
10.937126199509006,0.6985230773752883,JAIYI_videos_csv_files
10.968828014580048,0.7452119202876654,JAIYI_videos_csv_files
11.000529829651088,0.7561999604147421,JAIYI_videos_csv_files
11.032231644722128,0.926659667540388,JAIYI_videos_csv_files
11.06393345979317,1.0945714589882785,JAIYI_videos_csv_files
11.09563527486421,0.7622814080680012,JAIYI_videos_csv_files
11.12733708993525,1.324765081910401,JAIYI_videos_csv_files
11.159038905006293,2.0861673525424056,JAIYI_videos_csv_files
11.190740720077333,1.9695808166430693,JAIYI_videos_csv_files
11.222442535148373,3.607104917478569,JAIYI_videos_csv_files
11.254144350219413,3.444449877712748,JAIYI_videos_csv_files
11.285846165290453,2.511967060862557,JAIYI_videos_csv_files
11.317547980361494,4.078001191418927,JAIYI_videos_csv_files
11.349249795432534,5.25359266843722,JAIYI_videos_csv_files
11.380951610503574,6.440402377191505,JAIYI_videos_csv_files
11.412653425574616,5.668909225043344,JAIYI_videos_csv_files
11.444355240645656,3.73057344702529,JAIYI_videos_csv_files
11.476057055716696,5.158830747734313,JAIYI_videos_csv_files
11.507758870787738,4.916866258236698,JAIYI_videos_csv_files
11.539460685858778,4.872407074842521,JAIYI_videos_csv_files
11.571162500929818,5.065817637925792,JAIYI_videos_csv_files
11.60286431600086,5.0367151244040365,JAIYI_videos_csv_files
11.6345661310719,4.219856319774041,JAIYI_videos_csv_files
11.66626794614294,7.879485227634879,JAIYI_videos_csv_files
11.69796976121398,5.560244119246915,JAIYI_videos_csv_files
11.72967157628502,7.222357343387822,JAIYI_videos_csv_files
11.76137339135606,5.246665161061843,JAIYI_videos_csv_files
11.793075206427105,5.445726619508586,JAIYI_videos_csv_files
11.824777021498145,5.49626240958626,JAIYI_videos_csv_files
11.856478836569185,2.7406062932566835,JAIYI_videos_csv_files
11.888180651640225,2.031994226250285,JAIYI_videos_csv_files
11.919882466711265,5.088521350727,JAIYI_videos_csv_files
11.951584281782306,5.154244927315432,JAIYI_videos_csv_files
11.983286096853346,4.429174654921915,JAIYI_videos_csv_files
12.014987911924386,4.771517692644052,JAIYI_videos_csv_files
12.046689726995428,4.349525238652905,JAIYI_videos_csv_files
12.078391542066468,4.089671825947275,JAIYI_videos_csv_files
12.110093357137508,4.050440566817548,JAIYI_videos_csv_files
12.14179517220855,3.629607770194636,JAIYI_videos_csv_files
12.17349698727959,1.3057862776827038,JAIYI_videos_csv_files
12.20519880235063,1.665458662711492,JAIYI_videos_csv_files
12.236900617421671,1.2754892166908578,JAIYI_videos_csv_files
12.268602432492711,1.2166835854896665,JAIYI_videos_csv_files
12.300304247563751,1.6398731587601256,JAIYI_videos_csv_files
12.332006062634791,2.009050766752728,JAIYI_videos_csv_files
12.363707877705831,3.641097434204265,JAIYI_videos_csv_files
12.395409692776877,4.225013023207594,JAIYI_videos_csv_files
12.427111507847917,3.679862234269016,JAIYI_videos_csv_files
12.458813322918957,3.223194942247701,JAIYI_videos_csv_files
12.490515137989997,3.216693104073095,JAIYI_videos_csv_files
12.522216953061037,3.090214053497361,JAIYI_videos_csv_files
12.553918768132077,3.068679410634122,JAIYI_videos_csv_files
12.585620583203118,3.3256612397142016,JAIYI_videos_csv_files
12.617322398274158,4.410531036871181,JAIYI_videos_csv_files
12.649024213345198,8.60105250084849,JAIYI_videos_csv_files
12.68072602841624,8.11223884133368,JAIYI_videos_csv_files
12.71242784348728,4.7856986389861,JAIYI_videos_csv_files
12.74412965855832,4.958220694159182,JAIYI_videos_csv_files
12.775831473629362,5.725479882437662,JAIYI_videos_csv_files
12.807533288700402,4.16041080346027,JAIYI_videos_csv_files
12.839235103771442,1.901911927686712,JAIYI_videos_csv_files
12.870936918842483,1.3552287154197054,JAIYI_videos_csv_files
12.902638733913523,2.064385180344912,JAIYI_videos_csv_files
12.934340548984563,1.4765487576882603,JAIYI_videos_csv_files
12.966042364055603,1.0515453193010549,JAIYI_videos_csv_files
12.997744179126643,0.8731107907041797,JAIYI_videos_csv_files
13.029445994197689,0.8487066950240568,JAIYI_videos_csv_files
13.061147809268729,0.8483886788229867,JAIYI_videos_csv_files
13.092849624339769,0.8398245654198663,JAIYI_videos_csv_files
13.124551439410808,0.9276109455804582,JAIYI_videos_csv_files
13.156253254481848,2.102882617158175,JAIYI_videos_csv_files
13.187955069552888,2.637230026433801,JAIYI_videos_csv_files
13.21965688462393,2.6997905739930923,JAIYI_videos_csv_files
13.25135869969497,2.274439489160904,JAIYI_videos_csv_files
13.28306051476601,2.2810111910448563,JAIYI_videos_csv_files
13.314762329837052,2.3449086424211063,JAIYI_videos_csv_files
13.346464144908092,2.30844370624114,JAIYI_videos_csv_files
13.378165959979132,1.7553623653350847,JAIYI_videos_csv_files
13.409867775050174,1.9029985626355372,JAIYI_videos_csv_files
13.441569590121214,2.700671507767243,JAIYI_videos_csv_files
13.473271405192254,2.1294186577979537,JAIYI_videos_csv_files
13.504973220263295,1.5840228839464716,JAIYI_videos_csv_files
13.536675035334335,1.4757644735804034,JAIYI_videos_csv_files
13.568376850405375,1.4312061343328035,JAIYI_videos_csv_files
13.600078665476415,1.5065000795821628,JAIYI_videos_csv_files
13.631780480547455,1.6520610606121435,JAIYI_videos_csv_files
13.6634822956185,1.8656773350240423,JAIYI_videos_csv_files
13.69518411068954,1.8506087396436053,JAIYI_videos_csv_files
13.72688592576058,2.45899697917755,JAIYI_videos_csv_files
13.75858774083162,2.720267689315876,JAIYI_videos_csv_files
13.79028955590266,4.23524183327434,JAIYI_videos_csv_files
13.8219913709737,3.664568785519851,JAIYI_videos_csv_files
13.853693186044742,3.191953716102824,JAIYI_videos_csv_files
13.885395001115782,2.2097705788192634,JAIYI_videos_csv_files
13.917096816186822,2.508685905091893,JAIYI_videos_csv_files
13.948798631257864,4.893837322833179,JAIYI_videos_csv_files
13.980500446328904,5.895169729438001,JAIYI_videos_csv_files
14.012202261399944,5.606126579065489,JAIYI_videos_csv_files
14.043904076470984,5.461049563380045,JAIYI_videos_csv_files
14.075605891542024,5.669781008708879,JAIYI_videos_csv_files
14.107307706613067,6.282988658492862,JAIYI_videos_csv_files
14.139009521684107,6.445236002505845,JAIYI_videos_csv_files
14.170711336755147,7.111249097801559,JAIYI_videos_csv_files
14.202413151826187,7.254384551042738,JAIYI_videos_csv_files
14.234114966897229,2.7589732359106187,JAIYI_videos_csv_files
14.265816781968269,3.213835362957167,JAIYI_videos_csv_files
14.29751859703931,5.171181381609232,JAIYI_videos_csv_files
14.32922041211035,4.320304694697208,JAIYI_videos_csv_files
14.36092222718139,4.302181552752182,JAIYI_videos_csv_files
14.392624042252432,4.026099744974739,JAIYI_videos_csv_files
14.424325857323472,3.838089371815708,JAIYI_videos_csv_files
14.456027672394512,1.80473888626244,JAIYI_videos_csv_files
14.487729487465554,3.627140438544848,JAIYI_videos_csv_files
14.519431302536594,4.58663683109488,JAIYI_videos_csv_files
14.551133117607634,3.710605932883508,JAIYI_videos_csv_files
14.582834932678676,3.194611865048122,JAIYI_videos_csv_files
14.614536747749716,3.222146984057608,JAIYI_videos_csv_files
14.646238562820756,3.045911972316448,JAIYI_videos_csv_files
14.677940377891796,2.7163808918726686,JAIYI_videos_csv_files
14.709642192962836,2.4749161493131,JAIYI_videos_csv_files
14.74134400803388,2.3275329193125085,JAIYI_videos_csv_files
14.77304582310492,1.0112196707562917,JAIYI_videos_csv_files
14.80474763817596,1.2089170169618113,JAIYI_videos_csv_files
14.836449453247,1.9542592070475373,JAIYI_videos_csv_files
14.86815126831804,1.4115576236245209,JAIYI_videos_csv_files
14.89985308338908,2.104681158706016,JAIYI_videos_csv_files
14.931554898460124,5.138488721930456,JAIYI_videos_csv_files
14.963256713531162,4.399759998137677,JAIYI_videos_csv_files
14.994958528602202,4.580094077521792,JAIYI_videos_csv_files
15.026660343673244,4.678997393614802,JAIYI_videos_csv_files
15.058362158744284,4.393568128565419,JAIYI_videos_csv_files
15.090063973815324,6.1571763608886725,JAIYI_videos_csv_files
15.121765788886366,6.978186900657081,JAIYI_videos_csv_files
15.153467603957406,6.5025476431064,JAIYI_videos_csv_files
15.185169419028446,6.051261816968041,JAIYI_videos_csv_files
15.216871234099488,5.882179722268731,JAIYI_videos_csv_files
15.248573049170528,5.673988465193874,JAIYI_videos_csv_files
15.28027486424157,2.8633592826444056,JAIYI_videos_csv_files
15.31197667931261,2.347996244061613,JAIYI_videos_csv_files
15.34367849438365,2.117860721113151,JAIYI_videos_csv_files
15.375380309454693,2.5443422164646146,JAIYI_videos_csv_files
15.407082124525733,2.1399186679521613,JAIYI_videos_csv_files
15.438783939596773,0.3344626190132106,JAIYI_videos_csv_files
15.470485754667813,0.5525599304229182,JAIYI_videos_csv_files
15.502187569738853,0.6417101684949483,JAIYI_videos_csv_files
15.533889384809893,0.2760964028110982,JAIYI_videos_csv_files
15.565591199880934,0.2925535058884573,JAIYI_videos_csv_files
15.597293014951974,0.3216446667496013,JAIYI_videos_csv_files
15.628994830023014,0.3305121620278509,JAIYI_videos_csv_files
15.660696645094056,0.3132089464982678,JAIYI_videos_csv_files
15.692398460165096,0.2589638380496849,JAIYI_videos_csv_files
15.724100275236136,0.2128815851317735,JAIYI_videos_csv_files
15.755802090307178,0.3712205440952917,JAIYI_videos_csv_files
15.787503905378218,0.8781457061943918,JAIYI_videos_csv_files
15.81920572044926,0.4204495533860132,JAIYI_videos_csv_files
15.8509075355203,0.640954491138415,JAIYI_videos_csv_files
15.88260935059134,0.9968168763127476,JAIYI_videos_csv_files
15.91431116566238,0.6632952744294569,JAIYI_videos_csv_files
15.94601298073342,0.7369658345057998,JAIYI_videos_csv_files
15.97771479580446,1.6173115381291987,JAIYI_videos_csv_files
16.0094166108755,0.8746703430682172,JAIYI_videos_csv_files
16.041118425946543,0.648354458925968,JAIYI_videos_csv_files
16.072820241017585,0.5791145763923666,JAIYI_videos_csv_files
16.104522056088623,0.6318334887728332,JAIYI_videos_csv_files
16.136223871159665,0.6463779238648834,JAIYI_videos_csv_files
16.167925686230706,0.6227887265551441,JAIYI_videos_csv_files
16.199627501301745,0.6677334004686812,JAIYI_videos_csv_files
16.231329316372786,0.7028633032956243,JAIYI_videos_csv_files
16.263031131443828,0.8987517538333022,JAIYI_videos_csv_files
16.294732946514866,0.8141107350764546,JAIYI_videos_csv_files
16.326434761585908,1.9213378800135328,JAIYI_videos_csv_files
16.35813657665695,2.0693687778527954,JAIYI_videos_csv_files
16.389838391727988,2.391677267751978,JAIYI_videos_csv_files
16.42154020679903,2.0386964995911896,JAIYI_videos_csv_files
16.45324202187007,2.1501891024546422,JAIYI_videos_csv_files
16.48494383694111,1.7519784287995146,JAIYI_videos_csv_files
16.51664565201215,0.9374146339622302,JAIYI_videos_csv_files
16.548347467083193,0.6635218161256948,JAIYI_videos_csv_files
16.58004928215423,0.7436561197784116,JAIYI_videos_csv_files
16.611751097225273,0.9063401273292386,JAIYI_videos_csv_files
16.643452912296315,0.9689853547956552,JAIYI_videos_csv_files
16.675154727367357,1.1119216979382711,JAIYI_videos_csv_files
16.706856542438395,1.4500113435336708,JAIYI_videos_csv_files
16.738558357509437,1.503093572692063,JAIYI_videos_csv_files
16.77026017258048,1.5194300054488403,JAIYI_videos_csv_files
16.801961987651516,2.807556256427469,JAIYI_videos_csv_files
16.83366380272256,1.821752387822482,JAIYI_videos_csv_files
16.8653656177936,2.807787862187655,JAIYI_videos_csv_files
16.897067432864638,3.0037791420804645,JAIYI_videos_csv_files
16.92876924793568,2.1590553431495407,JAIYI_videos_csv_files
16.96047106300672,4.287406541922229,JAIYI_videos_csv_files
16.99217287807776,4.645490861344928,JAIYI_videos_csv_files
17.0238746931488,4.446035395480198,JAIYI_videos_csv_files
17.055576508219843,4.292400863007615,JAIYI_videos_csv_files
17.08727832329088,3.783896277889653,JAIYI_videos_csv_files
17.118980138361923,3.4716664602750966,JAIYI_videos_csv_files
17.150681953432965,3.4071515795176435,JAIYI_videos_csv_files
17.182383768504003,3.4259372060246807,JAIYI_videos_csv_files
17.214085583575045,3.213825030476435,JAIYI_videos_csv_files
17.245787398646087,4.740448143568689,JAIYI_videos_csv_files
17.277489213717125,3.780022127723899,JAIYI_videos_csv_files
17.309191028788167,3.607402138527271,JAIYI_videos_csv_files
17.34089284385921,2.788357823545659,JAIYI_videos_csv_files
17.372594658930247,3.369588940134701,JAIYI_videos_csv_files
17.40429647400129,3.0250880343453623,JAIYI_videos_csv_files
17.43599828907233,1.28209270588512,JAIYI_videos_csv_files
17.46770010414337,0.3763074673450761,JAIYI_videos_csv_files
17.49940191921441,0.1217800020428183,JAIYI_videos_csv_files
17.531103734285452,0.1574701097083414,JAIYI_videos_csv_files
17.56280554935649,0.2884635010138429,JAIYI_videos_csv_files
17.594507364427532,0.4667365889804222,JAIYI_videos_csv_files
17.626209179498574,0.6617147157367879,JAIYI_videos_csv_files
17.65791099456961,0.9451569622959848,JAIYI_videos_csv_files
17.689612809640654,1.3184112025804249,JAIYI_videos_csv_files
17.721314624711695,1.3546918662564311,JAIYI_videos_csv_files
17.753016439782733,0.4626356219058534,JAIYI_videos_csv_files
17.784718254853775,0.4629233309777842,JAIYI_videos_csv_files
17.816420069924817,0.5694684333769943,JAIYI_videos_csv_files
17.84812188499586,0.6471130070824744,JAIYI_videos_csv_files
17.879823700066897,0.7815565085201007,JAIYI_videos_csv_files
17.91152551513794,0.810491960114986,JAIYI_videos_csv_files
17.94322733020898,1.1203517635509102,JAIYI_videos_csv_files
17.97492914528002,0.757729629665822,JAIYI_videos_csv_files
18.00663096035106,0.5107331131867058,JAIYI_videos_csv_files
18.038332775422106,0.5480869600699454,JAIYI_videos_csv_files
18.07003459049314,1.0720667180392356,JAIYI_videos_csv_files
18.101736405564186,1.422301277074502,JAIYI_videos_csv_files
18.133438220635224,2.050079335829625,JAIYI_videos_csv_files
18.165140035706266,2.650675770553645,JAIYI_videos_csv_files
18.196841850777304,2.5381328074887577,JAIYI_videos_csv_files
18.228543665848346,2.5027452716727243,JAIYI_videos_csv_files
18.260245480919384,2.9184636204615786,JAIYI_videos_csv_files
18.291947295990425,3.94231202237624,JAIYI_videos_csv_files
18.323649111061467,1.9987393713234356,JAIYI_videos_csv_files
18.355350926132505,2.1044055658297336,JAIYI_videos_csv_files
18.387052741203547,1.3583517421317777,JAIYI_videos_csv_files
18.41875455627459,0.8809647531935865,JAIYI_videos_csv_files
18.450456371345627,0.7046616437506379,JAIYI_videos_csv_files
18.48215818641667,0.7267103276514494,JAIYI_videos_csv_files
18.51386000148771,0.8869690339685051,JAIYI_videos_csv_files
18.54556181655875,1.4824655448171156,JAIYI_videos_csv_files
18.57726363162979,1.5795598513661058,JAIYI_videos_csv_files
18.608965446700832,2.22050207541911,JAIYI_videos_csv_files
18.64066726177187,2.8168104746557665,JAIYI_videos_csv_files
18.672369076842912,3.3003878663985096,JAIYI_videos_csv_files
18.70407089191395,3.71272159565663,JAIYI_videos_csv_files
18.735772706984992,3.668135624682872,JAIYI_videos_csv_files
18.76747452205603,4.466356262962195,JAIYI_videos_csv_files
18.799176337127076,4.328021166610386,JAIYI_videos_csv_files
18.83087815219811,4.674314078669168,JAIYI_videos_csv_files
18.862579967269156,5.228004615585621,JAIYI_videos_csv_files
18.894281782340197,6.296550425167701,JAIYI_videos_csv_files
18.925983597411236,7.280643856123386,JAIYI_videos_csv_files
18.957685412482277,6.623087496971653,JAIYI_videos_csv_files
18.98938722755332,7.806481732900684,JAIYI_videos_csv_files
19.02108904262436,10.389497738569682,JAIYI_videos_csv_files
19.0527908576954,14.401364662628737,JAIYI_videos_csv_files
19.08449267276644,19.67482684559532,JAIYI_videos_csv_files
19.116194487837483,27.806955110704187,JAIYI_videos_csv_files
19.14789630290852,33.77755785941497,JAIYI_videos_csv_files
19.17959811797956,51.68032917569518,JAIYI_videos_csv_files
19.211299933050604,,JAIYI_videos_csv_files
19.24300174812164,62.23200408658192,JAIYI_videos_csv_files
19.274703563192684,73.4115297992578,JAIYI_videos_csv_files
19.30640537826373,84.9920489871747,JAIYI_videos_csv_files
19.338107193334764,94.62906878436266,JAIYI_videos_csv_files
19.36980900840581,,JAIYI_videos_csv_files
19.401510823476848,52.860865936776456,JAIYI_videos_csv_files
19.43321263854789,60.61829344625771,JAIYI_videos_csv_files
19.464914453618928,84.73436729654163,JAIYI_videos_csv_files
19.49661626868997,87.90398701886137,JAIYI_videos_csv_files
19.528318083761008,,JAIYI_videos_csv_files
19.56001989883205,43.623813670322015,JAIYI_videos_csv_files
19.59172171390309,68.87926401669084,JAIYI_videos_csv_files
19.62342352897413,65.46399916382387,JAIYI_videos_csv_files
19.65512534404517,62.08535508474748,JAIYI_videos_csv_files
19.686827159116213,,JAIYI_videos_csv_files
19.71852897418725,14.08414244346457,JAIYI_videos_csv_files
19.750230789258293,16.528450595940903,JAIYI_videos_csv_files
19.781932604329334,33.36355291474911,JAIYI_videos_csv_files
19.813634419400373,38.73009542822935,JAIYI_videos_csv_files
19.845336234471414,43.709503723978166,JAIYI_videos_csv_files
19.877038049542456,45.4863608647737,JAIYI_videos_csv_files
19.908739864613494,42.82192054195652,JAIYI_videos_csv_files
19.940441679684536,39.46882386257042,JAIYI_videos_csv_files
19.972143494755574,38.20650225282473,JAIYI_videos_csv_files
20.003845309826616,34.04421696116659,JAIYI_videos_csv_files
20.035547124897658,34.7361300767131,JAIYI_videos_csv_files
20.0672489399687,29.64855198864578,JAIYI_videos_csv_files
20.098950755039738,33.076212587800605,JAIYI_videos_csv_files
20.13065257011078,33.879614583945184,JAIYI_videos_csv_files
20.16235438518182,32.928853628092774,JAIYI_videos_csv_files
20.194056200252863,31.78014283762825,JAIYI_videos_csv_files
20.2257580153239,31.041436744331637,JAIYI_videos_csv_files
20.257459830394943,29.49082047609373,JAIYI_videos_csv_files
20.289161645465985,24.97941284137672,JAIYI_videos_csv_files
20.320863460537023,26.432614823282407,JAIYI_videos_csv_files
20.352565275608065,28.921358689720662,JAIYI_videos_csv_files
20.384267090679103,38.17556230710287,JAIYI_videos_csv_files
20.415968905750145,34.6900887327893,JAIYI_videos_csv_files
20.447670720821183,38.77817901726129,JAIYI_videos_csv_files
20.479372535892228,34.1076073674642,JAIYI_videos_csv_files
20.511074350963263,40.922014818005145,JAIYI_videos_csv_files
20.542776166034308,35.90258739460175,JAIYI_videos_csv_files
20.57447798110535,39.031134964335486,JAIYI_videos_csv_files
20.606179796176388,35.450299276355366,JAIYI_videos_csv_files
20.63788161124743,39.5092354067816,JAIYI_videos_csv_files
20.66958342631847,40.062789800584696,JAIYI_videos_csv_files
20.70128524138951,39.78240498284232,JAIYI_videos_csv_files
20.73298705646055,40.00671551673483,JAIYI_videos_csv_files
20.764688871531593,39.16066503366792,JAIYI_videos_csv_files
20.79639068660263,41.27225907234632,JAIYI_videos_csv_files
20.828092501673673,39.91496206521807,JAIYI_videos_csv_files
20.859794316744715,40.199088687418,JAIYI_videos_csv_files
20.891496131815753,40.353361300395775,JAIYI_videos_csv_files
20.923197946886795,40.445539164203375,JAIYI_videos_csv_files
20.954899761957837,38.25922666106915,JAIYI_videos_csv_files
20.986601577028875,37.4398207587474,JAIYI_videos_csv_files
21.018303392099916,36.19563520422235,JAIYI_videos_csv_files
21.05000520717096,35.58377212657898,JAIYI_videos_csv_files
21.081707022241996,35.012735303335454,JAIYI_videos_csv_files
21.11340883731304,33.80568555693899,JAIYI_videos_csv_files
21.14511065238408,32.51318621804405,JAIYI_videos_csv_files
21.17681246745512,29.991030623117748,JAIYI_videos_csv_files
21.20851428252616,28.43065151127485,JAIYI_videos_csv_files
21.2402160975972,26.668960395651,JAIYI_videos_csv_files
21.271917912668243,26.30038140358128,JAIYI_videos_csv_files
21.30361972773928,25.94474149476481,JAIYI_videos_csv_files
21.335321542810323,24.70935567860993,JAIYI_videos_csv_files
21.367023357881365,24.12044566390386,JAIYI_videos_csv_files
21.398725172952403,23.86871492906928,JAIYI_videos_csv_files
21.430426988023445,23.48793112525918,JAIYI_videos_csv_files
21.462128803094487,22.899597844123637,JAIYI_videos_csv_files
21.493830618165525,22.015888408913774,JAIYI_videos_csv_files
21.525532433236567,21.134336048392612,JAIYI_videos_csv_files
21.55723424830761,20.14609690513656,JAIYI_videos_csv_files
21.588936063378647,19.66904663168711,JAIYI_videos_csv_files
21.62063787844969,18.14868339294233,JAIYI_videos_csv_files
21.65233969352073,16.386344566398652,JAIYI_videos_csv_files
21.68404150859177,18.669367733839355,JAIYI_videos_csv_files
21.71574332366281,21.575263463881782,JAIYI_videos_csv_files
21.747445138733852,21.37643067935864,JAIYI_videos_csv_files
21.77914695380489,16.65344492728005,JAIYI_videos_csv_files
21.810848768875932,14.958775098742214,JAIYI_videos_csv_files
21.842550583946977,14.93412012756701,JAIYI_videos_csv_files
21.87425239901801,14.71464067185172,JAIYI_videos_csv_files
21.905954214089057,13.98050831055096,JAIYI_videos_csv_files
21.937656029160095,13.955112740052227,JAIYI_videos_csv_files
21.969357844231133,13.111661740005164,JAIYI_videos_csv_files
22.001059659302175,13.25955770332277,JAIYI_videos_csv_files
22.032761474373217,13.463296879733944,JAIYI_videos_csv_files
22.064463289444255,13.429021526370592,JAIYI_videos_csv_files
22.096165104515297,13.302569917045345,JAIYI_videos_csv_files
22.12786691958634,13.11360022518659,JAIYI_videos_csv_files
22.159568734657377,14.620081138090333,JAIYI_videos_csv_files
22.19127054972842,15.109468159837473,JAIYI_videos_csv_files
22.22297236479946,17.24838599870967,JAIYI_videos_csv_files
22.2546741798705,18.81139621987284,JAIYI_videos_csv_files
22.28637599494154,19.608095250785063,JAIYI_videos_csv_files
22.318077810012586,20.88573787930333,JAIYI_videos_csv_files
22.34977962508362,20.304278998601703,JAIYI_videos_csv_files
22.381481440154666,21.444170326723167,JAIYI_videos_csv_files
22.413183255225704,20.730122804327983,JAIYI_videos_csv_files
22.444885070296746,21.129772148272963,JAIYI_videos_csv_files
22.476586885367784,22.246929475769026,JAIYI_videos_csv_files
22.508288700438825,23.79646738579565,JAIYI_videos_csv_files
22.539990515509867,24.703282979253004,JAIYI_videos_csv_files
22.571692330580905,24.62700883518363,JAIYI_videos_csv_files
22.603394145651947,28.09241224177641,JAIYI_videos_csv_files
22.63509596072299,27.35829009973289,JAIYI_videos_csv_files
22.666797775794027,24.482110049147312,JAIYI_videos_csv_files
22.69849959086507,24.461300231422904,JAIYI_videos_csv_files
22.73020140593611,23.58011490349117,JAIYI_videos_csv_files
22.76190322100715,25.29577806475373,JAIYI_videos_csv_files
22.79360503607819,25.673663481200272,JAIYI_videos_csv_files
22.825306851149232,24.407670274604243,JAIYI_videos_csv_files
22.85700866622027,23.206412357777378,JAIYI_videos_csv_files
22.888710481291312,22.831807782447864,JAIYI_videos_csv_files
22.92041229636235,22.258090495647604,JAIYI_videos_csv_files
22.952114111433392,22.365605717310512,JAIYI_videos_csv_files
22.98381592650443,22.260630846091026,JAIYI_videos_csv_files
23.015517741575476,20.704455254750048,JAIYI_videos_csv_files
23.04721955664651,20.86020060105736,JAIYI_videos_csv_files
23.078921371717556,22.523742896427983,JAIYI_videos_csv_files
23.110623186788597,21.80435980265473,JAIYI_videos_csv_files
23.142325001859636,20.841949120348144,JAIYI_videos_csv_files
23.174026816930677,21.00553006239107,JAIYI_videos_csv_files
23.20572863200172,21.44848033326732,JAIYI_videos_csv_files
23.237430447072757,20.456310846510675,JAIYI_videos_csv_files
23.2691322621438,22.22563132205408,JAIYI_videos_csv_files
23.30083407721484,20.93022537521069,JAIYI_videos_csv_files
23.33253589228588,21.0199708901411,JAIYI_videos_csv_files
23.36423770735692,16.15563284434343,JAIYI_videos_csv_files
23.39593952242796,23.8669682417778,JAIYI_videos_csv_files
23.427641337499,24.50373792298198,JAIYI_videos_csv_files
23.45934315257004,23.48421955249573,JAIYI_videos_csv_files
23.491044967641084,23.910049098728624,JAIYI_videos_csv_files
23.52274678271212,23.613488974036887,JAIYI_videos_csv_files
23.554448597783164,23.44763156755444,JAIYI_videos_csv_files
23.58615041285421,23.4086889549694,JAIYI_videos_csv_files
23.617852227925248,22.69124919390528,JAIYI_videos_csv_files
23.64955404299629,22.61188382484051,JAIYI_videos_csv_files
23.681255858067328,22.380888080796776,JAIYI_videos_csv_files
23.71295767313837,22.11282487560853,JAIYI_videos_csv_files
23.744659488209408,21.23580344518843,JAIYI_videos_csv_files
23.77636130328045,21.971525591870744,JAIYI_videos_csv_files
23.80806311835149,23.07572145187295,JAIYI_videos_csv_files
23.83976493342253,25.055741171261207,JAIYI_videos_csv_files
23.87146674849357,26.040055531565216,JAIYI_videos_csv_files
23.903168563564613,24.07961179963783,JAIYI_videos_csv_files
23.93487037863565,22.99926475204593,JAIYI_videos_csv_files
23.966572193706693,24.594881189020917,JAIYI_videos_csv_files
23.998274008777734,24.71382484070652,JAIYI_videos_csv_files
24.029975823848773,25.093172848004414,JAIYI_videos_csv_files
24.061677638919814,25.47725564895282,JAIYI_videos_csv_files
24.093379453990856,25.696627120434226,JAIYI_videos_csv_files
24.125081269061894,22.71763167530258,JAIYI_videos_csv_files
24.156783084132936,21.203641412156887,JAIYI_videos_csv_files
24.188484899203974,20.017692704417616,JAIYI_videos_csv_files
24.220186714275016,20.30771555996091,JAIYI_videos_csv_files
24.251888529346058,20.152584178300675,JAIYI_videos_csv_files
24.2835903444171,20.62554009397571,JAIYI_videos_csv_files
24.315292159488138,20.820777829082687,JAIYI_videos_csv_files
24.34699397455918,21.230991289394765,JAIYI_videos_csv_files
24.37869578963022,20.823439194841,JAIYI_videos_csv_files
24.41039760470126,21.4218351219801,JAIYI_videos_csv_files
24.4420994197723,21.760576928232197,JAIYI_videos_csv_files
24.473801234843343,22.111605731651977,JAIYI_videos_csv_files
24.50550304991438,22.217606986275733,JAIYI_videos_csv_files
24.537204864985423,23.306700606060197,JAIYI_videos_csv_files
24.568906680056465,25.29312406767261,JAIYI_videos_csv_files
24.600608495127503,26.56026240433517,JAIYI_videos_csv_files
24.632310310198545,24.59037247711304,JAIYI_videos_csv_files
24.664012125269583,24.365027788275945,JAIYI_videos_csv_files
24.695713940340625,25.231439921762124,JAIYI_videos_csv_files
24.727415755411663,24.69423934116962,JAIYI_videos_csv_files
24.759117570482708,23.95864560703403,JAIYI_videos_csv_files
24.79081938555375,22.978113710366625,JAIYI_videos_csv_files
24.822521200624788,21.955713244236577,JAIYI_videos_csv_files
24.85422301569583,20.947045758299843,JAIYI_videos_csv_files
24.88592483076687,21.199993549779386,JAIYI_videos_csv_files
24.91762664583791,22.562771388571424,JAIYI_videos_csv_files
24.94932846090895,21.96835974467164,JAIYI_videos_csv_files
24.981030275979993,21.63608156913582,JAIYI_videos_csv_files
25.01273209105103,23.47918741667343,JAIYI_videos_csv_files
25.044433906122073,27.70895325133004,JAIYI_videos_csv_files
25.076135721193115,25.81212712429881,JAIYI_videos_csv_files
25.107837536264153,25.843204838105176,JAIYI_videos_csv_files
25.139539351335195,28.50093152141784,JAIYI_videos_csv_files
25.171241166406237,31.02015217594828,JAIYI_videos_csv_files
25.202942981477275,32.69365536943408,JAIYI_videos_csv_files
25.234644796548316,31.81053666842384,JAIYI_videos_csv_files
25.26634661161936,31.599379127549525,JAIYI_videos_csv_files
25.298048426690396,31.9544057356826,JAIYI_videos_csv_files
25.32975024176144,34.063380793300375,JAIYI_videos_csv_files
25.36145205683248,34.78960196916367,JAIYI_videos_csv_files
25.39315387190352,35.30022753934161,JAIYI_videos_csv_files
25.42485568697456,34.6290265992898,JAIYI_videos_csv_files
25.4565575020456,34.53413549745609,JAIYI_videos_csv_files
25.48825931711664,35.43975185543911,JAIYI_videos_csv_files
25.51996113218768,35.46008357149877,JAIYI_videos_csv_files
25.551662947258723,36.14247528015403,JAIYI_videos_csv_files
25.58336476232976,34.67156272602092,JAIYI_videos_csv_files
25.615066577400803,25.285873387847683,JAIYI_videos_csv_files
25.646768392471845,21.58815709369188,JAIYI_videos_csv_files
25.678470207542883,21.33631348873815,JAIYI_videos_csv_files
25.710172022613925,22.14145205835673,JAIYI_videos_csv_files
25.741873837684967,23.16167973444108,JAIYI_videos_csv_files
25.773575652756005,24.105744325588915,JAIYI_videos_csv_files
25.805277467827047,25.6332754665693,JAIYI_videos_csv_files
25.83697928289809,27.16991177318253,JAIYI_videos_csv_files
25.86868109796913,28.799036125986127,JAIYI_videos_csv_files
25.90038291304017,26.35572437286825,JAIYI_videos_csv_files
25.93208472811121,22.27383941406004,JAIYI_videos_csv_files
25.963786543182252,12.514394266236062,JAIYI_videos_csv_files
25.99548835825329,10.01772170725378,JAIYI_videos_csv_files
26.027190173324332,6.298212269245953,JAIYI_videos_csv_files
26.058891988395377,5.750241038048383,JAIYI_videos_csv_files
26.09059380346641,4.917491736922706,JAIYI_videos_csv_files
26.122295618537457,4.7407556716754815,JAIYI_videos_csv_files
26.153997433608495,4.578609908133188,JAIYI_videos_csv_files
26.185699248679533,3.587602658181496,JAIYI_videos_csv_files
26.217401063750575,2.957869114376239,JAIYI_videos_csv_files
26.249102878821617,0.6163385144060242,JAIYI_videos_csv_files
26.280804693892655,0.692614113226944,JAIYI_videos_csv_files
26.312506508963697,0.7975642019037908,JAIYI_videos_csv_files
26.34420832403474,1.9951584891888257,JAIYI_videos_csv_files
26.375910139105777,3.470451088643704,JAIYI_videos_csv_files
26.40761195417682,6.059887567473333,JAIYI_videos_csv_files
26.43931376924786,5.769015341335646,JAIYI_videos_csv_files
26.4710155843189,3.5765442323894416,JAIYI_videos_csv_files
26.50271739938994,3.154536232552207,JAIYI_videos_csv_files
26.534419214460986,2.244065478850618,JAIYI_videos_csv_files
26.56612102953202,2.125334926925664,JAIYI_videos_csv_files
26.597822844603066,0.5899861263319152,JAIYI_videos_csv_files
26.629524659674104,1.431902111024693,JAIYI_videos_csv_files
26.661226474745146,1.7893139687248014,JAIYI_videos_csv_files
26.692928289816184,1.8012861267462947,JAIYI_videos_csv_files
26.724630104887225,1.5509021603833095,JAIYI_videos_csv_files
26.756331919958264,1.6052978705643877,JAIYI_videos_csv_files
26.788033735029305,1.7642338723514406,JAIYI_videos_csv_files
26.819735550100347,1.825730280087776,JAIYI_videos_csv_files
26.851437365171385,2.001805724855876,JAIYI_videos_csv_files
26.883139180242427,1.763628211952479,JAIYI_videos_csv_files
26.91484099531347,1.0552041857082364,JAIYI_videos_csv_files
26.946542810384507,2.148105448037255,JAIYI_videos_csv_files
26.97824462545555,2.306347023109779,JAIYI_videos_csv_files
27.00994644052659,3.61672560450061,JAIYI_videos_csv_files
27.041648255597632,3.487860235175857,JAIYI_videos_csv_files
27.07335007066867,3.725602598460666,JAIYI_videos_csv_files
27.105051885739712,2.95353715641962,JAIYI_videos_csv_files
27.13675370081075,2.0935309169654026,JAIYI_videos_csv_files
27.168455515881792,1.8812883534613876,JAIYI_videos_csv_files
27.20015733095283,0.7866296632602237,JAIYI_videos_csv_files
27.231859146023876,1.073875182966485,JAIYI_videos_csv_files
27.26356096109491,1.2248063702115066,JAIYI_videos_csv_files
27.295262776165956,0.9887700591487052,JAIYI_videos_csv_files
27.326964591236997,0.9337652363309076,JAIYI_videos_csv_files
27.358666406308036,0.9631819319307218,JAIYI_videos_csv_files
27.390368221379077,0.9720055023922092,JAIYI_videos_csv_files
27.42207003645012,0.9943808192696448,JAIYI_videos_csv_files
27.453771851521157,1.0329119568374807,JAIYI_videos_csv_files
27.4854736665922,1.0626542293421872,JAIYI_videos_csv_files
27.51717548166324,1.1089138998861394,JAIYI_videos_csv_files
27.54887729673428,1.0242791009188017,JAIYI_videos_csv_files
27.58057911180532,1.2183780741826464,JAIYI_videos_csv_files
27.61228092687636,1.6456934694137912,JAIYI_videos_csv_files
27.6439827419474,2.967873599448565,JAIYI_videos_csv_files
27.67568455701844,2.4542262173035425,JAIYI_videos_csv_files
27.707386372089484,2.6581254660921405,JAIYI_videos_csv_files
27.73908818716052,2.4465918093877144,JAIYI_videos_csv_files
27.770790002231564,2.894485424938555,JAIYI_videos_csv_files
27.80249181730261,2.788793945901286,JAIYI_videos_csv_files
27.834193632373644,1.105450471224061,JAIYI_videos_csv_files
27.86589544744469,0.8250476514599605,JAIYI_videos_csv_files
27.897597262515728,1.0121165965592511,JAIYI_videos_csv_files
27.92929907758677,0.9285566436371836,JAIYI_videos_csv_files
27.961000892657808,1.1739537842410157,JAIYI_videos_csv_files
27.99270270772885,1.1961061832739484,JAIYI_videos_csv_files
28.024404522799887,1.1842102431176276,JAIYI_videos_csv_files
28.05610633787093,1.2578181855371404,JAIYI_videos_csv_files
28.08780815294197,1.3011436219778745,JAIYI_videos_csv_files
28.11950996801301,1.325098127358789,JAIYI_videos_csv_files
28.15121178308405,1.3950423097799178,JAIYI_videos_csv_files
28.182913598155093,1.3740925266112791,JAIYI_videos_csv_files
28.214615413226134,2.509747541796579,JAIYI_videos_csv_files
28.246317228297173,2.466563268851961,JAIYI_videos_csv_files
28.278019043368214,5.010423945657533,JAIYI_videos_csv_files
28.309720858439256,4.649477452433422,JAIYI_videos_csv_files
28.341422673510294,6.253868372490136,JAIYI_videos_csv_files
28.373124488581336,6.185214025817615,JAIYI_videos_csv_files
28.404826303652374,6.507206393189228,JAIYI_videos_csv_files
28.436528118723416,5.08352390386151,JAIYI_videos_csv_files
28.468229933794458,3.803822546934481,JAIYI_videos_csv_files
28.4999317488655,3.385262748573626,JAIYI_videos_csv_files
28.531633563936538,2.361924826422557,JAIYI_videos_csv_files
28.56333537900758,2.260442183325421,JAIYI_videos_csv_files
28.59503719407862,1.811009937293523,JAIYI_videos_csv_files
28.62673900914966,2.1579312444814653,JAIYI_videos_csv_files
28.6584408242207,2.194019233989217,JAIYI_videos_csv_files
28.690142639291743,2.4359076877818766,JAIYI_videos_csv_files
28.72184445436278,3.342907893077361,JAIYI_videos_csv_files
28.753546269433823,2.787146791418585,JAIYI_videos_csv_files
28.785248084504865,2.5565277140064446,JAIYI_videos_csv_files
28.816949899575903,1.6639744511764951,JAIYI_videos_csv_files
28.848651714646945,0.6640947361329064,JAIYI_videos_csv_files
28.880353529717983,0.4607563274375581,JAIYI_videos_csv_files
28.912055344789025,0.6317598144057378,JAIYI_videos_csv_files
28.943757159860063,0.9022443395945294,JAIYI_videos_csv_files
28.975458974931108,0.8406115899480723,JAIYI_videos_csv_files
29.007160790002143,0.5417889029212685,JAIYI_videos_csv_files
29.038862605073188,0.6705305164264049,JAIYI_videos_csv_files
29.07056442014423,0.4293389532444104,JAIYI_videos_csv_files
29.102266235215268,0.7352547310104871,JAIYI_videos_csv_files
29.13396805028631,1.8720854904043451,JAIYI_videos_csv_files
29.16566986535735,2.334513229900397,JAIYI_videos_csv_files
29.19737168042839,1.4879768223405283,JAIYI_videos_csv_files
29.22907349549943,1.7546442201538317,JAIYI_videos_csv_files
29.260775310570473,1.9966364651129185,JAIYI_videos_csv_files
29.29247712564151,2.168383766892986,JAIYI_videos_csv_files
29.324178940712553,2.3609183114881787,JAIYI_videos_csv_files
29.355880755783595,2.5391520230721776,JAIYI_videos_csv_files
29.387582570854637,3.762142701042242,JAIYI_videos_csv_files
29.419284385925675,1.689414929825703,JAIYI_videos_csv_files
29.450986200996716,0.8300674437351158,JAIYI_videos_csv_files
29.48268801606776,2.330730275523182,JAIYI_videos_csv_files
29.514389831138796,2.9982444520817717,JAIYI_videos_csv_files
29.54609164620984,4.1656841113827765,JAIYI_videos_csv_files
29.57779346128088,3.4620733291773003,JAIYI_videos_csv_files
29.60949527635192,2.9923229831653204,JAIYI_videos_csv_files
29.64119709142296,5.462804586071579,JAIYI_videos_csv_files
29.672898906494,2.5288592007768464,JAIYI_videos_csv_files
29.70460072156504,1.6856846438610604,JAIYI_videos_csv_files
29.73630253663608,3.2454747817991176,JAIYI_videos_csv_files
29.768004351707123,4.073666979245771,JAIYI_videos_csv_files
29.79970616677816,4.239382669507598,JAIYI_videos_csv_files
29.831407981849203,4.1049237648877686,JAIYI_videos_csv_files
29.863109796920245,4.017379449667291,JAIYI_videos_csv_files
29.894811611991283,3.8160113266676814,JAIYI_videos_csv_files
29.926513427062325,3.155485523332034,JAIYI_videos_csv_files
29.958215242133367,7.79750886315545,JAIYI_videos_csv_files
29.989917057204405,4.755824327112686,JAIYI_videos_csv_files
30.021618872275447,3.069998291816108,JAIYI_videos_csv_files
30.05332068734649,1.7626992771552443,JAIYI_videos_csv_files
30.085022502417527,2.664763501955957,JAIYI_videos_csv_files
30.11672431748857,2.0790945741166795,JAIYI_videos_csv_files
30.14842613255961,4.831956314687227,JAIYI_videos_csv_files
30.18012794763065,4.628275860203218,JAIYI_videos_csv_files
30.21182976270169,3.271456503724228,JAIYI_videos_csv_files
30.243531577772732,2.911665996686428,JAIYI_videos_csv_files
30.27523339284377,2.8372637444095288,JAIYI_videos_csv_files
30.30693520791481,2.74191274104607,JAIYI_videos_csv_files
30.338637022985857,2.5150817648479387,JAIYI_videos_csv_files
30.37033883805689,2.32747195788478,JAIYI_videos_csv_files
30.402040653127933,3.505370261633775,JAIYI_videos_csv_files
30.433742468198975,2.5216577848617296,JAIYI_videos_csv_files
30.465444283270017,2.156471747031077,JAIYI_videos_csv_files
30.497146098341055,2.8112342269304422,JAIYI_videos_csv_files
30.528847913412097,1.8811539679527007,JAIYI_videos_csv_files
30.56054972848314,2.117923039232374,JAIYI_videos_csv_files
30.592251543554177,3.770963108485893,JAIYI_videos_csv_files
30.62395335862522,4.368459403560175,JAIYI_videos_csv_files
30.65565517369626,3.9747705296634823,JAIYI_videos_csv_files
30.6873569887673,2.9573977830959235,JAIYI_videos_csv_files
30.71905880383834,2.796976830932086,JAIYI_videos_csv_files
30.750760618909386,2.754320104595307,JAIYI_videos_csv_files
30.78246243398042,2.786097899386428,JAIYI_videos_csv_files
30.814164249051466,2.765660179368897,JAIYI_videos_csv_files
30.845866064122504,2.525151022910182,JAIYI_videos_csv_files
30.877567879193546,4.522749085006866,JAIYI_videos_csv_files
30.909269694264584,4.3294661981825815,JAIYI_videos_csv_files
30.940971509335625,6.746599745010508,JAIYI_videos_csv_files
30.972673324406664,4.841026607484437,JAIYI_videos_csv_files
31.004375139477705,3.104036999028643,JAIYI_videos_csv_files
31.036076954548747,3.328284705060707,JAIYI_videos_csv_files
31.067778769619785,0.9547359474701202,JAIYI_videos_csv_files
31.099480584690827,1.6644223105730942,JAIYI_videos_csv_files
31.13118239976187,1.319093101708251,JAIYI_videos_csv_files
31.162884214832907,0.6972204529727308,JAIYI_videos_csv_files
31.19458602990395,2.2767291315141622,JAIYI_videos_csv_files
31.22628784497499,3.479665743196971,JAIYI_videos_csv_files
31.25798966004603,2.667467122199332,JAIYI_videos_csv_files
31.28969147511707,2.1806464896538955,JAIYI_videos_csv_files
31.321393290188112,2.101179235481152,JAIYI_videos_csv_files
31.35309510525915,2.171189396948862,JAIYI_videos_csv_files
31.384796920330192,1.5230723049988208,JAIYI_videos_csv_files
31.41649873540123,1.220913198848963,JAIYI_videos_csv_files
31.448200550472272,1.7069272538712843,JAIYI_videos_csv_files
31.47990236554331,5.410297737685289,JAIYI_videos_csv_files
31.511604180614356,4.238266445386608,JAIYI_videos_csv_files
31.54330599568539,3.641172083953196,JAIYI_videos_csv_files
31.575007810756436,3.687671594333127,JAIYI_videos_csv_files
31.606709625827477,2.7999996211683347,JAIYI_videos_csv_files
31.63841144089852,2.5660340390554346,JAIYI_videos_csv_files
31.670113255969557,2.281470901641535,JAIYI_videos_csv_files
31.7018150710406,2.941793464990379,JAIYI_videos_csv_files
31.73351688611164,2.806334858878407,JAIYI_videos_csv_files
31.76521870118268,2.82996081419019,JAIYI_videos_csv_files
31.79692051625372,2.892164758121888,JAIYI_videos_csv_files
31.82862233132476,2.8877740591377736,JAIYI_videos_csv_files
31.8603241463958,2.8863744118593955,JAIYI_videos_csv_files
31.89202596146684,2.995947443959813,JAIYI_videos_csv_files
31.923727776537884,4.131693397574511,JAIYI_videos_csv_files
31.95542959160892,7.375089505295717,JAIYI_videos_csv_files
31.987131406679964,6.7040107022924165,JAIYI_videos_csv_files
32.018833221751,3.758047548947058,JAIYI_videos_csv_files
32.05053503682205,2.6428032408807103,JAIYI_videos_csv_files
32.082236851893086,2.493858473240166,JAIYI_videos_csv_files
32.113938666964124,2.5770716386646844,JAIYI_videos_csv_files
32.14564048203517,2.7403128280867417,JAIYI_videos_csv_files
32.17734229710621,2.939185551287208,JAIYI_videos_csv_files
32.209044112177246,2.940583686905708,JAIYI_videos_csv_files
32.24074592724829,2.6874609369910143,JAIYI_videos_csv_files
32.27244774231933,2.751578433992367,JAIYI_videos_csv_files
32.30414955739037,2.7736459585572635,JAIYI_videos_csv_files
32.33585137246141,2.663827792546029,JAIYI_videos_csv_files
32.36755318753245,2.5013466462506666,JAIYI_videos_csv_files
32.39925500260349,1.6993584149476832,JAIYI_videos_csv_files
32.430956817674534,2.5427994223549564,JAIYI_videos_csv_files
32.46265863274557,3.6969609161020167,JAIYI_videos_csv_files
32.49436044781661,4.571110224610659,JAIYI_videos_csv_files
32.526062262887656,5.303227967964761,JAIYI_videos_csv_files
32.557764077958694,4.636438318853905,JAIYI_videos_csv_files
32.58946589302973,4.426347781601806,JAIYI_videos_csv_files
32.62116770810078,5.422339866635396,JAIYI_videos_csv_files
32.652869523171816,5.226024646292613,JAIYI_videos_csv_files
32.684571338242854,5.44697329524337,JAIYI_videos_csv_files
32.7162731533139,6.175180651683267,JAIYI_videos_csv_files
32.74797496838494,5.758839444006473,JAIYI_videos_csv_files
32.779676783455976,6.440099886795845,JAIYI_videos_csv_files
32.81137859852702,7.771802148607208,JAIYI_videos_csv_files
32.84308041359806,9.184038023815257,JAIYI_videos_csv_files
32.8747822286691,10.54392821467921,JAIYI_videos_csv_files
32.90648404374014,9.384640819553658,JAIYI_videos_csv_files
32.93818585881118,8.404660508604854,JAIYI_videos_csv_files
32.96988767388222,4.111208155237689,JAIYI_videos_csv_files
33.001589488953265,1.0204507950214616,JAIYI_videos_csv_files
33.0332913040243,0.5603044675235068,JAIYI_videos_csv_files
33.06499311909534,1.7634024728331457,JAIYI_videos_csv_files
33.096694934166386,2.9245395862100936,JAIYI_videos_csv_files
33.128396749237425,20.97006784915122,JAIYI_videos_csv_files
33.16009856430846,31.99655938805776,JAIYI_videos_csv_files
33.19180037937951,31.677099025543555,JAIYI_videos_csv_files
33.223502194450546,37.88139883908497,JAIYI_videos_csv_files
33.255204009521584,49.8251972314834,JAIYI_videos_csv_files
33.28690582459263,55.54726424601805,JAIYI_videos_csv_files
33.31860763966367,58.23856846820429,JAIYI_videos_csv_files
33.35030945473471,58.00138136820137,JAIYI_videos_csv_files
33.38201126980575,55.68978710547538,JAIYI_videos_csv_files
33.41371308487679,53.08725322720015,JAIYI_videos_csv_files
33.445414899947835,48.97286874252123,JAIYI_videos_csv_files
33.47711671501887,46.86547679572149,JAIYI_videos_csv_files
33.50881853008991,46.09516851638749,JAIYI_videos_csv_files
33.54052034516096,44.80060852190479,JAIYI_videos_csv_files
33.572222160231995,46.830224483497645,JAIYI_videos_csv_files
33.60392397530303,54.24864381037583,JAIYI_videos_csv_files
33.63562579037408,57.88608236805793,JAIYI_videos_csv_files
33.66732760544512,64.00387722347992,JAIYI_videos_csv_files
33.699029420516155,66.99117792626471,JAIYI_videos_csv_files
33.7307312355872,67.21419555064845,JAIYI_videos_csv_files
33.76243305065824,67.6490146906987,JAIYI_videos_csv_files
33.794134865729276,74.83957873387557,JAIYI_videos_csv_files
33.82583668080032,70.38367132736097,JAIYI_videos_csv_files
33.85753849587136,59.34854099229004,JAIYI_videos_csv_files
33.8892403109424,49.73033864431658,JAIYI_videos_csv_files
33.92094212601344,43.17459476862299,JAIYI_videos_csv_files
33.95264394108448,40.80544902299951,JAIYI_videos_csv_files
33.98434575615552,39.50920584675648,JAIYI_videos_csv_files
34.016047571226565,41.85107449850544,JAIYI_videos_csv_files
34.0477493862976,39.30136828565016,JAIYI_videos_csv_files
34.07945120136864,34.380741057847374,JAIYI_videos_csv_files
34.11115301643969,32.19902945633432,JAIYI_videos_csv_files
34.142854831510725,31.11249275128158,JAIYI_videos_csv_files
34.17455664658176,27.917468383486376,JAIYI_videos_csv_files
34.20625846165281,26.70059608413985,JAIYI_videos_csv_files
34.23796027672385,29.16658543594404,JAIYI_videos_csv_files
34.269662091794885,32.48359759145828,JAIYI_videos_csv_files
34.30136390686593,33.529515132868184,JAIYI_videos_csv_files
34.33306572193697,31.197896691536283,JAIYI_videos_csv_files
34.36476753700801,34.118828636621615,JAIYI_videos_csv_files
34.39646935207905,33.04362420791897,JAIYI_videos_csv_files
34.42817116715009,40.3986931968864,JAIYI_videos_csv_files
34.45987298222113,51.81054691084184,JAIYI_videos_csv_files
34.491574797292174,59.34827256843863,JAIYI_videos_csv_files
34.52327661236321,63.41833397781858,JAIYI_videos_csv_files
34.55497842743425,63.09876233071414,JAIYI_videos_csv_files
34.586680242505295,60.471265254208696,JAIYI_videos_csv_files
34.61838205757633,57.2091367446338,JAIYI_videos_csv_files
34.65008387264737,56.64656974832668,JAIYI_videos_csv_files
34.68178568771842,58.84780126564935,JAIYI_videos_csv_files
34.713487502789455,58.38377590404732,JAIYI_videos_csv_files
34.74518931786049,55.44452348841685,JAIYI_videos_csv_files
34.77689113293154,56.59325307289989,JAIYI_videos_csv_files
34.80859294800258,46.155765278086825,JAIYI_videos_csv_files
34.840294763073615,44.52978362905935,JAIYI_videos_csv_files
34.87199657814466,43.95856099173056,JAIYI_videos_csv_files
34.9036983932157,44.229602087473445,JAIYI_videos_csv_files
34.93540020828674,47.5573290557518,JAIYI_videos_csv_files
34.96710202335778,48.191588230503385,JAIYI_videos_csv_files
34.99880383842882,48.729308369060654,JAIYI_videos_csv_files
35.03050565349986,51.19650617446101,JAIYI_videos_csv_files
35.062207468570904,51.63279496222817,JAIYI_videos_csv_files
35.09390928364194,51.623881561192434,JAIYI_videos_csv_files
35.12561109871298,40.49522050639275,JAIYI_videos_csv_files
35.157312913784025,36.791956590646414,JAIYI_videos_csv_files
35.189014728855064,34.066500678106124,JAIYI_videos_csv_files
35.2207165439261,35.85990616612983,JAIYI_videos_csv_files
35.25241835899715,37.18081563840226,JAIYI_videos_csv_files
35.284120174068185,39.84911334133948,JAIYI_videos_csv_files
35.31582198913922,38.22755197555124,JAIYI_videos_csv_files
35.34752380421027,25.41083933945067,JAIYI_videos_csv_files
35.37922561928131,6.571700494527891,JAIYI_videos_csv_files
35.410927434352345,2.5383899918879864,JAIYI_videos_csv_files
35.44262924942339,1.6070068276068654,JAIYI_videos_csv_files
35.47433106449443,2.2875935061053174,JAIYI_videos_csv_files
35.50603287956547,2.0511375618780554,JAIYI_videos_csv_files
35.53773469463651,1.8994770283124367,JAIYI_videos_csv_files
35.56943650970755,1.00041027151581,JAIYI_videos_csv_files
35.60113832477859,10.929723313526706,JAIYI_videos_csv_files
35.632840139849634,23.943319325235088,JAIYI_videos_csv_files
35.66454195492067,29.7364482803464,JAIYI_videos_csv_files
35.69624376999172,29.614594509625743,JAIYI_videos_csv_files
35.727945585062756,27.18613190507612,JAIYI_videos_csv_files
35.759647400133794,20.82852436944599,JAIYI_videos_csv_files
35.79134921520484,16.786287979094617,JAIYI_videos_csv_files
35.82305103027588,11.231965755074723,JAIYI_videos_csv_files
35.854752845346916,7.733281952210315,JAIYI_videos_csv_files
35.88645466041796,5.295161623789856,JAIYI_videos_csv_files
35.918156475489,4.0909168265067954,JAIYI_videos_csv_files
35.94985829056004,3.377800153196176,JAIYI_videos_csv_files
35.98156010563108,2.5954122876982506,JAIYI_videos_csv_files
36.01326192070212,2.492972671072869,JAIYI_videos_csv_files
36.04496373577316,3.5344427812024293,JAIYI_videos_csv_files
36.07666555084421,3.292758097327103,JAIYI_videos_csv_files
36.10836736591524,3.3318093164497182,JAIYI_videos_csv_files
36.14006918098628,3.515917157974219,JAIYI_videos_csv_files
36.171770996057326,2.8337252450166712,JAIYI_videos_csv_files
36.20347281112837,2.582527820242052,JAIYI_videos_csv_files
36.2351746261994,12.04445469248042,JAIYI_videos_csv_files
36.26687644127045,14.064530847044312,JAIYI_videos_csv_files
36.298578256341486,13.439769037769546,JAIYI_videos_csv_files
36.33028007141253,13.0985750688652,JAIYI_videos_csv_files
36.36198188648357,10.959722158944505,JAIYI_videos_csv_files
36.39368370155461,12.739365178607349,JAIYI_videos_csv_files
36.425385516625646,9.173339755098532,JAIYI_videos_csv_files
36.45708733169669,4.725397771246079,JAIYI_videos_csv_files
36.48878914676773,3.060581798014589,JAIYI_videos_csv_files
36.52049096183877,3.256524098014692,JAIYI_videos_csv_files
36.55219277690981,3.3380306543127247,JAIYI_videos_csv_files
36.58389459198085,3.4960860005275336,JAIYI_videos_csv_files
36.61559640705189,3.989564666453371,JAIYI_videos_csv_files
36.647298222122934,5.9526211726183895,JAIYI_videos_csv_files
36.67900003719397,5.468246516645866,JAIYI_videos_csv_files
36.71070185226501,3.4725414890719266,JAIYI_videos_csv_files
36.742403667336056,2.083952194421637,JAIYI_videos_csv_files
36.774105482407094,0.5094647917961946,JAIYI_videos_csv_files
36.80580729747813,0.1941969590681093,JAIYI_videos_csv_files
36.83750911254918,0.2192923741302831,JAIYI_videos_csv_files
36.869210927620216,0.6091840785634568,JAIYI_videos_csv_files
36.900912742691254,1.1914672428779507,JAIYI_videos_csv_files
36.9326145577623,3.5963630127670214,JAIYI_videos_csv_files
36.96431637283334,4.935784981795241,JAIYI_videos_csv_files
36.996018187904376,4.736434820117514,JAIYI_videos_csv_files
37.02772000297542,3.963801350755255,JAIYI_videos_csv_files
37.05942181804646,2.3705133666941536,JAIYI_videos_csv_files
37.0911236331175,1.7023258371247594,JAIYI_videos_csv_files
37.12282544818854,1.4367387193312446,JAIYI_videos_csv_files
37.15452726325958,1.278425360385301,JAIYI_videos_csv_files
37.18622907833062,1.20186121539798,JAIYI_videos_csv_files
37.217930893401665,3.619373262927236,JAIYI_videos_csv_files
37.2496327084727,2.3778188472782733,JAIYI_videos_csv_files
37.28133452354374,2.443274994968058,JAIYI_videos_csv_files
37.313036338614786,4.776444943435377,JAIYI_videos_csv_files
37.344738153685824,3.040625347318365,JAIYI_videos_csv_files
37.37643996875686,4.496277563689676,JAIYI_videos_csv_files
37.40814178382791,8.405076630457618,JAIYI_videos_csv_files
37.439843598898946,7.769240728961254,JAIYI_videos_csv_files
37.471545413969984,6.239335841410194,JAIYI_videos_csv_files
37.50324722904103,5.572723341431668,JAIYI_videos_csv_files
37.53494904411207,5.800543683122977,JAIYI_videos_csv_files
37.566650859183106,5.673518798065093,JAIYI_videos_csv_files
37.59835267425415,5.8601088508586425,JAIYI_videos_csv_files
37.63005448932519,5.646794463307336,JAIYI_videos_csv_files
37.66175630439623,5.591619725595306,JAIYI_videos_csv_files
37.69345811946727,5.615901250706341,JAIYI_videos_csv_files
37.72515993453831,5.964566279063365,JAIYI_videos_csv_files
37.75686174960935,5.9992987077595705,JAIYI_videos_csv_files
37.788563564680395,2.2648977134893413,JAIYI_videos_csv_files
37.82026537975143,4.462390983845864,JAIYI_videos_csv_files
37.85196719482247,5.891655942185462,JAIYI_videos_csv_files
37.88366900989352,5.808298237356848,JAIYI_videos_csv_files
37.915370824964555,5.136741971996386,JAIYI_videos_csv_files
37.9470726400356,9.369080417157566,JAIYI_videos_csv_files
37.97877445510664,9.388867542701316,JAIYI_videos_csv_files
38.01047627017768,8.601532496195228,JAIYI_videos_csv_files
38.04217808524872,6.223924293111728,JAIYI_videos_csv_files
38.07387990031976,6.240644866650555,JAIYI_videos_csv_files
38.1055817153908,5.191484742244031,JAIYI_videos_csv_files
38.13728353046184,5.279739692702161,JAIYI_videos_csv_files
38.16898534553288,3.248974964896491,JAIYI_videos_csv_files
38.20068716060392,3.811735855062852,JAIYI_videos_csv_files
38.232388975674965,1.6948956493820604,JAIYI_videos_csv_files
38.264090790746,3.089108113762076,JAIYI_videos_csv_files
38.29579260581704,12.626461106790687,JAIYI_videos_csv_files
38.32749442088809,12.042387439338126,JAIYI_videos_csv_files
38.359196235959125,12.494672113659457,JAIYI_videos_csv_files
38.39089805103016,13.67456601889628,JAIYI_videos_csv_files
38.42259986610121,13.317078564680958,JAIYI_videos_csv_files
38.45430168117225,10.771405740052026,JAIYI_videos_csv_files
38.486003496243285,12.336652061377672,JAIYI_videos_csv_files
38.51770531131433,30.646588962898445,JAIYI_videos_csv_files
38.54940712638537,42.42181118146113,JAIYI_videos_csv_files
38.58110894145641,50.928613215730046,JAIYI_videos_csv_files
38.61281075652745,52.8149428794967,JAIYI_videos_csv_files
38.64451257159849,46.381847776157365,JAIYI_videos_csv_files
38.67621438666953,38.88088626536635,JAIYI_videos_csv_files
38.707916201740574,26.615539767634395,JAIYI_videos_csv_files
38.73961801681161,17.186769193798387,JAIYI_videos_csv_files
38.77131983188265,11.174716066821007,JAIYI_videos_csv_files
38.803021646953695,8.82574282383996,JAIYI_videos_csv_files
38.83472346202473,6.342955085632076,JAIYI_videos_csv_files
38.86642527709577,4.724217675041019,JAIYI_videos_csv_files
38.89812709216682,4.261030564030916,JAIYI_videos_csv_files
38.929828907237855,3.719337655920656,JAIYI_videos_csv_files
38.96153072230889,4.200050100694712,JAIYI_videos_csv_files
38.99323253737994,4.885407752135719,JAIYI_videos_csv_files
39.02493435245098,4.735930929885903,JAIYI_videos_csv_files
39.056636167522015,4.89094630487846,JAIYI_videos_csv_files
39.08833798259306,14.694726329116866,JAIYI_videos_csv_files
39.1200397976641,27.97372658014376,JAIYI_videos_csv_files
39.15174161273514,30.02741627348111,JAIYI_videos_csv_files
39.18344342780618,29.685965833586422,JAIYI_videos_csv_files
39.21514524287722,24.74873268091412,JAIYI_videos_csv_files
39.24684705794826,24.23863475803419,JAIYI_videos_csv_files
39.278548873019304,23.992482922039432,JAIYI_videos_csv_files
39.31025068809034,16.633285756996717,JAIYI_videos_csv_files
39.34195250316138,13.38652098722296,JAIYI_videos_csv_files
39.373654318232425,6.838761334824758,JAIYI_videos_csv_files
39.405356133303464,4.004317874216052,JAIYI_videos_csv_files
39.4370579483745,2.9509929903130465,JAIYI_videos_csv_files
39.46875976344555,2.3826514078601284,JAIYI_videos_csv_files
39.500461578516585,2.4316450845294373,JAIYI_videos_csv_files
39.53216339358762,2.3351361980007272,JAIYI_videos_csv_files
39.56386520865867,2.0896031753220146,JAIYI_videos_csv_files
39.59556702372971,0.8274398737949212,JAIYI_videos_csv_files
39.627268838800745,3.165441315369134,JAIYI_videos_csv_files
39.65897065387179,5.529974553236644,JAIYI_videos_csv_files
39.69067246894283,4.982936633140652,JAIYI_videos_csv_files
39.72237428401387,3.4003720913285616,JAIYI_videos_csv_files
39.75407609908491,3.867642988653256,JAIYI_videos_csv_files
39.78577791415595,2.2520995178691288,JAIYI_videos_csv_files
39.81747972922699,2.7954900148275743,JAIYI_videos_csv_files
39.849181544298034,1.501631967482976,JAIYI_videos_csv_files
39.88088335936907,1.5299098431754354,JAIYI_videos_csv_files
39.91258517444011,1.6519115949188543,JAIYI_videos_csv_files
39.94428698951115,1.411280186889172,JAIYI_videos_csv_files
39.975988804582194,1.3359532262504723,JAIYI_videos_csv_files
40.00769061965323,1.52263847731501,JAIYI_videos_csv_files
40.03939243472428,1.6385930955819208,JAIYI_videos_csv_files
40.071094249795316,1.7533971471704322,JAIYI_videos_csv_files
40.102796064866354,1.8305310437152265,JAIYI_videos_csv_files
40.1344978799374,1.9861300854247028,JAIYI_videos_csv_files
40.16619969500844,1.5633927596933863,JAIYI_videos_csv_files
40.197901510079475,1.1511235439568668,JAIYI_videos_csv_files
40.22960332515052,1.3310614707083182,JAIYI_videos_csv_files
40.26130514022156,1.5419228243066962,JAIYI_videos_csv_files
40.29300695529261,3.3141121105232068,JAIYI_videos_csv_files
40.32470877036364,3.0547286173194563,JAIYI_videos_csv_files
40.35641058543468,2.9334713179739653,JAIYI_videos_csv_files
40.388112400505726,3.8612232134032194,JAIYI_videos_csv_files
40.41981421557677,3.321618092071492,JAIYI_videos_csv_files
40.4515160306478,2.801455296304093,JAIYI_videos_csv_files
40.48321784571885,3.341091077620604,JAIYI_videos_csv_files
40.514919660789886,2.058709157681649,JAIYI_videos_csv_files
40.54662147586093,1.380958049761959,JAIYI_videos_csv_files
40.57832329093197,1.120149453734122,JAIYI_videos_csv_files
40.61002510600301,1.0937940169293223,JAIYI_videos_csv_files
40.641726921074046,1.163555256309778,JAIYI_videos_csv_files
40.67342873614509,1.166785148919982,JAIYI_videos_csv_files
40.70513055121613,1.2142912435026614,JAIYI_videos_csv_files
40.73683236628717,1.5713249577911828,JAIYI_videos_csv_files
40.76853418135821,1.8713038264238344,JAIYI_videos_csv_files
40.80023599642925,3.273419095292163,JAIYI_videos_csv_files
40.83193781150029,2.816358415131994,JAIYI_videos_csv_files
40.863639626571334,4.009472382234633,JAIYI_videos_csv_files
40.89534144164237,4.590304309535261,JAIYI_videos_csv_files
40.92704325671341,3.939929488711029,JAIYI_videos_csv_files
40.958745071784456,5.320810913876447,JAIYI_videos_csv_files
40.990446886855494,4.533536508502851,JAIYI_videos_csv_files
41.02214870192653,4.442334141161009,JAIYI_videos_csv_files
41.05385051699758,3.5933202620855496,JAIYI_videos_csv_files
41.085552332068616,2.5961447004017737,JAIYI_videos_csv_files
41.117254147139654,2.0662124967231943,JAIYI_videos_csv_files
41.1489559622107,1.8116448622371129,JAIYI_videos_csv_files
41.18065777728174,1.7543010117717015,JAIYI_videos_csv_files
41.212359592352776,1.8391593428614437,JAIYI_videos_csv_files
41.24406140742382,1.85346100456688,JAIYI_videos_csv_files
41.27576322249486,1.5141843055283903,JAIYI_videos_csv_files
41.3074650375659,2.096781496991803,JAIYI_videos_csv_files
41.33916685263694,3.245208543527613,JAIYI_videos_csv_files
41.37086866770798,2.315803259363548,JAIYI_videos_csv_files
41.40257048277902,3.541134832121236,JAIYI_videos_csv_files
41.434272297850065,3.19420952218946,JAIYI_videos_csv_files
41.4659741129211,3.5427278842044103,JAIYI_videos_csv_files
41.49767592799214,3.1271257873046854,JAIYI_videos_csv_files
41.529377743063186,3.940984518590824,JAIYI_videos_csv_files
41.561079558134224,4.076865684720799,JAIYI_videos_csv_files
41.59278137320526,4.26809558266654,JAIYI_videos_csv_files
41.62448318827631,4.208304377530261,JAIYI_videos_csv_files
41.656185003347346,4.081166496381564,JAIYI_videos_csv_files
41.687886818418384,4.167328047455649,JAIYI_videos_csv_files
41.71958863348943,4.510170146568163,JAIYI_videos_csv_files
41.75129044856047,4.802077673536359,JAIYI_videos_csv_files
41.782992263631506,5.360999019570495,JAIYI_videos_csv_files
41.81469407870255,4.495253829076799,JAIYI_videos_csv_files
41.84639589377359,2.919386353218305,JAIYI_videos_csv_files
41.87809770884463,2.8551515228548743,JAIYI_videos_csv_files
41.90979952391567,2.3520088256182308,JAIYI_videos_csv_files
41.94150133898671,2.219385239774401,JAIYI_videos_csv_files
41.97320315405775,2.198421401965524,JAIYI_videos_csv_files
42.004904969128795,1.8461641537808824,JAIYI_videos_csv_files
42.03660678419983,3.472330502282805,JAIYI_videos_csv_files
42.06830859927087,3.279496597191461,JAIYI_videos_csv_files
42.10001041434192,4.495543284084209,JAIYI_videos_csv_files
42.131712229412955,4.615594530651171,JAIYI_videos_csv_files
42.16341404448399,4.966719301102647,JAIYI_videos_csv_files
42.19511585955504,5.264052693333104,JAIYI_videos_csv_files
42.22681767462608,5.361370896692114,JAIYI_videos_csv_files
42.258519489697115,5.410008059864271,JAIYI_videos_csv_files
42.29022130476816,5.493264628533663,JAIYI_videos_csv_files
42.3219231198392,5.395058642839555,JAIYI_videos_csv_files
42.35362493491024,6.199316570664401,JAIYI_videos_csv_files
42.38532674998128,3.2340878529330483,JAIYI_videos_csv_files
42.41702856505232,2.3739763082276037,JAIYI_videos_csv_files
42.44873038012336,2.830711385616405,JAIYI_videos_csv_files
42.4804321951944,3.7166945264410978,JAIYI_videos_csv_files
42.51213401026544,3.788369112590024,JAIYI_videos_csv_files
42.54383582533649,3.342524552268614,JAIYI_videos_csv_files
42.575537640407525,3.7166884400866,JAIYI_videos_csv_files
42.60723945547856,4.362567921197344,JAIYI_videos_csv_files
42.63894127054961,2.399212889211497,JAIYI_videos_csv_files
42.67064308562065,3.731327565884997,JAIYI_videos_csv_files
42.702344900691685,3.712356647438298,JAIYI_videos_csv_files
42.73404671576273,3.233295971865886,JAIYI_videos_csv_files
42.76574853083377,2.954777222881527,JAIYI_videos_csv_files
42.79745034590481,2.898232838857301,JAIYI_videos_csv_files
42.82915216097585,3.015916287194099,JAIYI_videos_csv_files
42.86085397604689,3.002617272387616,JAIYI_videos_csv_files
42.89255579111793,2.9139376932122785,JAIYI_videos_csv_files
42.924257606188974,3.5033896640364564,JAIYI_videos_csv_files
42.95595942126001,6.000540371653534,JAIYI_videos_csv_files
42.98766123633105,6.009441745226591,JAIYI_videos_csv_files
43.019363051402095,3.983307590218572,JAIYI_videos_csv_files
43.05106486647313,3.11853186805376,JAIYI_videos_csv_files
43.08276668154417,3.0558057362001247,JAIYI_videos_csv_files
43.11446849661522,1.5536987454849986,JAIYI_videos_csv_files
43.146170311686255,3.134577200821047,JAIYI_videos_csv_files
43.17787212675729,2.045818705638188,JAIYI_videos_csv_files
43.20957394182834,1.1181501294572411,JAIYI_videos_csv_files
43.24127575689938,1.3763024008105085,JAIYI_videos_csv_files
43.272977571970415,1.3264318647881757,JAIYI_videos_csv_files
43.30467938704146,1.7358920672680165,JAIYI_videos_csv_files
43.3363812021125,1.9020513129038887,JAIYI_videos_csv_files
43.36808301718354,1.7969598631510155,JAIYI_videos_csv_files
43.39978483225458,1.9582967621071603,JAIYI_videos_csv_files
43.43148664732562,2.066049096896879,JAIYI_videos_csv_files
43.46318846239666,2.9169779082136027,JAIYI_videos_csv_files
43.494890277467704,5.5285683366127705,JAIYI_videos_csv_files
43.52659209253874,4.298452358849749,JAIYI_videos_csv_files
43.55829390760978,2.947919828738172,JAIYI_videos_csv_files
43.589995722680825,2.391810896293165,JAIYI_videos_csv_files
43.621697537751864,2.2326407826203547,JAIYI_videos_csv_files
43.6533993528229,2.108588309514749,JAIYI_videos_csv_files
43.68510116789395,4.389333191160633,JAIYI_videos_csv_files
43.716802982964985,5.109209541823874,JAIYI_videos_csv_files
43.74850479803602,2.0990225589310723,JAIYI_videos_csv_files
43.78020661310707,1.0183154986583742,JAIYI_videos_csv_files
43.81190842817811,2.068273932175299,JAIYI_videos_csv_files
43.843610243249145,3.3323182523552863,JAIYI_videos_csv_files
43.87531205832019,4.832471961742535,JAIYI_videos_csv_files
43.90701387339123,4.738095271499399,JAIYI_videos_csv_files
43.93871568846227,3.3580556042273537,JAIYI_videos_csv_files
43.97041750353331,4.651621640638863,JAIYI_videos_csv_files
44.00211931860435,6.012366788654579,JAIYI_videos_csv_files
44.03382113367539,6.2422169730378725,JAIYI_videos_csv_files
44.065522948746434,6.848398727983928,JAIYI_videos_csv_files
44.09722476381747,5.782647318403791,JAIYI_videos_csv_files
44.12892657888851,3.426533391427468,JAIYI_videos_csv_files
44.16062839395955,3.870370207176713,JAIYI_videos_csv_files
44.192330209030594,5.48683345467901,JAIYI_videos_csv_files
44.22403202410163,4.172244198949936,JAIYI_videos_csv_files
44.25573383917268,3.1414795328048166,JAIYI_videos_csv_files
44.287435654243716,4.5530658362502034,JAIYI_videos_csv_files
44.319137469314754,6.296832566507645,JAIYI_videos_csv_files
44.3508392843858,5.860895922232992,JAIYI_videos_csv_files
44.38254109945684,5.381678512311083,JAIYI_videos_csv_files
44.414242914527875,5.733150549396104,JAIYI_videos_csv_files
44.44594472959892,5.309645788057523,JAIYI_videos_csv_files
44.47764654466996,4.48541907055344,JAIYI_videos_csv_files
44.509348359741,1.7980747715378862,JAIYI_videos_csv_files
44.54105017481204,1.5056310551063286,JAIYI_videos_csv_files
44.57275198988308,2.57060874379137,JAIYI_videos_csv_files
44.60445380495412,4.066137311827754,JAIYI_videos_csv_files
44.63615562002517,3.969583373257056,JAIYI_videos_csv_files
44.6678574350962,3.539407614737606,JAIYI_videos_csv_files
44.69955925016724,3.538018802968194,JAIYI_videos_csv_files
44.731261065238286,4.528306976385365,JAIYI_videos_csv_files
44.76296288030933,2.0635093231393467,JAIYI_videos_csv_files
44.79466469538036,1.037429545670708,JAIYI_videos_csv_files
44.82636651045141,1.4355959553259814,JAIYI_videos_csv_files
44.858068325522446,1.7836140360946395,JAIYI_videos_csv_files
44.88977014059349,1.6856444190436557,JAIYI_videos_csv_files
44.92147195566453,2.0311105038178674,JAIYI_videos_csv_files
44.95317377073557,2.1495318768719094,JAIYI_videos_csv_files
44.98487558580661,0.9087984701301416,JAIYI_videos_csv_files
45.01657740087765,0.4426214580760594,JAIYI_videos_csv_files
45.04827921594869,1.605576139469298,JAIYI_videos_csv_files
45.079981031019734,1.6917394550451357,JAIYI_videos_csv_files
45.11168284609077,1.9008459896766736,JAIYI_videos_csv_files
45.14338466116181,1.9546345598885653,JAIYI_videos_csv_files
45.175086476232856,1.6571185909933994,JAIYI_videos_csv_files
45.206788291303894,1.178413052391424,JAIYI_videos_csv_files
45.23849010637493,1.4057961017926748,JAIYI_videos_csv_files
45.27019192144598,1.748912679437695,JAIYI_videos_csv_files
45.301893736517016,1.84927769853146,JAIYI_videos_csv_files
45.333595551588054,2.5907397147420173,JAIYI_videos_csv_files
45.3652973666591,3.000610737520504,JAIYI_videos_csv_files
45.39699918173014,2.8960862978568125,JAIYI_videos_csv_files
45.428700996801176,2.9401410795337983,JAIYI_videos_csv_files
45.46040281187222,2.552231635510164,JAIYI_videos_csv_files
45.49210462694326,1.3881323020274403,JAIYI_videos_csv_files
45.5238064420143,1.781901124811036,JAIYI_videos_csv_files
45.55550825708534,2.2332932254340547,JAIYI_videos_csv_files
45.58721007215638,2.2191127495765763,JAIYI_videos_csv_files
45.61891188722742,2.008011939554876,JAIYI_videos_csv_files
45.650613702298465,2.9547598140419256,JAIYI_videos_csv_files
45.6823155173695,2.263220271159392,JAIYI_videos_csv_files
45.71401733244054,1.938036779094283,JAIYI_videos_csv_files
45.745719147511586,1.9229521248991883,JAIYI_videos_csv_files
45.777420962582624,1.9630273216864575,JAIYI_videos_csv_files
45.80912277765366,1.790749928008588,JAIYI_videos_csv_files
45.84082459272471,1.750576887060768,JAIYI_videos_csv_files
45.872526407795746,2.010594520358276,JAIYI_videos_csv_files
45.904228222866784,0.9717188317369368,JAIYI_videos_csv_files
45.93593003793783,0.5967440584342649,JAIYI_videos_csv_files
45.96763185300887,0.8954175157778446,JAIYI_videos_csv_files
45.999333668079906,0.8936287302257994,JAIYI_videos_csv_files
46.03103548315095,0.7986260184593648,JAIYI_videos_csv_files
46.06273729822199,0.6244900602033658,JAIYI_videos_csv_files
46.09443911329303,0.5735432394293342,JAIYI_videos_csv_files
46.12614092836407,0.5686812160190978,JAIYI_videos_csv_files
46.15784274343511,0.6661558705651344,JAIYI_videos_csv_files
46.18954455850615,0.3786495578189596,JAIYI_videos_csv_files
46.221246373577195,0.2183265846336036,JAIYI_videos_csv_files
46.25294818864823,0.3058419023081277,JAIYI_videos_csv_files
46.28465000371927,0.5578418090787441,JAIYI_videos_csv_files
46.31635181879032,0.641504392636284,JAIYI_videos_csv_files
46.348053633861355,0.556292589646594,JAIYI_videos_csv_files
46.37975544893239,0.4897068430655129,JAIYI_videos_csv_files
46.41145726400344,0.5493280340925418,JAIYI_videos_csv_files
46.44315907907448,0.6330024418657627,JAIYI_videos_csv_files
46.474860894145515,0.692922754363028,JAIYI_videos_csv_files
46.50656270921656,0.9361537895650004,JAIYI_videos_csv_files
46.5382645242876,1.1952720732252682,JAIYI_videos_csv_files
46.56996633935864,1.3797266641956163,JAIYI_videos_csv_files
46.60166815442968,1.4850630779094527,JAIYI_videos_csv_files
46.63336996950072,1.3377501907084175,JAIYI_videos_csv_files
46.66507178457176,1.1147869011172034,JAIYI_videos_csv_files
46.6967735996428,1.009859474632553,JAIYI_videos_csv_files
46.72847541471384,3.132611454055315,JAIYI_videos_csv_files
46.76017722978488,2.627655092952453,JAIYI_videos_csv_files
46.791879044855925,7.489416290307696,JAIYI_videos_csv_files
46.82358085992696,14.011635933136638,JAIYI_videos_csv_files
46.855282674998,5.69551046387638,JAIYI_videos_csv_files
46.88698449006905,3.451493132300689,JAIYI_videos_csv_files
46.918686305140085,2.4643704637938764,JAIYI_videos_csv_files
46.95038812021112,2.8197064750611083,JAIYI_videos_csv_files
46.98208993528217,4.168850219067344,JAIYI_videos_csv_files
47.01379175035321,7.63020839789138,JAIYI_videos_csv_files
47.045493565424245,3.11444509898879,JAIYI_videos_csv_files
47.07719538049529,2.297629737288008,JAIYI_videos_csv_files
47.10889719556633,0.4979289900184911,JAIYI_videos_csv_files
47.140599010637374,1.540802409844617,JAIYI_videos_csv_files
47.17230082570841,1.6155044789796682,JAIYI_videos_csv_files
47.20400264077945,4.317350165842622,JAIYI_videos_csv_files
47.235704455850495,2.0483610255471105,JAIYI_videos_csv_files
47.26740627092153,2.5892735741497,JAIYI_videos_csv_files
47.29910808599257,8.891097053070588,JAIYI_videos_csv_files
47.33080990106362,19.84190305785418,JAIYI_videos_csv_files
47.362511716134655,25.37442560628952,JAIYI_videos_csv_files
47.39421353120569,26.720099805213767,JAIYI_videos_csv_files
47.42591534627674,26.05013916334824,JAIYI_videos_csv_files
47.45761716134778,20.30904148270227,JAIYI_videos_csv_files
47.489318976418815,15.61314568784743,JAIYI_videos_csv_files
47.52102079148986,13.4464707564275,JAIYI_videos_csv_files
47.5527226065609,12.607482655812309,JAIYI_videos_csv_files
47.58442442163194,11.464694076955151,JAIYI_videos_csv_files
47.61612623670298,11.102169425226997,JAIYI_videos_csv_files
47.64782805177402,9.059624127939458,JAIYI_videos_csv_files
47.67952986684506,9.74923987275666,JAIYI_videos_csv_files
47.711231681916104,10.00119515558874,JAIYI_videos_csv_files
47.74293349698714,10.233509723253956,JAIYI_videos_csv_files
47.77463531205818,10.307202960835683,JAIYI_videos_csv_files
47.806337127129225,13.046277252909906,JAIYI_videos_csv_files
47.838038942200264,20.190144131593023,JAIYI_videos_csv_files
47.8697407572713,21.96515776508287,JAIYI_videos_csv_files
47.90144257234235,20.40226872832985,JAIYI_videos_csv_files
47.933144387413385,20.53586948503756,JAIYI_videos_csv_files
47.96484620248442,20.203299424314604,JAIYI_videos_csv_files
47.99654801755547,20.478689390410302,JAIYI_videos_csv_files
48.02824983262651,19.41971444117984,JAIYI_videos_csv_files
48.059951647697545,19.59074220638268,JAIYI_videos_csv_files
48.09165346276859,17.095840643873963,JAIYI_videos_csv_files
48.12335527783963,14.706917218736104,JAIYI_videos_csv_files
48.15505709291067,12.349048055753943,JAIYI_videos_csv_files
48.18675890798171,9.014053382333511,JAIYI_videos_csv_files
48.21846072305275,6.73766516371937,JAIYI_videos_csv_files
48.25016253812379,6.426051343588401,JAIYI_videos_csv_files
48.281864353194834,5.806993663709368,JAIYI_videos_csv_files
48.31356616826587,7.338850758734288,JAIYI_videos_csv_files
48.34526798333691,10.61768430207431,JAIYI_videos_csv_files
48.37696979840795,15.179629065398585,JAIYI_videos_csv_files
48.408671613478994,20.510252482632733,JAIYI_videos_csv_files
48.44037342855003,21.544398659491176,JAIYI_videos_csv_files
48.47207524362108,22.11390627909163,JAIYI_videos_csv_files
48.503777058692116,21.366934568468047,JAIYI_videos_csv_files
48.535478873763154,18.210271705067683,JAIYI_videos_csv_files
48.5671806888342,11.73800068150221,JAIYI_videos_csv_files
48.59888250390524,6.32577433673342,JAIYI_videos_csv_files
48.630584318976275,3.4056111267287013,JAIYI_videos_csv_files
48.66228613404732,3.719354569402373,JAIYI_videos_csv_files
48.69398794911836,2.935703973460663,JAIYI_videos_csv_files
48.7256897641894,2.448870551512523,JAIYI_videos_csv_files
48.75739157926044,2.1762492055733884,JAIYI_videos_csv_files
48.78909339433148,1.9194625998441672,JAIYI_videos_csv_files
48.82079520940252,1.8615592073184768,JAIYI_videos_csv_files
48.85249702447357,2.1898481299362835,JAIYI_videos_csv_files
48.8841988395446,2.791965404774832,JAIYI_videos_csv_files
48.91590065461564,14.347843380784342,JAIYI_videos_csv_files
48.947602469686686,17.058476290701016,JAIYI_videos_csv_files
48.97930428475773,12.669241976435742,JAIYI_videos_csv_files
49.01100609982876,8.560443574015162,JAIYI_videos_csv_files
49.04270791489981,7.173018419321597,JAIYI_videos_csv_files
49.074409729970846,5.808732739213764,JAIYI_videos_csv_files
49.10611154504189,5.61406035604349,JAIYI_videos_csv_files
49.13781336011293,5.254947850913481,JAIYI_videos_csv_files
49.16951517518397,3.956734181869272,JAIYI_videos_csv_files
49.201216990255006,3.2346390127674747,JAIYI_videos_csv_files
49.23291880532605,3.0883985451347837,JAIYI_videos_csv_files
49.26462062039709,2.8432871992905997,JAIYI_videos_csv_files
49.29632243546813,2.4691713773639026,JAIYI_videos_csv_files
49.32802425053917,1.9181524060329045,JAIYI_videos_csv_files
49.35972606561021,1.935415526564665,JAIYI_videos_csv_files
49.39142788068125,6.665570972433989,JAIYI_videos_csv_files
49.423129695752294,11.566636515989089,JAIYI_videos_csv_files
49.45483151082333,11.128814940661549,JAIYI_videos_csv_files
49.48653332589438,8.25429136545174,JAIYI_videos_csv_files
49.518235140965416,6.706255282923848,JAIYI_videos_csv_files
49.549936956036454,4.079284015773884,JAIYI_videos_csv_files
49.5816387711075,2.1419416627923527,JAIYI_videos_csv_files
49.61334058617854,0.9465048491988798,JAIYI_videos_csv_files
49.645042401249576,1.939053963328305,JAIYI_videos_csv_files
49.67674421632062,1.4649301179480672,JAIYI_videos_csv_files
49.70844603139166,1.3994631552742305,JAIYI_videos_csv_files
49.7401478464627,1.3254496092405932,JAIYI_videos_csv_files
49.77184966153374,1.2161683263057723,JAIYI_videos_csv_files
49.80355147660478,1.2155199108888035,JAIYI_videos_csv_files
49.83525329167582,1.2538252946684505,JAIYI_videos_csv_files
49.866955106746865,1.2075333809766708,JAIYI_videos_csv_files
49.8986569218179,3.44053866814238,JAIYI_videos_csv_files
49.93035873688894,2.878961009415715,JAIYI_videos_csv_files
49.962060551959986,7.671620453809119,JAIYI_videos_csv_files
49.993762367031024,5.439758153637527,JAIYI_videos_csv_files
50.02546418210206,5.229817449881557,JAIYI_videos_csv_files
50.05716599717311,6.278060925035192,JAIYI_videos_csv_files
50.088867812244146,6.088901130287271,JAIYI_videos_csv_files
50.120569627315184,5.914912093445489,JAIYI_videos_csv_files
50.15227144238623,4.263691416639268,JAIYI_videos_csv_files
50.18397325745727,4.678251012270643,JAIYI_videos_csv_files
50.215675072528306,4.19396787880477,JAIYI_videos_csv_files
50.24737688759935,4.036748217264149,JAIYI_videos_csv_files
50.27907870267039,4.354991058674842,JAIYI_videos_csv_files
50.31078051774143,3.9515861167254265,JAIYI_videos_csv_files
50.34248233281247,3.6864799651292817,JAIYI_videos_csv_files
50.37418414788351,3.281190045583143,JAIYI_videos_csv_files
50.40588596295455,4.924467749248139,JAIYI_videos_csv_files
50.437587778025595,3.3522209605856155,JAIYI_videos_csv_files
50.46928959309663,2.318551254417099,JAIYI_videos_csv_files
50.50099140816767,3.033049022140517,JAIYI_videos_csv_files
50.53269322323872,8.049026304918332,JAIYI_videos_csv_files
50.564395038309755,7.248286435457868,JAIYI_videos_csv_files
50.59609685338079,6.474075131191602,JAIYI_videos_csv_files
50.62779866845184,6.331196044449986,JAIYI_videos_csv_files
50.65950048352288,9.701795550937032,JAIYI_videos_csv_files
50.691202298593915,19.59366546703531,JAIYI_videos_csv_files
50.72290411366496,22.41687230526426,JAIYI_videos_csv_files
50.754605928736,23.8683033893482,JAIYI_videos_csv_files
50.78630774380704,31.58262034303468,JAIYI_videos_csv_files
50.81800955887808,55.61290505813432,JAIYI_videos_csv_files
50.84971137394912,65.26806445239376,JAIYI_videos_csv_files
50.88141318902016,65.91771095765415,JAIYI_videos_csv_files
50.9131150040912,54.91455041227931,JAIYI_videos_csv_files
50.94481681916224,48.52485493382918,JAIYI_videos_csv_files
50.97651863423328,39.2764487104072,JAIYI_videos_csv_files
51.008220449304325,33.18507771471617,JAIYI_videos_csv_files
51.03992226437536,29.969771343604965,JAIYI_videos_csv_files
51.0716240794464,26.82038877210609,JAIYI_videos_csv_files
51.10332589451745,22.47690056252815,JAIYI_videos_csv_files
51.135027709588485,20.421693737415524,JAIYI_videos_csv_files
51.16672952465952,17.3362259529327,JAIYI_videos_csv_files
51.19843133973057,16.737252357754084,JAIYI_videos_csv_files
51.23013315480161,14.569926524498038,JAIYI_videos_csv_files
51.261834969872645,17.11456719406425,JAIYI_videos_csv_files
51.29353678494369,13.561566513529794,JAIYI_videos_csv_files
51.32523860001473,15.10678375962374,JAIYI_videos_csv_files
51.35694041508577,14.115603499408536,JAIYI_videos_csv_files
51.38864223015681,15.162450905350898,JAIYI_videos_csv_files
51.42034404522785,6.291413580677561,JAIYI_videos_csv_files
51.45204586029889,2.1062640313001344,JAIYI_videos_csv_files
51.48374767536993,1.7786417882115173,JAIYI_videos_csv_files
51.51544949044097,1.8054252087467584,JAIYI_videos_csv_files
51.54715130551201,2.585181797847847,JAIYI_videos_csv_files
51.578853120583055,3.2923165868008564,JAIYI_videos_csv_files
51.61055493565409,4.19774305236772,JAIYI_videos_csv_files
51.64225675072513,15.807607266686874,JAIYI_videos_csv_files
51.67395856579618,18.85000272485718,JAIYI_videos_csv_files
51.705660380867215,22.891903729981077,JAIYI_videos_csv_files
51.73736219593826,17.07889076805838,JAIYI_videos_csv_files
51.7690640110093,13.891699757570432,JAIYI_videos_csv_files
51.80076582608034,15.80875873415918,JAIYI_videos_csv_files
51.83246764115138,18.489629258984596,JAIYI_videos_csv_files
51.86416945622242,22.36026411947756,JAIYI_videos_csv_files
51.89587127129346,22.09506934215316,JAIYI_videos_csv_files
51.927573086364504,18.76670173051972,JAIYI_videos_csv_files
51.95927490143554,19.963208699652327,JAIYI_videos_csv_files
51.99097671650658,18.548198079765932,JAIYI_videos_csv_files
52.022678531577625,17.12565723627949,JAIYI_videos_csv_files
52.054380346648664,20.888630314897004,JAIYI_videos_csv_files
52.0860821617197,21.927612981871647,JAIYI_videos_csv_files
52.11778397679075,19.38216709607513,JAIYI_videos_csv_files
52.149485791861785,18.38545451427757,JAIYI_videos_csv_files
52.18118760693282,18.93341086814095,JAIYI_videos_csv_files
52.21288942200387,20.32740739942109,JAIYI_videos_csv_files
52.24459123707491,20.01627544851707,JAIYI_videos_csv_files
52.276293052145945,17.731292010917773,JAIYI_videos_csv_files
52.30799486721699,17.507696985877782,JAIYI_videos_csv_files
52.33969668228803,9.01062970647986,JAIYI_videos_csv_files
52.37139849735907,10.596405160768477,JAIYI_videos_csv_files
52.40310031243011,6.675699961423567,JAIYI_videos_csv_files
52.43480212750115,8.061765218884297,JAIYI_videos_csv_files
52.46650394257219,9.581396114081224,JAIYI_videos_csv_files
52.498205757643234,6.427015984556459,JAIYI_videos_csv_files
52.52990757271427,9.738887481060445,JAIYI_videos_csv_files
52.56160938778531,6.575695246387794,JAIYI_videos_csv_files
52.59331120285635,4.136955533968858,JAIYI_videos_csv_files
52.625013017927394,3.13341316026964,JAIYI_videos_csv_files
52.65671483299843,2.3842279562556143,JAIYI_videos_csv_files
52.68841664806948,3.555564307482263,JAIYI_videos_csv_files
52.720118463140516,2.6012409300238266,JAIYI_videos_csv_files
52.751820278211554,2.287867482709847,JAIYI_videos_csv_files
52.7835220932826,0.9846631686453616,JAIYI_videos_csv_files
52.81522390835364,1.4712196472107013,JAIYI_videos_csv_files
52.846925723424675,1.0604958656659842,JAIYI_videos_csv_files
52.87862753849572,1.4853149597507689,JAIYI_videos_csv_files
52.91032935356676,2.662573397246275,JAIYI_videos_csv_files
52.9420311686378,10.78210929901243,JAIYI_videos_csv_files
52.97373298370884,21.961266612032357,JAIYI_videos_csv_files
53.00543479877988,24.15540893760379,JAIYI_videos_csv_files
53.03713661385092,23.40010002597364,JAIYI_videos_csv_files
53.06883842892197,23.878095579378563,JAIYI_videos_csv_files
53.100540243993,27.89190731769996,JAIYI_videos_csv_files
53.13224205906404,33.006491928102605,JAIYI_videos_csv_files
53.163943874135086,42.47542662413824,JAIYI_videos_csv_files
53.19564568920613,58.07689178345255,JAIYI_videos_csv_files
53.22734750427716,52.99403877746993,JAIYI_videos_csv_files
53.25904931934821,47.679635475124655,JAIYI_videos_csv_files
53.290751134419246,46.50591110958074,JAIYI_videos_csv_files
53.32245294949029,44.05540351070814,JAIYI_videos_csv_files
53.35415476456133,43.77358732935432,JAIYI_videos_csv_files
53.38585657963237,45.454991609480494,JAIYI_videos_csv_files
53.417558394703406,44.05511318604293,JAIYI_videos_csv_files
53.44926020977445,40.46095185830032,JAIYI_videos_csv_files
53.48096202484549,38.33731081934378,JAIYI_videos_csv_files
53.51266383991653,34.193036611171166,JAIYI_videos_csv_files
53.54436565498757,30.61801982335767,JAIYI_videos_csv_files
53.57606747005861,29.39571875172389,JAIYI_videos_csv_files
53.60776928512965,29.93147358070223,JAIYI_videos_csv_files
53.639471100200694,30.273608195536426,JAIYI_videos_csv_files
53.67117291527173,30.431452833880005,JAIYI_videos_csv_files
53.70287473034277,30.17588257740909,JAIYI_videos_csv_files
53.734576545413816,27.66672604106804,JAIYI_videos_csv_files
53.766278360484854,26.424816673212444,JAIYI_videos_csv_files
53.79798017555589,16.04106057153244,JAIYI_videos_csv_files
53.82968199062694,37.03427456926031,JAIYI_videos_csv_files
53.861383805697976,41.5884375718745,JAIYI_videos_csv_files
53.893085620769014,48.2923277135435,JAIYI_videos_csv_files
53.92478743584006,52.90618999305365,JAIYI_videos_csv_files
53.9564892509111,60.24314759494836,JAIYI_videos_csv_files
53.988191065982136,53.76627272619407,JAIYI_videos_csv_files
54.01989288105318,44.07126479612124,JAIYI_videos_csv_files
54.05159469612422,46.253382905822285,JAIYI_videos_csv_files
54.083296511195265,48.80652082421668,JAIYI_videos_csv_files
54.1149983262663,51.8112494380759,JAIYI_videos_csv_files
54.14670014133734,64.37353389547017,JAIYI_videos_csv_files
54.178401956408386,66.13803465968653,JAIYI_videos_csv_files
54.210103771479424,66.5998716382798,JAIYI_videos_csv_files
54.24180558655046,65.74706824238113,JAIYI_videos_csv_files
54.27350740162151,64.87710593751386,JAIYI_videos_csv_files
54.305209216692546,66.73650704457734,JAIYI_videos_csv_files
54.336911031763584,72.29998321972552,JAIYI_videos_csv_files
54.36861284683463,72.62622378574271,JAIYI_videos_csv_files
54.40031466190567,78.96247158924965,JAIYI_videos_csv_files
54.432016476976706,71.3682840499412,JAIYI_videos_csv_files
54.46371829204775,72.25938037353475,JAIYI_videos_csv_files
54.49542010711879,65.50459189699397,JAIYI_videos_csv_files
54.52712192218983,58.61748539937509,JAIYI_videos_csv_files
54.55882373726087,39.20154988145177,JAIYI_videos_csv_files
54.59052555233191,36.31826531725524,JAIYI_videos_csv_files
54.62222736740295,38.87763905936829,JAIYI_videos_csv_files
54.653929182473995,40.56497836349013,JAIYI_videos_csv_files
54.68563099754503,42.03643145601365,JAIYI_videos_csv_files
54.71733281261607,42.427233956969935,JAIYI_videos_csv_files
54.74903462768712,42.40609581430704,JAIYI_videos_csv_files
54.780736442758155,40.20848534939032,JAIYI_videos_csv_files
54.81243825782919,37.06179628628178,JAIYI_videos_csv_files
54.84414007290024,35.826898078524536,JAIYI_videos_csv_files
54.87584188797128,33.60778596485183,JAIYI_videos_csv_files
54.907543703042315,36.42844041706563,JAIYI_videos_csv_files
54.93924551811336,38.546215005839805,JAIYI_videos_csv_files
54.9709473331844,37.76452078496096,JAIYI_videos_csv_files
55.00264914825544,34.79674175359239,JAIYI_videos_csv_files
55.03435096332648,33.844408397774664,JAIYI_videos_csv_files
55.06605277839752,33.18184275247076,JAIYI_videos_csv_files
55.09775459346856,29.31187002251628,JAIYI_videos_csv_files
55.1294564085396,29.91805080729356,JAIYI_videos_csv_files
55.16115822361064,30.885229115442744,JAIYI_videos_csv_files
55.19286003868168,25.852472043211822,JAIYI_videos_csv_files
55.224561853752725,20.58801012244172,JAIYI_videos_csv_files
55.25626366882376,19.86359673505378,JAIYI_videos_csv_files
55.2879654838948,15.16446851173991,JAIYI_videos_csv_files
55.31966729896585,9.055414247751669,JAIYI_videos_csv_files
55.351369114036885,6.808849460090794,JAIYI_videos_csv_files
55.38307092910792,3.523674854648063,JAIYI_videos_csv_files
55.41477274417897,1.222734395213572,JAIYI_videos_csv_files
55.44647455925001,0.3106785947329076,JAIYI_videos_csv_files
55.478176374321045,0.09900813259695,JAIYI_videos_csv_files
55.50987818939209,0.4967715714823672,JAIYI_videos_csv_files
55.54158000446313,0.6094827082113352,JAIYI_videos_csv_files
55.57328181953417,0.7249475887799377,JAIYI_videos_csv_files
55.60498363460521,0.4539956040578488,JAIYI_videos_csv_files
55.63668544967625,0.4310133716587532,JAIYI_videos_csv_files
55.66838726474729,0.4993500519565059,JAIYI_videos_csv_files
55.70008907981833,0.9104704922082674,JAIYI_videos_csv_files
55.73179089488937,3.820668518236376,JAIYI_videos_csv_files
55.76349270996041,13.587593816778522,JAIYI_videos_csv_files
55.795194525031455,20.38396176391944,JAIYI_videos_csv_files
55.82689634010249,22.039112414477984,JAIYI_videos_csv_files
55.85859815517353,21.80665333493308,JAIYI_videos_csv_files
55.89029997024458,18.648328475758056,JAIYI_videos_csv_files
55.922001785315615,16.762166779220756,JAIYI_videos_csv_files
55.95370360038665,8.588289295486721,JAIYI_videos_csv_files
55.9854054154577,5.836867944455324,JAIYI_videos_csv_files
56.01710723052874,4.211048995442159,JAIYI_videos_csv_files
56.048809045599775,4.460474216573084,JAIYI_videos_csv_files
56.08051086067082,6.817477281273389,JAIYI_videos_csv_files
56.11221267574186,5.77874457342713,JAIYI_videos_csv_files
56.1439144908129,4.839060964191078,JAIYI_videos_csv_files
56.17561630588394,3.210260302321378,JAIYI_videos_csv_files
56.20731812095498,2.992117543518145,JAIYI_videos_csv_files
56.23901993602602,2.627317578671025,JAIYI_videos_csv_files
56.270721751097064,2.7398463488144915,JAIYI_videos_csv_files
56.3024235661681,3.2760185611503543,JAIYI_videos_csv_files
56.33412538123915,3.5645981033250926,JAIYI_videos_csv_files
56.365827196310185,4.236874954723977,JAIYI_videos_csv_files
56.39752901138122,5.3102883000897725,JAIYI_videos_csv_files
56.42923082645227,5.685342136277695,JAIYI_videos_csv_files
56.46093264152331,16.483583093299952,JAIYI_videos_csv_files
56.492634456594345,16.737583878495794,JAIYI_videos_csv_files
56.52433627166539,11.988563450880648,JAIYI_videos_csv_files
56.55603808673643,7.225791814361167,JAIYI_videos_csv_files
56.58773990180747,6.717239746500836,JAIYI_videos_csv_files
56.61944171687851,6.299152406348043,JAIYI_videos_csv_files
56.65114353194955,1.8316584431136125,JAIYI_videos_csv_files
56.68284534702059,1.6618196236436469,JAIYI_videos_csv_files
56.714547162091634,2.911748437506453,JAIYI_videos_csv_files
56.74624897716267,3.125184080742587,JAIYI_videos_csv_files
56.77795079223371,3.9616582996585343,JAIYI_videos_csv_files
56.80965260730475,4.42548721313418,JAIYI_videos_csv_files
56.841354422375794,5.320922904252715,JAIYI_videos_csv_files
56.87305623744683,5.8437219909205576,JAIYI_videos_csv_files
56.90475805251788,5.497830057813693,JAIYI_videos_csv_files
56.936459867588916,5.512795977579146,JAIYI_videos_csv_files
56.968161682659954,6.300823034236647,JAIYI_videos_csv_files
56.999863497731,6.152510795221047,JAIYI_videos_csv_files
57.03156531280204,1.6796593955014554,JAIYI_videos_csv_files
57.063267127873075,0.9459998824518784,JAIYI_videos_csv_files
57.09496894294412,1.249317646524155,JAIYI_videos_csv_files
57.12667075801516,1.1755648806633174,JAIYI_videos_csv_files
57.1583725730862,1.2048851704396026,JAIYI_videos_csv_files
57.19007438815724,1.50567733074926,JAIYI_videos_csv_files
57.22177620322828,1.3469041831447153,JAIYI_videos_csv_files
57.25347801829932,0.378727133230819,JAIYI_videos_csv_files
57.28517983337037,0.4192669325005776,JAIYI_videos_csv_files
57.3168816484414,0.4408466425177968,JAIYI_videos_csv_files
57.34858346351244,2.193220163397708,JAIYI_videos_csv_files
57.380285278583486,2.1639125530999586,JAIYI_videos_csv_files
57.41198709365453,1.9357312413139585,JAIYI_videos_csv_files
57.44368890872556,1.874480602185092,JAIYI_videos_csv_files
57.47539072379661,2.0172051240811077,JAIYI_videos_csv_files
57.507092538867646,2.099251924796885,JAIYI_videos_csv_files
57.53879435393869,1.648733398087806,JAIYI_videos_csv_files
57.57049616900973,1.2654986749487576,JAIYI_videos_csv_files
57.60219798408077,0.9919509155383216,JAIYI_videos_csv_files
57.633899799151806,0.8968137280445193,JAIYI_videos_csv_files
57.66560161422285,1.0551329869371715,JAIYI_videos_csv_files
57.69730342929389,2.0392436590811327,JAIYI_videos_csv_files
57.72900524436493,1.5213164739098364,JAIYI_videos_csv_files
57.76070705943597,1.408880215180819,JAIYI_videos_csv_files
57.79240887450701,1.6952109894710974,JAIYI_videos_csv_files
57.82411068957805,4.300649320020809,JAIYI_videos_csv_files
57.855812504649094,2.506804397030292,JAIYI_videos_csv_files
57.88751431972013,1.7038403550385044,JAIYI_videos_csv_files
57.91921613479117,1.250585000347274,JAIYI_videos_csv_files
57.950917949862216,1.2178451750708688,JAIYI_videos_csv_files
57.982619764933254,1.1561391990647667,JAIYI_videos_csv_files
58.01432158000429,1.1664084003130957,JAIYI_videos_csv_files
58.04602339507534,1.1573640747961635,JAIYI_videos_csv_files
58.077725210146376,1.159734687069158,JAIYI_videos_csv_files
58.109427025217414,1.1738874484117852,JAIYI_videos_csv_files
58.14112884028846,0.910279495924367,JAIYI_videos_csv_files
58.1728306553595,1.5048776488444795,JAIYI_videos_csv_files
58.204532470430536,2.150075649909573,JAIYI_videos_csv_files
58.23623428550158,2.441929330742867,JAIYI_videos_csv_files
58.26793610057262,1.6099634860320895,JAIYI_videos_csv_files
58.29963791564366,2.255510722960605,JAIYI_videos_csv_files
58.3313397307147,1.7278439392358451,JAIYI_videos_csv_files
58.36304154578574,2.254516216048654,JAIYI_videos_csv_files
58.39474336085678,2.049885515318165,JAIYI_videos_csv_files
58.426445175927824,1.9355777416049944,JAIYI_videos_csv_files
58.45814699099886,1.825238689528896,JAIYI_videos_csv_files
58.4898488060699,1.7646628689651866,JAIYI_videos_csv_files
58.521550621140946,1.7421839753876185,JAIYI_videos_csv_files
58.553252436211984,1.7577089068611615,JAIYI_videos_csv_files
58.58495425128302,1.7210252180073768,JAIYI_videos_csv_files
58.61665606635407,1.7974016408969369,JAIYI_videos_csv_files
58.648357881425106,1.8826505771693132,JAIYI_videos_csv_files
58.68005969649615,2.1064717003924933,JAIYI_videos_csv_files
58.71176151156719,2.3874262153048877,JAIYI_videos_csv_files
58.74346332663823,3.966417195565064,JAIYI_videos_csv_files
58.77516514170927,3.9995675278346527,JAIYI_videos_csv_files
58.80686695678031,3.342741772283808,JAIYI_videos_csv_files
58.83856877185135,3.391197145627118,JAIYI_videos_csv_files
58.870270586922395,2.2130082909502264,JAIYI_videos_csv_files
58.90197240199343,1.4337901802762076,JAIYI_videos_csv_files
58.93367421706447,1.355547181412065,JAIYI_videos_csv_files
58.96537603213552,1.4171125239886884,JAIYI_videos_csv_files
58.997077847206555,1.8284621636891756,JAIYI_videos_csv_files
59.02877966227759,1.419034020135854,JAIYI_videos_csv_files
59.06048147734864,1.2184449072092374,JAIYI_videos_csv_files
59.09218329241968,1.247504298423422,JAIYI_videos_csv_files
59.123885107490715,1.1848004843622462,JAIYI_videos_csv_files
59.15558692256176,1.086972895438378,JAIYI_videos_csv_files
59.1872887376328,1.191494097300701,JAIYI_videos_csv_files
59.21899055270384,1.2811137224739988,JAIYI_videos_csv_files
59.25069236777488,0.9319735779123138,JAIYI_videos_csv_files
59.28239418284592,1.1718942344224474,JAIYI_videos_csv_files
59.31409599791696,1.8729708417686657,JAIYI_videos_csv_files
59.345797812988,1.831418496127679,JAIYI_videos_csv_files
59.37749962805904,1.6986473023393829,JAIYI_videos_csv_files
59.40920144313008,1.5041463050323718,JAIYI_videos_csv_files
59.440903258201125,2.068787157290944,JAIYI_videos_csv_files
59.47260507327216,2.297034619532368,JAIYI_videos_csv_files
59.5043068883432,0.8796813188180758,JAIYI_videos_csv_files
59.53600870341425,0.6847774751950063,JAIYI_videos_csv_files
59.567710518485285,0.9150549505346088,JAIYI_videos_csv_files
59.59941233355632,1.220321885872402,JAIYI_videos_csv_files
59.63111414862737,1.1702016860223134,JAIYI_videos_csv_files
59.66281596369841,1.1609774517340274,JAIYI_videos_csv_files
59.694517778769445,1.4893005499817036,JAIYI_videos_csv_files
59.72621959384049,1.4965402839499615,JAIYI_videos_csv_files
59.75792140891153,1.5272851062252415,JAIYI_videos_csv_files
59.78962322398257,1.324974839806518,JAIYI_videos_csv_files
59.82132503905361,1.237843157261364,JAIYI_videos_csv_files
59.85302685412465,1.4800285359872107,JAIYI_videos_csv_files
59.88472866919569,4.202794734792659,JAIYI_videos_csv_files
59.91643048426673,8.731995023887805,JAIYI_videos_csv_files
59.94813229933777,4.947673328070428,JAIYI_videos_csv_files
59.97983411440881,3.809147540165652,JAIYI_videos_csv_files
60.011535929479855,6.749340690649777,JAIYI_videos_csv_files
60.04323774455089,10.536362034889915,JAIYI_videos_csv_files
60.07493955962193,8.43904499200079,JAIYI_videos_csv_files
60.10664137469298,7.840584494483452,JAIYI_videos_csv_files
60.138343189764015,23.951993730510463,JAIYI_videos_csv_files
60.17004500483505,26.44968421626662,JAIYI_videos_csv_files
60.2017468199061,18.93454557673912,JAIYI_videos_csv_files
60.23344863497714,11.312664766595988,JAIYI_videos_csv_files
60.265150450048175,4.977420442204112,JAIYI_videos_csv_files
60.29685226511922,2.1333236374552893,JAIYI_videos_csv_files
60.32855408019026,2.1375677757915703,JAIYI_videos_csv_files
60.3602558952613,2.3530041830122865,JAIYI_videos_csv_files
60.39195771033234,2.787357317137844,JAIYI_videos_csv_files
60.42365952540338,5.643343950694521,JAIYI_videos_csv_files
60.45536134047442,4.575297686277689,JAIYI_videos_csv_files
60.487063155545464,2.911980877806921,JAIYI_videos_csv_files
60.5187649706165,2.2286143739747586,JAIYI_videos_csv_files
60.55046678568754,1.8877335215785227,JAIYI_videos_csv_files
60.582168600758585,3.2405069467230514,JAIYI_videos_csv_files
60.61387041582962,2.557081431966398,JAIYI_videos_csv_files
60.64557223090066,1.9561216394612904,JAIYI_videos_csv_files
60.67727404597171,1.6505978654058275,JAIYI_videos_csv_files
60.708975861042745,1.2441631711722014,JAIYI_videos_csv_files
60.74067767611378,1.4359525807909834,JAIYI_videos_csv_files
60.77237949118483,1.5176346312504825,JAIYI_videos_csv_files
60.80408130625587,2.23904764858355,JAIYI_videos_csv_files
60.835783121326905,2.723399217134072,JAIYI_videos_csv_files
60.86748493639795,3.0180534125191616,JAIYI_videos_csv_files
60.89918675146899,2.167163975367289,JAIYI_videos_csv_files
60.930888566540034,7.64392672894472,JAIYI_videos_csv_files
60.96259038161107,4.222078649850567,JAIYI_videos_csv_files
60.99429219668211,4.006795626545704,JAIYI_videos_csv_files
61.02599401175315,2.638453370576641,JAIYI_videos_csv_files
61.057695826824194,4.408794889141826,JAIYI_videos_csv_files
61.08939764189523,1.105402650338304,JAIYI_videos_csv_files
61.12109945696628,2.1932857323433046,JAIYI_videos_csv_files
61.152801272037316,1.777415898584742,JAIYI_videos_csv_files
61.184503087108354,1.398349478586319,JAIYI_videos_csv_files
61.2162049021794,1.154680107200632,JAIYI_videos_csv_files
61.24790671725044,1.0722673221478232,JAIYI_videos_csv_files
61.279608532321475,0.852528687801599,JAIYI_videos_csv_files
61.31131034739252,0.9686337483463184,JAIYI_videos_csv_files
61.34301216246356,0.9158998834401706,JAIYI_videos_csv_files
61.3747139775346,1.0955376604953075,JAIYI_videos_csv_files
61.40641579260564,1.0147373599165692,JAIYI_videos_csv_files
61.43811760767668,1.1030530562360183,JAIYI_videos_csv_files
61.46981942274772,1.1914269337169625,JAIYI_videos_csv_files
61.50152123781877,1.579170915573792,JAIYI_videos_csv_files
61.5332230528898,1.6355940296374836,JAIYI_videos_csv_files
61.56492486796084,2.2071221575117663,JAIYI_videos_csv_files
61.596626683031886,4.93742657981825,JAIYI_videos_csv_files
61.62832849810293,9.194867281648698,JAIYI_videos_csv_files
61.66003031317396,25.688401185133724,JAIYI_videos_csv_files
61.69173212824501,32.40293654683122,JAIYI_videos_csv_files
61.723433943316046,39.451669181986105,JAIYI_videos_csv_files
61.75513575838709,49.82652308796632,JAIYI_videos_csv_files
61.78683757345813,51.79044390895744,JAIYI_videos_csv_files
61.81853938852917,52.50462289287824,JAIYI_videos_csv_files
61.850241203600206,47.85219942520169,JAIYI_videos_csv_files
61.88194301867125,46.1139053815665,JAIYI_videos_csv_files
61.91364483374229,44.99482079280245,JAIYI_videos_csv_files
61.94534664881333,44.17036868378833,JAIYI_videos_csv_files
61.97704846388437,45.317279796618166,JAIYI_videos_csv_files
62.00875027895541,44.829602864590896,JAIYI_videos_csv_files
62.04045209402645,44.47467797473255,JAIYI_videos_csv_files
62.072153909097494,43.70550693757447,JAIYI_videos_csv_files
62.10385572416853,43.05514703665537,JAIYI_videos_csv_files
62.13555753923957,42.82392726041006,JAIYI_videos_csv_files
62.167259354310616,42.60988829360105,JAIYI_videos_csv_files
62.198961169381654,42.62486121717311,JAIYI_videos_csv_files
62.23066298445269,42.86808537713089,JAIYI_videos_csv_files
62.26236479952374,43.20761149336386,JAIYI_videos_csv_files
62.294066614594776,41.82087544299119,JAIYI_videos_csv_files
62.325768429665814,38.17211435716178,JAIYI_videos_csv_files
62.35747024473686,38.13187751235061,JAIYI_videos_csv_files
62.3891720598079,37.281971445916135,JAIYI_videos_csv_files
62.420873874878936,36.830835212601286,JAIYI_videos_csv_files
62.45257568994998,33.88733319593663,JAIYI_videos_csv_files
62.48427750502102,31.957160788390023,JAIYI_videos_csv_files
62.51597932009206,29.99213990286461,JAIYI_videos_csv_files
62.5476811351631,28.527718801371744,JAIYI_videos_csv_files
62.57938295023414,28.29411557342586,JAIYI_videos_csv_files
62.61108476530518,26.697574108231024,JAIYI_videos_csv_files
62.642786580376224,26.95344083069404,JAIYI_videos_csv_files
62.67448839544726,26.96820196729984,JAIYI_videos_csv_files
62.7061902105183,24.76215412769857,JAIYI_videos_csv_files
62.737892025589346,26.270650392140016,JAIYI_videos_csv_files
62.769593840660384,25.769321857681533,JAIYI_videos_csv_files
62.80129565573142,25.71254356484529,JAIYI_videos_csv_files
62.83299747080247,26.14172346167535,JAIYI_videos_csv_files
62.864699285873506,24.18330724641192,JAIYI_videos_csv_files
62.896401100944544,24.40477433057401,JAIYI_videos_csv_files
62.92810291601559,25.350971671192124,JAIYI_videos_csv_files
62.95980473108663,26.604769859899367,JAIYI_videos_csv_files
62.991506546157666,28.24097683150398,JAIYI_videos_csv_files
63.02320836122871,16.495869093155967,JAIYI_videos_csv_files
63.05491017629975,23.1292319712998,JAIYI_videos_csv_files
63.08661199137079,33.61038651696073,JAIYI_videos_csv_files
63.11831380644183,34.83834912124498,JAIYI_videos_csv_files
63.15001562151287,29.35517364224272,JAIYI_videos_csv_files
63.18171743658391,33.378572475403764,JAIYI_videos_csv_files
63.213419251654955,8.681230281626938,JAIYI_videos_csv_files
63.24512106672599,0.3641829529845146,JAIYI_videos_csv_files
63.27682288179704,3.92190333937501,JAIYI_videos_csv_files
63.30852469686808,2.679353883053613,JAIYI_videos_csv_files
63.340226511939115,1.0280340927960787,JAIYI_videos_csv_files
63.37192832701016,1.729368959239775,JAIYI_videos_csv_files
63.4036301420812,0.5003672938379036,JAIYI_videos_csv_files
63.43533195715224,0.7953310748017984,JAIYI_videos_csv_files
63.46703377222328,1.0227275617491896,JAIYI_videos_csv_files
63.49873558729432,1.217041352657819,JAIYI_videos_csv_files
63.53043740236536,1.4759211787997657,JAIYI_videos_csv_files
63.5621392174364,1.284925603127178,JAIYI_videos_csv_files
63.59384103250744,1.0873464076492037,JAIYI_videos_csv_files
63.62554284757848,2.450488630031799,JAIYI_videos_csv_files
63.657244662649525,2.684584783145735,JAIYI_videos_csv_files
63.68894647772056,1.8103514726747247,JAIYI_videos_csv_files
63.7206482927916,2.1863823312090203,JAIYI_videos_csv_files
63.75235010786265,2.2713087477316782,JAIYI_videos_csv_files
63.784051922933685,2.369407300986212,JAIYI_videos_csv_files
63.81575373800472,2.141589383842476,JAIYI_videos_csv_files
63.84745555307577,3.7496794446506576,JAIYI_videos_csv_files
63.87915736814681,4.920206622789982,JAIYI_videos_csv_files
63.910859183217845,4.5014433307309325,JAIYI_videos_csv_files
63.94256099828889,5.660684006632323,JAIYI_videos_csv_files
63.97426281335993,2.984799664279985,JAIYI_videos_csv_files
64.00596462843097,2.229002853792715,JAIYI_videos_csv_files
64.037666443502,2.844216138256479,JAIYI_videos_csv_files
64.06936825857305,4.116840431628869,JAIYI_videos_csv_files
64.1010700736441,5.100169387771435,JAIYI_videos_csv_files
64.13277188871513,6.28175217173584,JAIYI_videos_csv_files
64.16447370378617,5.955057244802775,JAIYI_videos_csv_files
64.19617551885722,12.765343987797635,JAIYI_videos_csv_files
64.22787733392825,8.482264948366968,JAIYI_videos_csv_files
64.2595791489993,10.376356104469853,JAIYI_videos_csv_files
64.29128096407034,10.42608521185408,JAIYI_videos_csv_files
64.32298277914137,5.781162567847038,JAIYI_videos_csv_files
64.35468459421242,3.47947039619731,JAIYI_videos_csv_files
64.38638640928346,2.6909219590675724,JAIYI_videos_csv_files
64.41808822435449,2.680515959649296,JAIYI_videos_csv_files
64.44979003942554,2.975779327983608,JAIYI_videos_csv_files
64.48149185449658,6.657069859282635,JAIYI_videos_csv_files
64.51319366956761,6.118630959170115,JAIYI_videos_csv_files
64.54489548463866,6.326194666533383,JAIYI_videos_csv_files
64.5765972997097,13.574897051775574,JAIYI_videos_csv_files
64.60829911478073,15.269207439954954,JAIYI_videos_csv_files
64.64000092985178,22.637355953765542,JAIYI_videos_csv_files
64.67170274492283,34.166771882127115,JAIYI_videos_csv_files
64.70340455999386,37.422368651629824,JAIYI_videos_csv_files
64.7351063750649,40.227220452147,JAIYI_videos_csv_files
64.76680819013595,34.37328592489241,JAIYI_videos_csv_files
64.79851000520698,30.16669099828438,JAIYI_videos_csv_files
64.83021182027802,25.03094271809967,JAIYI_videos_csv_files
64.86191363534907,21.740271271761628,JAIYI_videos_csv_files
64.8936154504201,25.601070127252264,JAIYI_videos_csv_files
64.92531726549115,22.34183205395938,JAIYI_videos_csv_files
64.95701908056219,23.309890156412703,JAIYI_videos_csv_files
64.98872089563322,20.876633291315223,JAIYI_videos_csv_files
65.02042271070427,17.158506924561813,JAIYI_videos_csv_files
65.05212452577531,17.176361220406914,JAIYI_videos_csv_files
65.08382634084634,21.109052136745497,JAIYI_videos_csv_files
65.11552815591739,20.69280123750082,JAIYI_videos_csv_files
65.14722997098843,18.351708335538987,JAIYI_videos_csv_files
65.17893178605947,18.642411193080736,JAIYI_videos_csv_files
65.21063360113051,9.811389961377694,JAIYI_videos_csv_files
65.24233541620156,17.624609323570297,JAIYI_videos_csv_files
65.27403723127259,19.776596739219265,JAIYI_videos_csv_files
65.30573904634363,20.35008839046564,JAIYI_videos_csv_files
65.33744086141468,14.75130072845166,JAIYI_videos_csv_files
65.36914267648571,14.57323649407608,JAIYI_videos_csv_files
65.40084449155675,14.091478545964817,JAIYI_videos_csv_files
65.4325463066278,14.463335376568404,JAIYI_videos_csv_files
65.46424812169883,21.06393482464977,JAIYI_videos_csv_files
65.49594993676988,23.2714302522575,JAIYI_videos_csv_files
65.52765175184092,25.243395217647087,JAIYI_videos_csv_files
65.55935356691195,28.14382712510457,JAIYI_videos_csv_files
65.591055381983,28.380338812860582,JAIYI_videos_csv_files
65.62275719705404,25.146323364854045,JAIYI_videos_csv_files
65.65445901212507,18.963165313710803,JAIYI_videos_csv_files
65.68616082719612,20.470972337572075,JAIYI_videos_csv_files
65.71786264226716,22.4344041283325,JAIYI_videos_csv_files
65.7495644573382,36.27046843986547,JAIYI_videos_csv_files
65.78126627240924,38.72893425611469,JAIYI_videos_csv_files
65.81296808748029,38.8402795481719,JAIYI_videos_csv_files
65.84466990255132,36.560487338212205,JAIYI_videos_csv_files
65.87637171762236,29.424311106253985,JAIYI_videos_csv_files
65.90807353269341,22.635348302348465,JAIYI_videos_csv_files
65.93977534776444,16.385473502441204,JAIYI_videos_csv_files
65.97147716283548,8.218962160475083,JAIYI_videos_csv_files
66.00317897790653,3.4718271825677536,JAIYI_videos_csv_files
66.03488079297756,1.4627726732823212,JAIYI_videos_csv_files
66.0665826080486,4.44240030859876,JAIYI_videos_csv_files
66.09828442311965,11.382698930946766,JAIYI_videos_csv_files
66.12998623819068,14.474304763211428,JAIYI_videos_csv_files
66.16168805326173,16.413194373989572,JAIYI_videos_csv_files
66.19338986833277,17.445043787539145,JAIYI_videos_csv_files
66.2250916834038,38.100240460952605,JAIYI_videos_csv_files
66.25679349847485,40.75832755061166,JAIYI_videos_csv_files
66.2884953135459,37.90939020475511,JAIYI_videos_csv_files
66.32019712861693,24.54002744546736,JAIYI_videos_csv_files
66.35189894368797,8.218610984576237,JAIYI_videos_csv_files
66.38360075875902,4.5226749797011,JAIYI_videos_csv_files
66.41530257383005,5.196047805463603,JAIYI_videos_csv_files
66.44700438890109,5.891548285870247,JAIYI_videos_csv_files
66.47870620397214,7.68698991177909,JAIYI_videos_csv_files
66.51040801904317,8.183429792822139,JAIYI_videos_csv_files
66.54210983411421,8.137871857154106,JAIYI_videos_csv_files
66.57381164918526,6.904675410000134,JAIYI_videos_csv_files
66.60551346425629,6.75168425912391,JAIYI_videos_csv_files
66.63721527932734,12.53656323680626,JAIYI_videos_csv_files
66.66891709439838,15.166687330186884,JAIYI_videos_csv_files
66.70061890946943,12.061076326396298,JAIYI_videos_csv_files
66.73232072454046,12.063785073629676,JAIYI_videos_csv_files
66.7640225396115,11.715791948589535,JAIYI_videos_csv_files
66.79572435468255,10.037605673263458,JAIYI_videos_csv_files
66.82742616975358,8.226467960891673,JAIYI_videos_csv_files
66.85912798482462,7.100692199188914,JAIYI_videos_csv_files
66.89082979989567,6.958389103289217,JAIYI_videos_csv_files
66.9225316149667,6.848834093625023,JAIYI_videos_csv_files
66.95423343003775,6.654372212884057,JAIYI_videos_csv_files
66.98593524510879,7.210920336844966,JAIYI_videos_csv_files
67.01763706017982,9.73294469876555,JAIYI_videos_csv_files
67.04933887525087,10.92684427481626,JAIYI_videos_csv_files
67.08104069032191,9.746737864874945,JAIYI_videos_csv_files
67.11274250539294,5.8576351591920055,JAIYI_videos_csv_files
67.14444432046399,4.6492330056644455,JAIYI_videos_csv_files
67.17614613553503,3.1751524446041937,JAIYI_videos_csv_files
67.20784795060607,2.2371046111322457,JAIYI_videos_csv_files
67.23954976567711,1.9231204578911376,JAIYI_videos_csv_files
67.27125158074816,2.420639072437234,JAIYI_videos_csv_files
67.30295339581919,3.5615374247277014,JAIYI_videos_csv_files
67.33465521089023,6.1397192610811455,JAIYI_videos_csv_files
67.36635702596128,2.2562064426100865,JAIYI_videos_csv_files
67.39805884103231,0.7489841394739616,JAIYI_videos_csv_files
67.42976065610335,0.3856092399831285,JAIYI_videos_csv_files
67.4614624711744,0.6481294741520338,JAIYI_videos_csv_files
67.49316428624543,0.7838561542061044,JAIYI_videos_csv_files
67.52486610131648,0.0844852768384643,JAIYI_videos_csv_files
67.55656791638752,0.2419212660687926,JAIYI_videos_csv_files
67.58826973145855,0.4216845294456321,JAIYI_videos_csv_files
67.6199715465296,0.5953624911280762,JAIYI_videos_csv_files
67.65167336160064,0.6188173950507778,JAIYI_videos_csv_files
67.68337517667167,2.490681292369644,JAIYI_videos_csv_files
67.71507699174272,3.1121798599461625,JAIYI_videos_csv_files
67.74677880681377,3.283898783965429,JAIYI_videos_csv_files
67.7784806218848,9.377673424121731,JAIYI_videos_csv_files
67.81018243695584,16.96960249398614,JAIYI_videos_csv_files
67.84188425202689,17.48984005199788,JAIYI_videos_csv_files
67.87358606709792,15.440608573213805,JAIYI_videos_csv_files
67.90528788216896,17.181831782299344,JAIYI_videos_csv_files
67.93698969724001,19.2530827445654,JAIYI_videos_csv_files
67.96869151231104,19.58418590415058,JAIYI_videos_csv_files
68.00039332738208,14.200349676424388,JAIYI_videos_csv_files
68.03209514245313,10.116571921154517,JAIYI_videos_csv_files
68.06379695752416,6.558119755457557,JAIYI_videos_csv_files
68.0954987725952,4.555927628207352,JAIYI_videos_csv_files
68.12720058766625,3.7657429492720738,JAIYI_videos_csv_files
68.15890240273728,3.367548119623278,JAIYI_videos_csv_files
68.19060421780833,3.610000999145835,JAIYI_videos_csv_files
68.22230603287937,3.729525550422218,JAIYI_videos_csv_files
68.2540078479504,3.874998078310213,JAIYI_videos_csv_files
68.28570966302145,5.370791158125731,JAIYI_videos_csv_files
68.3174114780925,7.005438783533512,JAIYI_videos_csv_files
68.34911329316353,17.158303083295323,JAIYI_videos_csv_files
68.38081510823457,20.282810068944627,JAIYI_videos_csv_files
68.41251692330562,29.21058794470151,JAIYI_videos_csv_files
68.44421873837665,33.04179225829767,JAIYI_videos_csv_files
68.4759205534477,34.423243328974586,JAIYI_videos_csv_files
68.50762236851874,29.167234432549726,JAIYI_videos_csv_files
68.53932418358977,20.746637453938305,JAIYI_videos_csv_files
68.57102599866082,13.046254051481966,JAIYI_videos_csv_files
68.60272781373186,9.547249179892171,JAIYI_videos_csv_files
68.63442962880289,8.485678186792319,JAIYI_videos_csv_files
68.66613144387394,1.9746311053509933,JAIYI_videos_csv_files
68.69783325894498,0.9246260931272684,JAIYI_videos_csv_files
68.72953507401601,0.6365418584563306,JAIYI_videos_csv_files
68.76123688908706,0.9395790151789736,JAIYI_videos_csv_files
68.7929387041581,1.6707884249107583,JAIYI_videos_csv_files
68.82464051922913,1.327965589777123,JAIYI_videos_csv_files
68.85634233430018,0.9726862523177402,JAIYI_videos_csv_files
68.88804414937123,1.822239352919552,JAIYI_videos_csv_files
68.91974596444226,2.702835543894913,JAIYI_videos_csv_files
68.9514477795133,3.503869034508675,JAIYI_videos_csv_files
68.98314959458435,3.9228948187160553,JAIYI_videos_csv_files
69.01485140965538,4.346834153745344,JAIYI_videos_csv_files
69.04655322472642,4.052820679342007,JAIYI_videos_csv_files
69.07825503979747,2.3586396732150123,JAIYI_videos_csv_files
69.1099568548685,2.786922285103945,JAIYI_videos_csv_files
69.14165866993955,2.7212127155834684,JAIYI_videos_csv_files
69.17336048501059,10.048181615563726,JAIYI_videos_csv_files
69.20506230008162,8.199136410404037,JAIYI_videos_csv_files
69.23676411515267,7.578574309706876,JAIYI_videos_csv_files
69.26846593022371,5.923392786053036,JAIYI_videos_csv_files
69.30016774529474,4.853377165201696,JAIYI_videos_csv_files
69.33186956036579,3.784385118138971,JAIYI_videos_csv_files
69.36357137543683,3.916892581928241,JAIYI_videos_csv_files
69.39527319050787,4.078069169230061,JAIYI_videos_csv_files
69.42697500557891,5.321603125642964,JAIYI_videos_csv_files
69.45867682064996,6.652392924709047,JAIYI_videos_csv_files
69.49037863572099,12.804224464801113,JAIYI_videos_csv_files
69.52208045079203,11.847724029035408,JAIYI_videos_csv_files
69.55378226586308,10.456821911737784,JAIYI_videos_csv_files
69.58548408093411,9.414094853750557,JAIYI_videos_csv_files
69.61718589600515,17.624521920277672,JAIYI_videos_csv_files
69.6488877110762,31.622724498885823,JAIYI_videos_csv_files
69.68058952614723,34.08241571122907,JAIYI_videos_csv_files
69.71229134121828,34.13227605396806,JAIYI_videos_csv_files
69.74399315628932,37.1341512237979,JAIYI_videos_csv_files
69.77569497136035,40.20175172430089,JAIYI_videos_csv_files
69.8073967864314,44.226026223510914,JAIYI_videos_csv_files
69.83909860150244,44.98427282631646,JAIYI_videos_csv_files
69.87080041657347,48.68827484971698,JAIYI_videos_csv_files
69.90250223164452,45.07022139212779,JAIYI_videos_csv_files
69.93420404671556,39.22357457988184,JAIYI_videos_csv_files
69.9659058617866,36.541282272796586,JAIYI_videos_csv_files
69.99760767685764,30.8561376208106,JAIYI_videos_csv_files
70.02930949192869,30.838656520593837,JAIYI_videos_csv_files
70.06101130699972,30.33455541172534,JAIYI_videos_csv_files
70.09271312207076,29.509337938875007,JAIYI_videos_csv_files
70.12441493714181,25.59660621833666,JAIYI_videos_csv_files
70.15611675221284,25.26642789799886,JAIYI_videos_csv_files
70.18781856728388,24.10580448221257,JAIYI_videos_csv_files
70.21952038235493,22.0635931676446,JAIYI_videos_csv_files
70.25122219742596,20.264406643859985,JAIYI_videos_csv_files
70.282924012497,22.786437469726955,JAIYI_videos_csv_files
70.31462582756805,25.20538289338932,JAIYI_videos_csv_files
70.34632764263908,24.882978581382837,JAIYI_videos_csv_files
70.37802945771013,26.52026048023609,JAIYI_videos_csv_files
70.40973127278117,28.649276357199675,JAIYI_videos_csv_files
70.4414330878522,32.02560069197357,JAIYI_videos_csv_files
70.47313490292325,37.6423666339002,JAIYI_videos_csv_files
70.5048367179943,54.33245026792416,JAIYI_videos_csv_files
70.53653853306533,55.93111602918044,JAIYI_videos_csv_files
70.56824034813637,58.86603085106504,JAIYI_videos_csv_files
70.59994216320742,57.10456417953005,JAIYI_videos_csv_files
70.63164397827845,53.95485523297524,JAIYI_videos_csv_files
70.66334579334949,53.51302058978759,JAIYI_videos_csv_files
70.69504760842054,42.87065645376457,JAIYI_videos_csv_files
70.72674942349157,30.54842685577225,JAIYI_videos_csv_files
70.75845123856261,20.78267905407792,JAIYI_videos_csv_files
70.79015305363366,10.536960801604945,JAIYI_videos_csv_files
70.82185486870469,6.178865503248127,JAIYI_videos_csv_files
70.85355668377574,6.301823016434288,JAIYI_videos_csv_files
70.88525849884678,7.522882521840357,JAIYI_videos_csv_files
70.91696031391781,5.551881214936582,JAIYI_videos_csv_files
70.94866212898886,7.630904780678638,JAIYI_videos_csv_files
70.9803639440599,8.45858491644184,JAIYI_videos_csv_files
71.01206575913093,8.742751734717146,JAIYI_videos_csv_files
71.04376757420198,8.900505698527224,JAIYI_videos_csv_files
71.07546938927302,4.700904702049217,JAIYI_videos_csv_files
71.10717120434406,3.29514574404869,JAIYI_videos_csv_files
71.1388730194151,2.892643502456375,JAIYI_videos_csv_files
71.17057483448615,1.1920328468442063,JAIYI_videos_csv_files
71.20227664955718,1.477752985679321,JAIYI_videos_csv_files
71.23397846462822,1.3444353084973577,JAIYI_videos_csv_files
71.26568027969927,1.6850584561846802,JAIYI_videos_csv_files
71.29738209477031,1.8336712632219436,JAIYI_videos_csv_files
71.32908390984134,2.749675229885677,JAIYI_videos_csv_files
71.36078572491239,2.745576663164117,JAIYI_videos_csv_files
71.39248753998343,2.836377581389815,JAIYI_videos_csv_files
71.42418935505447,10.70531709260956,JAIYI_videos_csv_files
71.45589117012551,14.116192143051997,JAIYI_videos_csv_files
71.48759298519656,11.371293729330516,JAIYI_videos_csv_files
71.51929480026759,19.31511707445086,JAIYI_videos_csv_files
71.55099661533863,21.38747846124417,JAIYI_videos_csv_files
71.58269843040968,19.13663273048443,JAIYI_videos_csv_files
71.61440024548071,17.407963631002534,JAIYI_videos_csv_files
71.64610206055175,9.499411342658687,JAIYI_videos_csv_files
71.6778038756228,8.382343563672714,JAIYI_videos_csv_files
71.70950569069383,7.098145520878299,JAIYI_videos_csv_files
71.74120750576488,2.681758959280078,JAIYI_videos_csv_files
71.77290932083592,3.1961548116226983,JAIYI_videos_csv_files
71.80461113590695,3.714803223352788,JAIYI_videos_csv_files
71.836312950978,8.09620947075965,JAIYI_videos_csv_files
71.86801476604904,16.677109125383083,JAIYI_videos_csv_files
71.89971658112007,26.044441050852477,JAIYI_videos_csv_files
71.93141839619112,33.9975812178291,JAIYI_videos_csv_files
71.96312021126217,39.72966617216037,JAIYI_videos_csv_files
71.9948220263332,39.83873688082753,JAIYI_videos_csv_files
72.02652384140424,40.91510783364716,JAIYI_videos_csv_files
72.05822565647529,31.59638990303177,JAIYI_videos_csv_files
72.08992747154632,16.62177146804819,JAIYI_videos_csv_files
72.12162928661736,10.552542864102682,JAIYI_videos_csv_files
72.15333110168841,16.314492431205863,JAIYI_videos_csv_files
72.18503291675944,10.213344313945557,JAIYI_videos_csv_files
72.21673473183048,6.128260828249553,JAIYI_videos_csv_files
72.24843654690153,9.720028157858764,JAIYI_videos_csv_files
72.28013836197256,14.55633687804434,JAIYI_videos_csv_files
72.3118401770436,12.74084990066467,JAIYI_videos_csv_files
72.34354199211465,12.476519260518064,JAIYI_videos_csv_files
72.37524380718568,14.320934282183016,JAIYI_videos_csv_files
72.40694562225673,11.73493845364676,JAIYI_videos_csv_files
72.43864743732777,11.890076088087632,JAIYI_videos_csv_files
72.4703492523988,9.991645679435026,JAIYI_videos_csv_files
72.50205106746985,6.252275951833136,JAIYI_videos_csv_files
72.5337528825409,3.786844383008342,JAIYI_videos_csv_files
72.56545469761193,2.6001795997674657,JAIYI_videos_csv_files
72.59715651268297,1.937476386227147,JAIYI_videos_csv_files
72.62885832775402,1.6780545708581296,JAIYI_videos_csv_files
72.66056014282505,1.3568566090575256,JAIYI_videos_csv_files
72.6922619578961,1.3024525305336452,JAIYI_videos_csv_files
72.72396377296714,1.1824826106435589,JAIYI_videos_csv_files
72.75566558803817,1.1791172513357728,JAIYI_videos_csv_files
72.78736740310922,1.1063262756946968,JAIYI_videos_csv_files
72.81906921818026,1.0925235862906792,JAIYI_videos_csv_files
72.85077103325129,1.103821182856555,JAIYI_videos_csv_files
72.88247284832234,1.0230765301996296,JAIYI_videos_csv_files
72.91417466339338,1.2059886327234008,JAIYI_videos_csv_files
72.94587647846441,1.8859370867123488,JAIYI_videos_csv_files
72.97757829353546,3.1451437093092034,JAIYI_videos_csv_files
73.0092801086065,6.640481988368686,JAIYI_videos_csv_files
73.04098192367753,11.763813228781242,JAIYI_videos_csv_files
73.07268373874858,22.35571554622943,JAIYI_videos_csv_files
73.10438555381963,17.765379085641367,JAIYI_videos_csv_files
73.13608736889066,10.22966685183622,JAIYI_videos_csv_files
73.1677891839617,7.322684052568912,JAIYI_videos_csv_files
73.19949099903275,10.473889157897167,JAIYI_videos_csv_files
73.23119281410378,6.351251984994503,JAIYI_videos_csv_files
73.26289462917482,1.7347748733210089,JAIYI_videos_csv_files
73.29459644424587,0.4269531197666774,JAIYI_videos_csv_files
73.3262982593169,0.7883650420389208,JAIYI_videos_csv_files
73.35800007438795,2.2331500513359672,JAIYI_videos_csv_files
73.38970188945899,2.688464994717454,JAIYI_videos_csv_files
73.42140370453002,2.351451837164708,JAIYI_videos_csv_files
73.45310551960107,1.5660745289046083,JAIYI_videos_csv_files
73.48480733467211,1.4790059870011203,JAIYI_videos_csv_files
73.51650914974314,1.4187120005212956,JAIYI_videos_csv_files
73.54821096481419,2.1906098900269475,JAIYI_videos_csv_files
73.57991277988523,2.793197202067883,JAIYI_videos_csv_files
73.61161459495627,4.628387083887881,JAIYI_videos_csv_files
73.64331641002731,4.6270187568134205,JAIYI_videos_csv_files
73.67501822509836,1.9169288379043108,JAIYI_videos_csv_files
73.70672004016939,1.838076522378192,JAIYI_videos_csv_files
73.73842185524043,1.0551248880459028,JAIYI_videos_csv_files
73.77012367031148,1.9802213659007568,JAIYI_videos_csv_files
73.80182548538251,2.3395361487995587,JAIYI_videos_csv_files
73.83352730045355,2.7386109697259724,JAIYI_videos_csv_files
73.8652291155246,2.566475074357008,JAIYI_videos_csv_files
73.89693093059563,2.366181729095176,JAIYI_videos_csv_files
73.92863274566668,2.280001546836811,JAIYI_videos_csv_files
73.96033456073772,2.226550217113815,JAIYI_videos_csv_files
73.99203637580875,1.1148230980946596,JAIYI_videos_csv_files
74.0237381908798,2.2318174467603367,JAIYI_videos_csv_files
74.05544000595084,4.854648918618512,JAIYI_videos_csv_files
74.08714182102187,13.32666252354304,JAIYI_videos_csv_files
74.11884363609292,17.09560858554038,JAIYI_videos_csv_files
74.15054545116396,17.409825110215568,JAIYI_videos_csv_files
74.182247266235,16.929101168307252,JAIYI_videos_csv_files
74.21394908130604,14.245431977390778,JAIYI_videos_csv_files
74.24565089637709,13.06448796662514,JAIYI_videos_csv_files
74.27735271144812,10.851530216725788,JAIYI_videos_csv_files
74.30905452651916,8.976684522762616,JAIYI_videos_csv_files
74.34075634159021,6.443794522602383,JAIYI_videos_csv_files
74.37245815666124,4.814955416881045,JAIYI_videos_csv_files
74.40415997173228,4.014684286672283,JAIYI_videos_csv_files
74.43586178680333,3.710555720377804,JAIYI_videos_csv_files
74.46756360187436,2.18045706167958,JAIYI_videos_csv_files
74.4992654169454,1.5256573358417216,JAIYI_videos_csv_files
74.53096723201645,1.413827688977982,JAIYI_videos_csv_files
74.56266904708748,1.7198693895128545,JAIYI_videos_csv_files
74.59437086215853,1.8492183812742768,JAIYI_videos_csv_files
74.62607267722957,1.7902209290265452,JAIYI_videos_csv_files
74.6577744923006,2.150940533661464,JAIYI_videos_csv_files
74.68947630737165,2.044390407644631,JAIYI_videos_csv_files
74.7211781224427,2.391524527747165,JAIYI_videos_csv_files
74.75287993751373,3.083821406464674,JAIYI_videos_csv_files
74.78458175258477,5.130875872663028,JAIYI_videos_csv_files
74.81628356765582,5.929575728702719,JAIYI_videos_csv_files
74.84798538272685,4.496741349268671,JAIYI_videos_csv_files
74.87968719779789,3.897372824068552,JAIYI_videos_csv_files
74.91138901286894,1.6541021074373128,JAIYI_videos_csv_files
74.94309082793997,1.2330181484625724,JAIYI_videos_csv_files
74.97479264301101,0.8809544817140322,JAIYI_videos_csv_files
75.00649445808206,2.3355465187346627,JAIYI_videos_csv_files
75.03819627315309,0.7484991788696544,JAIYI_videos_csv_files
75.06989808822414,2.517299891606417,JAIYI_videos_csv_files
75.10159990329518,1.5432859117965014,JAIYI_videos_csv_files
75.13330171836621,1.044949852579738,JAIYI_videos_csv_files
75.16500353343726,0.8702658516166044,JAIYI_videos_csv_files
75.1967053485083,1.6401136781924248,JAIYI_videos_csv_files
75.22840716357933,1.9549728062261416,JAIYI_videos_csv_files
75.26010897865038,2.3607424773844863,JAIYI_videos_csv_files
75.29181079372142,1.5925803970105306,JAIYI_videos_csv_files
75.32351260879246,0.960967981565217,JAIYI_videos_csv_files
75.3552144238635,0.4661543755164271,JAIYI_videos_csv_files
75.38691623893455,1.1717773979722954,JAIYI_videos_csv_files
75.41861805400558,0.983460437240522,JAIYI_videos_csv_files
75.45031986907662,0.6243104157399645,JAIYI_videos_csv_files
75.48202168414767,2.4946559829598782,JAIYI_videos_csv_files
75.5137234992187,2.428394332672453,JAIYI_videos_csv_files
75.54542531428974,1.0030092868004952,JAIYI_videos_csv_files
75.57712712936079,0.7282648395363879,JAIYI_videos_csv_files
75.60882894443182,0.6486052719436045,JAIYI_videos_csv_files
75.64053075950287,0.6717520686270599,JAIYI_videos_csv_files
75.67223257457391,0.8914537180958372,JAIYI_videos_csv_files
75.70393438964494,0.5522454034175307,JAIYI_videos_csv_files
75.73563620471599,0.2220832844327562,JAIYI_videos_csv_files
75.76733801978703,0.9186672242454552,JAIYI_videos_csv_files
75.79903983485806,3.722562541657368,JAIYI_videos_csv_files
75.83074164992911,4.228387341522917,JAIYI_videos_csv_files
75.86244346500015,3.090939071644796,JAIYI_videos_csv_files
75.8941452800712,10.856056512339054,JAIYI_videos_csv_files
75.92584709514223,15.115858455188912,JAIYI_videos_csv_files
75.95754891021328,16.613353432126075,JAIYI_videos_csv_files
75.98925072528432,24.60384055954301,JAIYI_videos_csv_files
76.02095254035535,33.52149802428085,JAIYI_videos_csv_files
76.0526543554264,35.14871104219739,JAIYI_videos_csv_files
76.08435617049744,32.76548568845331,JAIYI_videos_csv_files
76.11605798556847,32.27734315822908,JAIYI_videos_csv_files
76.14775980063952,28.11193153135224,JAIYI_videos_csv_files
76.17946161571057,13.104261770407252,JAIYI_videos_csv_files
76.2111634307816,1.6267563945008354,JAIYI_videos_csv_files
76.24286524585264,0.707494897988243,JAIYI_videos_csv_files
76.27456706092369,0.4808913847724309,JAIYI_videos_csv_files
76.30626887599472,1.0560211457966588,JAIYI_videos_csv_files
76.33797069106576,0.547830589723996,JAIYI_videos_csv_files
76.36967250613681,1.107068314379638,JAIYI_videos_csv_files
76.40137432120784,1.900457514695837,JAIYI_videos_csv_files
76.43307613627888,2.7794157370304933,JAIYI_videos_csv_files
76.46477795134993,2.9793459985327013,JAIYI_videos_csv_files
76.49647976642096,3.531901229833294,JAIYI_videos_csv_files
76.528181581492,4.00867126518957,JAIYI_videos_csv_files
76.55988339656305,4.610124542676005,JAIYI_videos_csv_files
76.59158521163408,5.145781852271506,JAIYI_videos_csv_files
76.62328702670513,5.636158588918865,JAIYI_videos_csv_files
76.65498884177617,5.95119765495305,JAIYI_videos_csv_files
76.6866906568472,6.351274191465162,JAIYI_videos_csv_files
76.71839247191825,6.528427844619726,JAIYI_videos_csv_files
76.7500942869893,7.029783374015377,JAIYI_videos_csv_files
76.78179610206033,6.919686244495994,JAIYI_videos_csv_files
76.81349791713137,6.272583338901184,JAIYI_videos_csv_files
76.84519973220242,5.419770931033924,JAIYI_videos_csv_files
76.87690154727345,8.185828342933165,JAIYI_videos_csv_files
76.9086033623445,13.695002465018424,JAIYI_videos_csv_files
76.94030517741554,20.832270048129512,JAIYI_videos_csv_files
76.97200699248657,26.92828385372782,JAIYI_videos_csv_files
77.00370880755762,30.3527347816883,JAIYI_videos_csv_files
77.03541062262866,29.88932099521942,JAIYI_videos_csv_files
77.06711243769969,30.019950110419774,JAIYI_videos_csv_files
77.09881425277074,27.18346066835416,JAIYI_videos_csv_files
77.13051606784178,26.111973100953477,JAIYI_videos_csv_files
77.16221788291281,14.033401881724425,JAIYI_videos_csv_files
77.19391969798386,10.787666434066011,JAIYI_videos_csv_files
77.2256215130549,8.996973726253138,JAIYI_videos_csv_files
77.25732332812593,11.15907124979016,JAIYI_videos_csv_files
77.28902514319698,11.026866223789195,JAIYI_videos_csv_files
77.32072695826803,7.724025783418432,JAIYI_videos_csv_files
77.35242877333906,5.703598878947465,JAIYI_videos_csv_files
77.3841305884101,4.939604967387751,JAIYI_videos_csv_files
77.41583240348115,11.549949329090504,JAIYI_videos_csv_files
77.44753421855218,17.381267648010738,JAIYI_videos_csv_files
77.47923603362322,24.630447454505283,JAIYI_videos_csv_files
77.51093784869427,32.30401013878203,JAIYI_videos_csv_files
77.5426396637653,49.68486094575167,JAIYI_videos_csv_files
77.57434147883635,66.95322389611484,JAIYI_videos_csv_files
77.60604329390739,72.48315816997352,JAIYI_videos_csv_files
77.63774510897842,76.16707200900977,JAIYI_videos_csv_files
77.66944692404947,78.48815552844681,JAIYI_videos_csv_files
77.70114873912051,76.92654290480635,JAIYI_videos_csv_files
77.73285055419154,68.34793939029629,JAIYI_videos_csv_files
77.76455236926259,57.50836700045701,JAIYI_videos_csv_files
77.79625418433363,36.08175598229042,JAIYI_videos_csv_files
77.82795599940467,15.24229903641624,JAIYI_videos_csv_files
77.85965781447571,15.384623013083026,JAIYI_videos_csv_files
77.89135962954676,25.367469845294316,JAIYI_videos_csv_files
77.92306144461779,47.13768921192209,JAIYI_videos_csv_files
77.95476325968883,51.01024154699744,JAIYI_videos_csv_files
77.98646507475988,48.47034272119968,JAIYI_videos_csv_files
78.01816688983091,42.886797245957176,JAIYI_videos_csv_files
78.04986870490195,36.95896445661168,JAIYI_videos_csv_files
78.081570519973,32.68373257102438,JAIYI_videos_csv_files
78.11327233504403,31.1518302123609,JAIYI_videos_csv_files
78.14497415011508,30.88529702600934,JAIYI_videos_csv_files
78.17667596518612,26.48767366930033,JAIYI_videos_csv_files
78.20837778025715,23.46551696930965,JAIYI_videos_csv_files
78.2400795953282,19.971665175270203,JAIYI_videos_csv_files
78.27178141039924,17.338796220336388,JAIYI_videos_csv_files
78.30348322547027,15.03589366541476,JAIYI_videos_csv_files
78.33518504054132,13.74976973915771,JAIYI_videos_csv_files
78.36688685561236,12.634168116617168,JAIYI_videos_csv_files
78.3985886706834,12.021393908351545,JAIYI_videos_csv_files
78.43029048575444,12.3951558754978,JAIYI_videos_csv_files
78.46199230082549,13.25919162853895,JAIYI_videos_csv_files
78.49369411589652,20.63640979442489,JAIYI_videos_csv_files
78.52539593096756,29.203154237464226,JAIYI_videos_csv_files
78.55709774603861,25.586620891722948,JAIYI_videos_csv_files
78.58879956110964,24.30854239088196,JAIYI_videos_csv_files
78.62050137618068,22.963742814410654,JAIYI_videos_csv_files
78.65220319125173,22.92146616240277,JAIYI_videos_csv_files
78.68390500632276,22.41518090886918,JAIYI_videos_csv_files
78.7156068213938,21.555263893294377,JAIYI_videos_csv_files
78.74730863646485,17.851452467950516,JAIYI_videos_csv_files
78.77901045153588,15.500971243014789,JAIYI_videos_csv_files
78.81071226660693,12.390591477870508,JAIYI_videos_csv_files
78.84241408167797,10.171426934400596,JAIYI_videos_csv_files
78.874115896749,8.741353187546544,JAIYI_videos_csv_files
78.90581771182005,7.849132783620151,JAIYI_videos_csv_files
78.9375195268911,8.7055027872669,JAIYI_videos_csv_files
78.96922134196213,9.971680679429303,JAIYI_videos_csv_files
79.00092315703317,10.42830279108245,JAIYI_videos_csv_files
79.03262497210422,25.65568447002729,JAIYI_videos_csv_files
79.06432678717525,26.43009233100934,JAIYI_videos_csv_files
79.09602860224629,23.47184172494372,JAIYI_videos_csv_files
79.12773041731734,19.858646814885144,JAIYI_videos_csv_files
79.15943223238837,18.002089258682933,JAIYI_videos_csv_files
79.19113404745941,18.705255409336157,JAIYI_videos_csv_files
79.22283586253046,19.140269687822585,JAIYI_videos_csv_files
79.25453767760149,18.75955545179808,JAIYI_videos_csv_files
79.28623949267254,17.546211409323952,JAIYI_videos_csv_files
79.31794130774358,12.558398137431642,JAIYI_videos_csv_files
79.34964312281461,8.160801009759304,JAIYI_videos_csv_files
79.38134493788566,6.7964770283738565,JAIYI_videos_csv_files
79.4130467529567,6.772361284094242,JAIYI_videos_csv_files
79.44474856802773,7.117911968697635,JAIYI_videos_csv_files
79.47645038309878,7.241453186593818,JAIYI_videos_csv_files
79.50815219816982,7.715397153556721,JAIYI_videos_csv_files
79.53985401324086,10.023190685416992,JAIYI_videos_csv_files
79.5715558283119,18.061905608325656,JAIYI_videos_csv_files
79.60325764338295,21.97613022837179,JAIYI_videos_csv_files
79.63495945845398,20.296528519295407,JAIYI_videos_csv_files
79.66666127352502,19.88495737628979,JAIYI_videos_csv_files
79.69836308859607,18.52980199412297,JAIYI_videos_csv_files
79.7300649036671,15.173737275781882,JAIYI_videos_csv_files
79.76176671873814,13.02911390439434,JAIYI_videos_csv_files
79.79346853380919,8.656329939065586,JAIYI_videos_csv_files
79.82517034888022,4.442515468886063,JAIYI_videos_csv_files
79.85687216395127,2.4900629675224284,JAIYI_videos_csv_files
79.88857397902231,1.632157557535516,JAIYI_videos_csv_files
79.92027579409334,2.091023508156805,JAIYI_videos_csv_files
79.95197760916439,2.802470875657744,JAIYI_videos_csv_files
79.98367942423543,3.4578308769434054,JAIYI_videos_csv_files
80.01538123930646,4.049559916455167,JAIYI_videos_csv_files
80.04708305437751,4.338797979513083,JAIYI_videos_csv_files
80.07878486944855,4.302433890540641,JAIYI_videos_csv_files
80.11048668451959,17.367582892097772,JAIYI_videos_csv_files
80.14218849959063,17.969684308386487,JAIYI_videos_csv_files
80.17389031466168,19.20981824456496,JAIYI_videos_csv_files
80.20559212973271,15.864482260028108,JAIYI_videos_csv_files
80.23729394480375,13.97870786978426,JAIYI_videos_csv_files
80.2689957598748,13.093365622651564,JAIYI_videos_csv_files
80.30069757494583,13.911321540970482,JAIYI_videos_csv_files
80.33239939001687,13.34755321978285,JAIYI_videos_csv_files
80.36410120508792,13.42292412836036,JAIYI_videos_csv_files
80.39580302015895,11.35244981180791,JAIYI_videos_csv_files
80.42750483523,10.668882870271911,JAIYI_videos_csv_files
80.45920665030104,10.688582944603429,JAIYI_videos_csv_files
80.49090846537209,10.383184664789024,JAIYI_videos_csv_files
80.52261028044312,9.850899768225515,JAIYI_videos_csv_files
80.55431209551416,8.924898294775469,JAIYI_videos_csv_files
80.58601391058521,9.348742802586608,JAIYI_videos_csv_files
80.61771572565624,16.053912816278753,JAIYI_videos_csv_files
80.64941754072728,20.189477644892435,JAIYI_videos_csv_files
80.68111935579833,16.14716460381417,JAIYI_videos_csv_files
80.71282117086936,12.007549158360998,JAIYI_videos_csv_files
80.7445229859404,9.129054088980077,JAIYI_videos_csv_files
80.77622480101145,7.138698444415102,JAIYI_videos_csv_files
80.80792661608248,6.31411516429125,JAIYI_videos_csv_files
80.83962843115353,3.990717746090283,JAIYI_videos_csv_files
80.87133024622457,3.0816548678858577,JAIYI_videos_csv_files
80.9030320612956,2.0277330028483336,JAIYI_videos_csv_files
80.93473387636665,1.5797619771214388,JAIYI_videos_csv_files
80.9664356914377,1.696564455742791,JAIYI_videos_csv_files
80.99813750650873,1.8753128193368584,JAIYI_videos_csv_files
81.02983932157977,1.879385159337017,JAIYI_videos_csv_files
81.06154113665082,0.8516884615047144,JAIYI_videos_csv_files
81.09324295172185,0.9633356717757434,JAIYI_videos_csv_files
81.1249447667929,1.03855498475622,JAIYI_videos_csv_files
81.15664658186394,1.206465852173839,JAIYI_videos_csv_files
81.18834839693497,0.99779855587302,JAIYI_videos_csv_files
81.22005021200602,1.8156965651422,JAIYI_videos_csv_files
81.25175202707706,0.7183566113080985,JAIYI_videos_csv_files
81.28345384214809,2.580645270659804,JAIYI_videos_csv_files
81.31515565721914,2.509347244820201,JAIYI_videos_csv_files
81.34685747229018,1.7328667312685482,JAIYI_videos_csv_files
81.37855928736121,1.1512944776792464,JAIYI_videos_csv_files
81.41026110243226,2.9687446113263154,JAIYI_videos_csv_files
81.4419629175033,35.75229521446644,JAIYI_videos_csv_files
81.47366473257433,15.09754729406082,JAIYI_videos_csv_files
81.50536654764538,10.451421454935016,JAIYI_videos_csv_files
81.53706836271643,7.795714907875857,JAIYI_videos_csv_files
81.56877017778746,6.438517809065874,JAIYI_videos_csv_files
81.6004719928585,6.024200306126632,JAIYI_videos_csv_files
81.63217380792955,7.4866027086781886,JAIYI_videos_csv_files
81.66387562300058,11.890621553353032,JAIYI_videos_csv_files
81.69557743807162,13.54311251620178,JAIYI_videos_csv_files
81.72727925314267,14.751746750890891,JAIYI_videos_csv_files
81.7589810682137,14.884877973847004,JAIYI_videos_csv_files
81.79068288328475,11.478775568307592,JAIYI_videos_csv_files
81.82238469835579,9.9728577955868,JAIYI_videos_csv_files
81.85408651342682,8.379733101890203,JAIYI_videos_csv_files
81.88578832849787,7.936582360492261,JAIYI_videos_csv_files
81.91749014356891,8.395453905690427,JAIYI_videos_csv_files
81.94919195863994,8.034555966981605,JAIYI_videos_csv_files
81.98089377371099,8.308913012479413,JAIYI_videos_csv_files
82.01259558878203,5.493965976319708,JAIYI_videos_csv_files
82.04429740385307,4.590839904027502,JAIYI_videos_csv_files
82.07599921892411,4.412017813657697,JAIYI_videos_csv_files
82.10770103399516,4.445894309161095,JAIYI_videos_csv_files
82.13940284906619,4.147603498030118,JAIYI_videos_csv_files
82.17110466413723,6.587120982344758,JAIYI_videos_csv_files
82.20280647920828,13.797955535724713,JAIYI_videos_csv_files
82.23450829427931,15.009748761157958,JAIYI_videos_csv_files
82.26621010935035,14.54723926361081,JAIYI_videos_csv_files
82.2979119244214,13.164466382578397,JAIYI_videos_csv_files
82.32961373949243,11.119400002787236,JAIYI_videos_csv_files
82.36131555456348,8.49414512088025,JAIYI_videos_csv_files
82.39301736963452,4.127638837004987,JAIYI_videos_csv_files
82.42471918470555,2.099935961866984,JAIYI_videos_csv_files
82.4564209997766,1.7828316190751106,JAIYI_videos_csv_files
82.48812281484764,1.0541254924920531,JAIYI_videos_csv_files
82.51982462991867,0.9334285987085836,JAIYI_videos_csv_files
82.55152644498972,1.3972084565248468,JAIYI_videos_csv_files
82.58322826006076,1.6112585620888211,JAIYI_videos_csv_files
82.6149300751318,1.431155489481338,JAIYI_videos_csv_files
82.64663189020284,1.3385255114012564,JAIYI_videos_csv_files
82.67833370527389,1.862299035296808,JAIYI_videos_csv_files
82.71003552034492,3.3921469208169825,JAIYI_videos_csv_files
82.74173733541596,2.9326574811342727,JAIYI_videos_csv_files
82.77343915048701,4.596040851513933,JAIYI_videos_csv_files
82.80514096555804,5.254727264185927,JAIYI_videos_csv_files
82.83684278062908,5.391783709543011,JAIYI_videos_csv_files
82.86854459570013,4.336638465331938,JAIYI_videos_csv_files
82.90024641077116,2.782173320776194,JAIYI_videos_csv_files
82.9319482258422,1.7377180876386558,JAIYI_videos_csv_files
82.96365004091325,1.2488078454194065,JAIYI_videos_csv_files
82.99535185598428,1.029041721806893,JAIYI_videos_csv_files
83.02705367105533,1.3007884583051152,JAIYI_videos_csv_files
83.05875548612637,1.2075929091458977,JAIYI_videos_csv_files
83.0904573011974,1.0663984666291284,JAIYI_videos_csv_files
83.12215911626845,1.633006866279184,JAIYI_videos_csv_files
83.1538609313395,9.2509436809494,JAIYI_videos_csv_files
83.18556274641053,12.714172601072054,JAIYI_videos_csv_files
83.21726456148157,18.39157109346456,JAIYI_videos_csv_files
83.24896637655262,23.74899882805932,JAIYI_videos_csv_files
83.28066819162365,27.39997645029366,JAIYI_videos_csv_files
83.31237000669469,28.99853961632983,JAIYI_videos_csv_files
83.34407182176574,33.988210885770336,JAIYI_videos_csv_files
83.37577363683677,37.63561683472923,JAIYI_videos_csv_files
83.40747545190781,44.960228502166125,JAIYI_videos_csv_files
83.43917726697886,48.91858205234131,JAIYI_videos_csv_files
83.47087908204989,52.558265317527855,JAIYI_videos_csv_files
83.50258089712094,56.79646810465093,JAIYI_videos_csv_files
83.53428271219198,60.075784496674274,JAIYI_videos_csv_files
83.56598452726301,63.88488508829428,JAIYI_videos_csv_files
83.59768634233406,70.39667327454916,JAIYI_videos_csv_files
83.6293881574051,82.12578183842272,JAIYI_videos_csv_files
83.66108997247613,,JAIYI_videos_csv_files
83.69279178754718,56.89899026633466,JAIYI_videos_csv_files
83.72449360261822,62.36252959003514,JAIYI_videos_csv_files
83.75619541768926,62.4493334035668,JAIYI_videos_csv_files
83.7878972327603,76.67520391283976,JAIYI_videos_csv_files
83.81959904783135,,JAIYI_videos_csv_files
83.85130086290238,28.90859859827445,JAIYI_videos_csv_files
83.88300267797342,44.69539037905143,JAIYI_videos_csv_files
83.91470449304447,,JAIYI_videos_csv_files
83.9464063081155,58.14001590612881,JAIYI_videos_csv_files
83.97810812318654,61.830145356009325,JAIYI_videos_csv_files
84.00980993825759,,JAIYI_videos_csv_files
84.04151175332862,49.68503611950802,JAIYI_videos_csv_files
84.07321356839967,75.39881405032993,JAIYI_videos_csv_files
84.10491538347071,,JAIYI_videos_csv_files
84.13661719854174,38.46257141183556,JAIYI_videos_csv_files
84.16831901361279,71.52933028793161,JAIYI_videos_csv_files
84.20002082868383,67.23757401528039,JAIYI_videos_csv_files
84.23172264375486,,JAIYI_videos_csv_files
84.26342445882591,38.40950382305537,JAIYI_videos_csv_files
84.29512627389695,48.68060818352463,JAIYI_videos_csv_files
84.32682808896799,54.8861014148417,JAIYI_videos_csv_files
84.35852990403903,64.35669955328979,JAIYI_videos_csv_files
84.39023171911008,61.89055160599911,JAIYI_videos_csv_files
84.42193353418111,55.77580794679238,JAIYI_videos_csv_files
84.45363534925215,54.25068414884263,JAIYI_videos_csv_files
84.4853371643232,55.10158025778424,JAIYI_videos_csv_files
84.51703897939423,57.738173593387664,JAIYI_videos_csv_files
84.54874079446527,58.97842608135531,JAIYI_videos_csv_files
84.58044260953632,55.96804165038749,JAIYI_videos_csv_files
84.61214442460735,55.42923593373134,JAIYI_videos_csv_files
84.6438462396784,54.6191167218684,JAIYI_videos_csv_files
84.67554805474944,52.715086714956286,JAIYI_videos_csv_files
84.70724986982047,48.848012252022905,JAIYI_videos_csv_files
84.73895168489152,43.12635969770201,JAIYI_videos_csv_files
84.77065349996256,42.54325488456486,JAIYI_videos_csv_files
84.8023553150336,40.8965989035986,JAIYI_videos_csv_files
84.83405713010464,37.94023304451417,JAIYI_videos_csv_files
84.86575894517568,31.6741341073768,JAIYI_videos_csv_files
84.89746076024672,23.06018743984874,JAIYI_videos_csv_files
84.92916257531776,16.84672845597434,JAIYI_videos_csv_files
84.9608643903888,17.823961848238195,JAIYI_videos_csv_files
84.99256620545984,18.35544731766771,JAIYI_videos_csv_files
85.02426802053088,16.299029895294066,JAIYI_videos_csv_files
85.05596983560193,16.288749953237666,JAIYI_videos_csv_files
85.08767165067297,16.70782358609069,JAIYI_videos_csv_files
85.119373465744,21.262245718479672,JAIYI_videos_csv_files
85.15107528081505,19.21041264159569,JAIYI_videos_csv_files
85.1827770958861,13.96218135467271,JAIYI_videos_csv_files
85.21447891095713,6.719636319455281,JAIYI_videos_csv_files
85.24618072602817,4.055832780289081,JAIYI_videos_csv_files
85.27788254109922,8.523682287738014,JAIYI_videos_csv_files
85.30958435617025,12.900733998076866,JAIYI_videos_csv_files
85.3412861712413,15.135957445233464,JAIYI_videos_csv_files
85.37298798631234,17.454827924276138,JAIYI_videos_csv_files
85.40468980138337,17.268971616994627,JAIYI_videos_csv_files
85.43639161645442,13.332789210223568,JAIYI_videos_csv_files
85.46809343152546,10.18032148394869,JAIYI_videos_csv_files
85.49979524659649,8.876788801485896,JAIYI_videos_csv_files
85.53149706166754,8.373783310738094,JAIYI_videos_csv_files
85.56319887673858,8.512625219435899,JAIYI_videos_csv_files
85.59490069180961,8.981530267738153,JAIYI_videos_csv_files
85.62660250688066,9.26979476126429,JAIYI_videos_csv_files
85.6583043219517,13.087012547106225,JAIYI_videos_csv_files
85.69000613702273,17.160968676138125,JAIYI_videos_csv_files
85.72170795209378,10.960171852875805,JAIYI_videos_csv_files
85.75340976716483,5.218711400842867,JAIYI_videos_csv_files
85.78511158223586,4.245636762192507,JAIYI_videos_csv_files
85.8168133973069,5.105034335798761,JAIYI_videos_csv_files
85.84851521237795,1.399123782833353,JAIYI_videos_csv_files
85.88021702744898,2.1365276511933637,JAIYI_videos_csv_files
85.91191884252002,1.9502661442017115,JAIYI_videos_csv_files
85.94362065759107,0.7085602893177524,JAIYI_videos_csv_files
85.9753224726621,1.1961403648706308,JAIYI_videos_csv_files
86.00702428773315,0.5704093397365991,JAIYI_videos_csv_files
86.03872610280419,1.3842019943948614,JAIYI_videos_csv_files
86.07042791787522,3.872742690399164,JAIYI_videos_csv_files
86.10212973294627,5.009094374509049,JAIYI_videos_csv_files
86.13383154801731,6.01887588103524,JAIYI_videos_csv_files
86.16553336308834,6.272179843152082,JAIYI_videos_csv_files
86.19723517815939,6.502007612663785,JAIYI_videos_csv_files
86.22893699323043,3.889077642596249,JAIYI_videos_csv_files
86.26063880830147,1.5781290961557886,JAIYI_videos_csv_files
86.29234062337251,1.463248147849355,JAIYI_videos_csv_files
86.32404243844356,0.9188577437804474,JAIYI_videos_csv_files
86.35574425351459,1.6142161782141848,JAIYI_videos_csv_files
86.38744606858563,1.3464471479948312,JAIYI_videos_csv_files
86.41914788365668,0.9041356321681652,JAIYI_videos_csv_files
86.45084969872771,0.345744612801512,JAIYI_videos_csv_files
86.48255151379875,0.2971043836866122,JAIYI_videos_csv_files
86.5142533288698,0.5721808970608643,JAIYI_videos_csv_files
86.54595514394083,1.5353455153717404,JAIYI_videos_csv_files
86.57765695901188,1.8727398875945904,JAIYI_videos_csv_files
86.60935877408292,2.1431517381624925,JAIYI_videos_csv_files
86.64106058915395,2.1823442984717185,JAIYI_videos_csv_files
86.672762404225,2.73246763164311,JAIYI_videos_csv_files
86.70446421929604,3.156567621403131,JAIYI_videos_csv_files
86.73616603436707,1.8069248882604816,JAIYI_videos_csv_files
86.76786784943812,2.1244187744877983,JAIYI_videos_csv_files
86.79956966450916,1.05652571902597,JAIYI_videos_csv_files
86.8312714795802,0.932479067201134,JAIYI_videos_csv_files
86.86297329465124,3.8481273948471646,JAIYI_videos_csv_files
86.89467510972229,3.3553080167189693,JAIYI_videos_csv_files
86.92637692479332,3.124399232543653,JAIYI_videos_csv_files
86.95807873986436,3.258558269669021,JAIYI_videos_csv_files
86.98978055493541,4.51499284689268,JAIYI_videos_csv_files
87.02148237000644,4.905838353656352,JAIYI_videos_csv_files
87.05318418507748,4.829039100371535,JAIYI_videos_csv_files
87.08488600014853,4.225820504212893,JAIYI_videos_csv_files
87.11658781521956,3.0365629292220016,JAIYI_videos_csv_files
87.1482896302906,2.7152025486934277,JAIYI_videos_csv_files
87.17999144536165,2.438116564897737,JAIYI_videos_csv_files
87.21169326043268,1.5935810287808128,JAIYI_videos_csv_files
87.24339507550373,1.2410702090712225,JAIYI_videos_csv_files
87.27509689057477,0.4777824965571779,JAIYI_videos_csv_files
87.3067987056458,1.3905927585601972,JAIYI_videos_csv_files
87.33850052071685,8.915707806333595,JAIYI_videos_csv_files
87.3702023357879,8.116978574181575,JAIYI_videos_csv_files
87.40190415085893,6.958222941882919,JAIYI_videos_csv_files
87.43360596592997,7.254348009834823,JAIYI_videos_csv_files
87.46530778100102,7.473534595833136,JAIYI_videos_csv_files
87.49700959607205,3.341102358761076,JAIYI_videos_csv_files
87.52871141114309,1.8186862229937275,JAIYI_videos_csv_files
87.56041322621414,1.172055486605859,JAIYI_videos_csv_files
87.59211504128517,0.4891752412040561,JAIYI_videos_csv_files
87.62381685635621,0.3284093101605388,JAIYI_videos_csv_files
87.65551867142726,0.3828751891324697,JAIYI_videos_csv_files
87.68722048649829,0.4753314366253839,JAIYI_videos_csv_files
87.71892230156934,0.5780097472449661,JAIYI_videos_csv_files
87.75062411664038,0.6869926138074213,JAIYI_videos_csv_files
87.78232593171141,0.8400328363294395,JAIYI_videos_csv_files
87.81402774678246,1.1167785780503685,JAIYI_videos_csv_files
87.8457295618535,1.8083726920363967,JAIYI_videos_csv_files
87.87743137692453,3.987627555683172,JAIYI_videos_csv_files
87.90913319199558,2.4649549588370574,JAIYI_videos_csv_files
87.94083500706662,2.171810314755684,JAIYI_videos_csv_files
87.97253682213766,2.3520405960861885,JAIYI_videos_csv_files
88.0042386372087,2.053568351544537,JAIYI_videos_csv_files
88.03594045227975,1.4248027314583438,JAIYI_videos_csv_files
88.06764226735078,0.7702591400465763,JAIYI_videos_csv_files
88.09934408242182,0.6306416138513041,JAIYI_videos_csv_files
88.13104589749287,0.5504639975159642,JAIYI_videos_csv_files
88.1627477125639,0.673897834097098,JAIYI_videos_csv_files
88.19444952763494,0.8903533678003216,JAIYI_videos_csv_files
88.22615134270599,1.3235105543682428,JAIYI_videos_csv_files
88.25785315777702,1.203433993402465,JAIYI_videos_csv_files
88.28955497284807,1.1742621422371815,JAIYI_videos_csv_files
88.32125678791911,1.5782308211957057,JAIYI_videos_csv_files
88.35295860299014,1.6786897802549132,JAIYI_videos_csv_files
88.38466041806119,1.8201009817696945,JAIYI_videos_csv_files
88.41636223313223,1.80336636388866,JAIYI_videos_csv_files
88.44806404820326,1.7628028612862543,JAIYI_videos_csv_files
88.47976586327431,1.174139693757389,JAIYI_videos_csv_files
88.51146767834535,0.9206844408280044,JAIYI_videos_csv_files
88.54316949341639,0.8354988425846877,JAIYI_videos_csv_files
88.57487130848743,0.7564711529957476,JAIYI_videos_csv_files
88.60657312355848,0.7010928684956327,JAIYI_videos_csv_files
88.63827493862951,0.741261992605373,JAIYI_videos_csv_files
88.66997675370055,0.8081278735179939,JAIYI_videos_csv_files
88.7016785687716,0.8391665278415004,JAIYI_videos_csv_files
88.73338038384263,0.8774128207027716,JAIYI_videos_csv_files
88.76508219891367,1.065562035247779,JAIYI_videos_csv_files
88.79678401398472,1.1016880660664203,JAIYI_videos_csv_files
88.82848582905575,1.2812037988938565,JAIYI_videos_csv_files
88.8601876441268,1.2325884609871316,JAIYI_videos_csv_files
88.89188945919784,1.0016374292035677,JAIYI_videos_csv_files
88.92359127426887,0.7340617871129486,JAIYI_videos_csv_files
88.95529308933992,0.6716661871877159,JAIYI_videos_csv_files
88.98699490441096,0.5667600047819303,JAIYI_videos_csv_files
89.018696719482,0.5529730759195884,JAIYI_videos_csv_files
89.05039853455304,0.604158717640519,JAIYI_videos_csv_files
89.08210034962408,0.8667071964229911,JAIYI_videos_csv_files
89.11380216469512,1.037906429804382,JAIYI_videos_csv_files
89.14550397976616,1.414972838665421,JAIYI_videos_csv_files
89.1772057948372,0.5780926343105043,JAIYI_videos_csv_files
89.20890760990824,1.2763891628773054,JAIYI_videos_csv_files
89.24060942497928,0.946130103939226,JAIYI_videos_csv_files
89.27231124005033,0.9744406729356924,JAIYI_videos_csv_files
89.30401305512136,0.543240408803084,JAIYI_videos_csv_files
89.3357148701924,0.4676926479790647,JAIYI_videos_csv_files
89.36741668526345,0.4682869732284592,JAIYI_videos_csv_files
89.39911850033448,0.5080213314318011,JAIYI_videos_csv_files
89.43082031540553,0.4953365020407415,JAIYI_videos_csv_files
89.46252213047657,0.5166473232433118,JAIYI_videos_csv_files
89.4942239455476,0.4624315203437507,JAIYI_videos_csv_files
89.52592576061865,0.7278295374685366,JAIYI_videos_csv_files
89.5576275756897,0.7221668465915984,JAIYI_videos_csv_files
89.58932939076072,0.7286565013310785,JAIYI_videos_csv_files
89.62103120583177,0.7611560426405696,JAIYI_videos_csv_files
89.65273302090282,0.8579174062089946,JAIYI_videos_csv_files
89.68443483597386,0.8113330426921814,JAIYI_videos_csv_files
89.71613665104489,1.3510460137777074,JAIYI_videos_csv_files
89.74783846611594,1.0262353786853762,JAIYI_videos_csv_files
89.77954028118698,1.0486244003230207,JAIYI_videos_csv_files
89.81124209625801,1.9363798041773237,JAIYI_videos_csv_files
89.84294391132906,1.8799665360353688,JAIYI_videos_csv_files
89.8746457264001,2.4545000723030266,JAIYI_videos_csv_files
89.90634754147113,3.366800493158847,JAIYI_videos_csv_files
89.93804935654218,2.463648581074488,JAIYI_videos_csv_files
89.96975117161323,1.5757924827289334,JAIYI_videos_csv_files
90.00145298668426,1.0357943175361417,JAIYI_videos_csv_files
90.0331548017553,0.9244781053633746,JAIYI_videos_csv_files
90.06485661682635,0.783465253136607,JAIYI_videos_csv_files
90.09655843189738,0.7496368615866101,JAIYI_videos_csv_files
90.12826024696842,0.997826266927536,JAIYI_videos_csv_files
90.15996206203948,1.1244110252167314,JAIYI_videos_csv_files
90.1916638771105,1.1754177316106444,JAIYI_videos_csv_files
90.22336569218156,1.2793455066416726,JAIYI_videos_csv_files
90.2550675072526,1.0838215824742723,JAIYI_videos_csv_files
90.28676932232362,1.4471414543180487,JAIYI_videos_csv_files
90.31847113739468,4.088435388044594,JAIYI_videos_csv_files
90.35017295246573,3.912913812461327,JAIYI_videos_csv_files
90.38187476753674,3.214432555358566,JAIYI_videos_csv_files
90.4135765826078,2.886051399721325,JAIYI_videos_csv_files
90.44527839767883,2.0047316304188234,JAIYI_videos_csv_files
90.47698021274988,1.162233846429331,JAIYI_videos_csv_files
90.50868202782092,0.8129521058628266,JAIYI_videos_csv_files
90.54038384289196,0.7114045462341381,JAIYI_videos_csv_files
90.572085657963,0.8225908322817731,JAIYI_videos_csv_files
90.60378747303405,1.0060844486209402,JAIYI_videos_csv_files
90.63548928810508,1.1501926381699423,JAIYI_videos_csv_files
90.66719110317612,1.594388538917228,JAIYI_videos_csv_files
90.69889291824715,1.372326404138533,JAIYI_videos_csv_files
90.7305947333182,1.5076166593214122,JAIYI_videos_csv_files
90.76229654838924,1.7530943261540288,JAIYI_videos_csv_files
90.79399836346028,1.7931458179341009,JAIYI_videos_csv_files
90.82570017853132,1.9834046856943488,JAIYI_videos_csv_files
90.85740199360237,2.227535497018903,JAIYI_videos_csv_files
90.8891038086734,2.4398018319878423,JAIYI_videos_csv_files
90.92080562374444,2.319243878664667,JAIYI_videos_csv_files
90.95250743881547,2.529462836826116,JAIYI_videos_csv_files
90.98420925388652,2.747209791227265,JAIYI_videos_csv_files
91.01591106895756,2.538747922826584,JAIYI_videos_csv_files
91.0476128840286,2.6236106632499947,JAIYI_videos_csv_files
91.07931469909964,3.534767703473579,JAIYI_videos_csv_files
91.11101651417069,4.178103575891926,JAIYI_videos_csv_files
91.14271832924172,1.8302499053808576,JAIYI_videos_csv_files
91.17442014431276,1.7145481273109928,JAIYI_videos_csv_files
91.2061219593838,1.857292630944247,JAIYI_videos_csv_files
91.23782377445484,1.5368728839975418,JAIYI_videos_csv_files
91.26952558952588,2.2540618211755263,JAIYI_videos_csv_files
91.30122740459691,2.7782990320600485,JAIYI_videos_csv_files
91.33292921966796,2.1140397736188192,JAIYI_videos_csv_files
91.364631034739,1.2742290419084032,JAIYI_videos_csv_files
91.39633284981004,1.5275913682458746,JAIYI_videos_csv_files
91.42803466488108,2.4302853058270117,JAIYI_videos_csv_files
91.45973647995211,3.323135167306991,JAIYI_videos_csv_files
91.49143829502316,3.7665781168301846,JAIYI_videos_csv_files
91.5231401100942,3.728558190256354,JAIYI_videos_csv_files
91.55484192516523,4.757205011613082,JAIYI_videos_csv_files
91.5865437402363,11.52706476014318,JAIYI_videos_csv_files
91.61824555530733,14.013212238612988,JAIYI_videos_csv_files
91.64994737037836,12.451453920366443,JAIYI_videos_csv_files
91.68164918544942,13.87399999201187,JAIYI_videos_csv_files
91.71335100052045,13.746505361672432,JAIYI_videos_csv_files
91.74505281559148,12.672578788856129,JAIYI_videos_csv_files
91.77675463066254,12.7479907770528,JAIYI_videos_csv_files
91.80845644573355,13.577428972748596,JAIYI_videos_csv_files
91.8401582608046,10.525737702846085,JAIYI_videos_csv_files
91.87186007587566,4.567774318915104,JAIYI_videos_csv_files
91.90356189094668,2.223310397742003,JAIYI_videos_csv_files
91.93526370601774,1.3456089629204784,JAIYI_videos_csv_files
91.96696552108878,1.3793382697240215,JAIYI_videos_csv_files
91.9986673361598,1.5004284289520002,JAIYI_videos_csv_files
92.03036915123086,1.7566548619917066,JAIYI_videos_csv_files
92.0620709663019,1.9617842493488475,JAIYI_videos_csv_files
92.09377278137292,2.019966126147792,JAIYI_videos_csv_files
92.12547459644398,1.8302624355231856,JAIYI_videos_csv_files
92.15717641151502,1.5925176588459895,JAIYI_videos_csv_files
92.18887822658606,1.3674697528958888,JAIYI_videos_csv_files
92.2205800416571,1.492770852155506,JAIYI_videos_csv_files
92.25228185672816,1.577560059253595,JAIYI_videos_csv_files
92.28398367179918,1.3878370404227771,JAIYI_videos_csv_files
92.31568548687022,2.004335450781064,JAIYI_videos_csv_files
92.34738730194128,2.260093305919834,JAIYI_videos_csv_files
92.3790891170123,2.3632183972497263,JAIYI_videos_csv_files
92.41079093208334,2.306888179025402,JAIYI_videos_csv_files
92.4424927471544,2.437700370628221,JAIYI_videos_csv_files
92.47419456222542,12.631686890656376,JAIYI_videos_csv_files
92.50589637729648,28.438737228302465,JAIYI_videos_csv_files
92.53759819236753,34.07142688455318,JAIYI_videos_csv_files
92.56930000743854,37.48342023929445,JAIYI_videos_csv_files
92.6010018225096,56.821684726137576,JAIYI_videos_csv_files
92.63270363758063,61.65357758807726,JAIYI_videos_csv_files
92.66440545265166,61.52074192647661,JAIYI_videos_csv_files
92.69610726772272,62.12258760862854,JAIYI_videos_csv_files
92.72780908279375,62.91553144310926,JAIYI_videos_csv_files
92.7595108978648,57.05170579335279,JAIYI_videos_csv_files
92.79121271293585,57.3948716804694,JAIYI_videos_csv_files
92.82291452800688,54.2224665446982,JAIYI_videos_csv_files
92.85461634307792,51.72995605208906,JAIYI_videos_csv_files
92.88631815814897,46.66724108680904,JAIYI_videos_csv_files
92.91801997322,44.28368609405887,JAIYI_videos_csv_files
92.94972178829104,45.77842496490159,JAIYI_videos_csv_files
92.98142360336207,44.40596255664368,JAIYI_videos_csv_files
93.01312541843312,44.99598799928255,JAIYI_videos_csv_files
93.04482723350417,44.2548743224913,JAIYI_videos_csv_files
93.0765290485752,44.18450942209255,JAIYI_videos_csv_files
93.10823086364624,42.74372613147256,JAIYI_videos_csv_files
93.13993267871729,44.48767066070844,JAIYI_videos_csv_files
93.17163449378832,45.22313188391321,JAIYI_videos_csv_files
93.20333630885936,44.6543983069662,JAIYI_videos_csv_files
93.2350381239304,43.99614756257197,JAIYI_videos_csv_files
93.26673993900144,44.04094104026743,JAIYI_videos_csv_files
93.29844175407248,45.48237024498379,JAIYI_videos_csv_files
93.33014356914352,41.64824093210399,JAIYI_videos_csv_files
93.36184538421456,42.05736601649143,JAIYI_videos_csv_files
93.3935471992856,42.27441599550939,JAIYI_videos_csv_files
93.42524901435664,43.89730654892357,JAIYI_videos_csv_files
93.45695082942768,43.98144087747128,JAIYI_videos_csv_files
93.48865264449871,42.22837311745852,JAIYI_videos_csv_files
93.52035445956976,38.773736239564734,JAIYI_videos_csv_files
93.5520562746408,40.07712156129507,JAIYI_videos_csv_files
93.58375808971184,37.91985307731574,JAIYI_videos_csv_files
93.61545990478288,36.32666976336847,JAIYI_videos_csv_files
93.64716171985393,33.18559419153709,JAIYI_videos_csv_files
93.67886353492496,31.121052838373163,JAIYI_videos_csv_files
93.710565349996,29.447623624756147,JAIYI_videos_csv_files
93.74226716506703,30.61508289259771,JAIYI_videos_csv_files
93.7739689801381,30.780004372298595,JAIYI_videos_csv_files
93.80567079520912,29.430293708819747,JAIYI_videos_csv_files
93.83737261028016,19.107077963789067,JAIYI_videos_csv_files
93.86907442535122,12.683908693671253,JAIYI_videos_csv_files
93.90077624042225,6.271962012965523,JAIYI_videos_csv_files
93.93247805549328,3.9480246894573794,JAIYI_videos_csv_files
93.96417987056434,6.805144675357397,JAIYI_videos_csv_files
93.99588168563535,5.632763609343374,JAIYI_videos_csv_files
94.0275835007064,3.204444578351607,JAIYI_videos_csv_files
94.05928531577746,1.9064864015468252,JAIYI_videos_csv_files
94.09098713084848,1.1578145341295456,JAIYI_videos_csv_files
94.12268894591952,2.4887203544158147,JAIYI_videos_csv_files
94.15439076099058,3.0424595483740835,JAIYI_videos_csv_files
94.1860925760616,3.1999522278204178,JAIYI_videos_csv_files
94.21779439113266,2.823002370403262,JAIYI_videos_csv_files
94.2494962062037,2.1811964115579072,JAIYI_videos_csv_files
94.28119802127476,1.5735349800694785,JAIYI_videos_csv_files
94.31289983634578,0.8834909417875899,JAIYI_videos_csv_files
94.34460165141682,0.6602623291493587,JAIYI_videos_csv_files
94.37630346648788,1.3226316425628917,JAIYI_videos_csv_files
94.4080052815589,5.261238172829583,JAIYI_videos_csv_files
94.43970709662996,6.911335889189705,JAIYI_videos_csv_files
94.471408911701,7.663001414846418,JAIYI_videos_csv_files
94.50311072677202,6.763475219041145,JAIYI_videos_csv_files
94.53481254184308,6.757079185926171,JAIYI_videos_csv_files
94.56651435691413,4.69830829797835,JAIYI_videos_csv_files
94.59821617198514,2.7234250524206622,JAIYI_videos_csv_files
94.6299179870562,1.5859432167004015,JAIYI_videos_csv_files
94.66161980212723,1.322580520711,JAIYI_videos_csv_files
94.69332161719828,0.9615284273708264,JAIYI_videos_csv_files
94.72502343226932,1.342763907958266,JAIYI_videos_csv_files
94.75672524734036,1.6848227198725512,JAIYI_videos_csv_files
94.7884270624114,2.699138541124539,JAIYI_videos_csv_files
94.82012887748245,2.6463003053461978,JAIYI_videos_csv_files
94.85183069255348,3.165709362677136,JAIYI_videos_csv_files
94.88353250762452,2.5487322405187687,JAIYI_videos_csv_files
94.91523432269555,2.6526653411753207,JAIYI_videos_csv_files
94.9469361377666,2.6570824536795605,JAIYI_videos_csv_files
94.97863795283764,0.9714328057348868,JAIYI_videos_csv_files
95.01033976790868,0.7121611411887274,JAIYI_videos_csv_files
95.04204158297972,0.5411217215727611,JAIYI_videos_csv_files
95.07374339805077,0.4254013591065187,JAIYI_videos_csv_files
95.1054452131218,0.4692459152036773,JAIYI_videos_csv_files
95.13714702819284,1.3019032812748068,JAIYI_videos_csv_files
95.16884884326387,2.6516219897562907,JAIYI_videos_csv_files
95.20055065833492,2.111220034048868,JAIYI_videos_csv_files
95.23225247340596,2.2766200494245665,JAIYI_videos_csv_files
95.263954288477,2.455002987499686,JAIYI_videos_csv_files
95.29565610354804,3.40711696780991,JAIYI_videos_csv_files
95.32735791861909,4.446345248458866,JAIYI_videos_csv_files
95.35905973369012,20.19870464437872,JAIYI_videos_csv_files
95.39076154876116,23.656784954134277,JAIYI_videos_csv_files
95.4224633638322,35.40905257925628,JAIYI_videos_csv_files
95.45416517890324,36.166304599296254,JAIYI_videos_csv_files
95.48586699397428,32.51652440064795,JAIYI_videos_csv_files
95.51756880904531,40.16898942495786,JAIYI_videos_csv_files
95.54927062411636,47.37757550255508,JAIYI_videos_csv_files
95.5809724391874,47.088748762661,JAIYI_videos_csv_files
95.61267425425844,48.02358570883224,JAIYI_videos_csv_files
95.64437606932948,51.16394863322166,JAIYI_videos_csv_files
95.67607788440051,46.48176179230608,JAIYI_videos_csv_files
95.70777969947156,43.76142756056072,JAIYI_videos_csv_files
95.7394815145426,20.460187026866112,JAIYI_videos_csv_files
95.77118332961363,18.601781235826724,JAIYI_videos_csv_files
95.8028851446847,7.995502259085886,JAIYI_videos_csv_files
95.83458695975573,10.349361525927238,JAIYI_videos_csv_files
95.86628877482676,4.901753563289641,JAIYI_videos_csv_files
95.89799058989782,11.94698445673667,JAIYI_videos_csv_files
95.92969240496885,4.928093172872299,JAIYI_videos_csv_files
95.96139422003988,17.88062937516813,JAIYI_videos_csv_files
95.99309603511094,9.745926415901284,JAIYI_videos_csv_files
96.02479785018195,6.3861126696821024,JAIYI_videos_csv_files
96.056499665253,6.593242600548769,JAIYI_videos_csv_files
96.08820148032406,3.891635464991268,JAIYI_videos_csv_files
96.11990329539508,6.349164975516943,JAIYI_videos_csv_files
96.15160511046614,4.888853271731017,JAIYI_videos_csv_files
96.18330692553718,5.905650376546044,JAIYI_videos_csv_files
96.2150087406082,4.877202990763848,JAIYI_videos_csv_files
96.24671055567926,7.338544556883228,JAIYI_videos_csv_files
96.2784123707503,14.446146097207048,JAIYI_videos_csv_files
96.31011418582132,15.393529700490538,JAIYI_videos_csv_files
96.34181600089238,20.125447765752757,JAIYI_videos_csv_files
96.37351781596342,18.424299496024545,JAIYI_videos_csv_files
96.40521963103446,15.018332831381803,JAIYI_videos_csv_files
96.4369214461055,17.334059848707298,JAIYI_videos_csv_files
96.46862326117656,13.332092342878688,JAIYI_videos_csv_files
96.50032507624758,15.839546292015129,JAIYI_videos_csv_files
96.53202689131862,15.618524756908466,JAIYI_videos_csv_files
96.56372870638968,15.640610901070902,JAIYI_videos_csv_files
96.5954305214607,23.434430290607,JAIYI_videos_csv_files
96.62713233653174,26.96243379046952,JAIYI_videos_csv_files
96.6588341516028,25.52902828863001,JAIYI_videos_csv_files
96.69053596667382,25.067803013185472,JAIYI_videos_csv_files
96.72223778174488,24.47642337610812,JAIYI_videos_csv_files
96.75393959681593,24.136449898073703,JAIYI_videos_csv_files
96.78564141188694,23.453914438202837,JAIYI_videos_csv_files
96.817343226958,20.007784076883755,JAIYI_videos_csv_files
96.84904504202903,11.910029249887186,JAIYI_videos_csv_files
96.88074685710006,3.988250962292265,JAIYI_videos_csv_files
96.91244867217112,1.896099454938273,JAIYI_videos_csv_files
96.94415048724215,2.0947613871232766,JAIYI_videos_csv_files
96.9758523023132,1.9949546667648417,JAIYI_videos_csv_files
97.00755411738425,2.607411167607548,JAIYI_videos_csv_files
97.03925593245528,2.967839155178165,JAIYI_videos_csv_files
97.07095774752632,5.253335945268392,JAIYI_videos_csv_files
97.10265956259737,4.865374299203531,JAIYI_videos_csv_files
97.1343613776684,4.341970261575455,JAIYI_videos_csv_files
97.16606319273944,13.303689581030085,JAIYI_videos_csv_files
97.19776500781047,15.112354622401,JAIYI_videos_csv_files
97.22946682288152,10.737049098218328,JAIYI_videos_csv_files
97.26116863795257,11.718838853867297,JAIYI_videos_csv_files
97.2928704530236,12.225318032804209,JAIYI_videos_csv_files
97.32457226809464,14.5342143391084,JAIYI_videos_csv_files
97.35627408316569,13.026712627550449,JAIYI_videos_csv_files
97.38797589823672,14.375569422607004,JAIYI_videos_csv_files
97.41967771330776,13.511270731653404,JAIYI_videos_csv_files
97.4513795283788,11.611008304168216,JAIYI_videos_csv_files
97.48308134344984,11.4980385167676,JAIYI_videos_csv_files
97.51478315852088,11.672808425275312,JAIYI_videos_csv_files
97.54648497359192,10.691645849884852,JAIYI_videos_csv_files
97.57818678866296,7.566774825597142,JAIYI_videos_csv_files
97.609888603734,6.138770732526497,JAIYI_videos_csv_files
97.64159041880504,7.959058928237158,JAIYI_videos_csv_files
97.67329223387608,8.89872606570652,JAIYI_videos_csv_files
97.70499404894711,9.572845049491074,JAIYI_videos_csv_files
97.73669586401816,12.178429835261069,JAIYI_videos_csv_files
97.7683976790892,11.48686456748722,JAIYI_videos_csv_files
97.80009949416024,11.466804824605097,JAIYI_videos_csv_files
97.83180130923128,9.3373809646512,JAIYI_videos_csv_files
97.86350312430233,4.054117671785764,JAIYI_videos_csv_files
97.89520493937336,2.138252607865584,JAIYI_videos_csv_files
97.9269067544444,2.447182772872771,JAIYI_videos_csv_files
97.95860856951543,2.3195114660753826,JAIYI_videos_csv_files
97.9903103845865,2.343087436948773,JAIYI_videos_csv_files
98.02201219965752,1.7284464679884592,JAIYI_videos_csv_files
98.05371401472856,1.708779333025802,JAIYI_videos_csv_files
98.08541582979962,2.1447583797367824,JAIYI_videos_csv_files
98.11711764487065,2.105943839979331,JAIYI_videos_csv_files
98.14881945994168,0.6706023934359087,JAIYI_videos_csv_files
98.18052127501274,1.276788480786554,JAIYI_videos_csv_files
98.21222309008375,7.701945460925514,JAIYI_videos_csv_files
98.2439249051548,13.56042438268768,JAIYI_videos_csv_files
98.27562672022586,15.891650738558155,JAIYI_videos_csv_files
98.30732853529688,13.371608063993364,JAIYI_videos_csv_files
98.33903035036792,11.232668912025122,JAIYI_videos_csv_files
98.37073216543898,11.5583252479815,JAIYI_videos_csv_files
98.40243398051,22.018766113092028,JAIYI_videos_csv_files
98.43413579558106,23.974754043176304,JAIYI_videos_csv_files
98.4658376106521,24.0981833177343,JAIYI_videos_csv_files
98.49753942572312,33.0342281432469,JAIYI_videos_csv_files
98.52924124079418,33.47078662807039,JAIYI_videos_csv_files
98.56094305586522,31.369257881114585,JAIYI_videos_csv_files
98.59264487093624,23.392782470481464,JAIYI_videos_csv_files
98.6243466860073,15.3834446699198,JAIYI_videos_csv_files
98.65604850107836,12.934571515492522,JAIYI_videos_csv_files
98.68775031614938,11.752078230504074,JAIYI_videos_csv_files
98.71945213122042,7.97217541238249,JAIYI_videos_csv_files
98.75115394629148,5.949336972728882,JAIYI_videos_csv_files
98.7828557613625,10.7270258098664,JAIYI_videos_csv_files
98.81455757643354,21.143607476676507,JAIYI_videos_csv_files
98.8462593915046,32.35904457815413,JAIYI_videos_csv_files
98.87796120657563,9.182809695443533,JAIYI_videos_csv_files
98.90966302164668,6.384187513930317,JAIYI_videos_csv_files
98.94136483671772,2.932481777490674,JAIYI_videos_csv_files
98.97306665178876,3.0570661242702903,JAIYI_videos_csv_files
99.0047684668598,11.107379815862634,JAIYI_videos_csv_files
99.03647028193085,14.644438751213634,JAIYI_videos_csv_files
99.06817209700188,15.375779687093091,JAIYI_videos_csv_files
99.09987391207292,13.618495770632336,JAIYI_videos_csv_files
99.13157572714395,8.476380409746845,JAIYI_videos_csv_files
99.163277542215,6.422517826011614,JAIYI_videos_csv_files
99.19497935728604,5.165121760098328,JAIYI_videos_csv_files
99.22668117235708,4.688703278660705,JAIYI_videos_csv_files
99.25838298742812,4.749090798794306,JAIYI_videos_csv_files
99.29008480249917,6.994241955730433,JAIYI_videos_csv_files
99.3217866175702,7.291071535861211,JAIYI_videos_csv_files
99.35348843264124,7.448045330502679,JAIYI_videos_csv_files
99.38519024771227,7.621213585039722,JAIYI_videos_csv_files
99.41689206278332,6.487673577562524,JAIYI_videos_csv_files
99.44859387785436,10.98315810147548,JAIYI_videos_csv_files
99.4802956929254,14.700666668933046,JAIYI_videos_csv_files
99.51199750799644,17.003486487013742,JAIYI_videos_csv_files
99.54369932306749,17.19332016250913,JAIYI_videos_csv_files
99.57540113813852,9.977670765561774,JAIYI_videos_csv_files
99.60710295320956,11.334306806445348,JAIYI_videos_csv_files
99.6388047682806,12.729436386532774,JAIYI_videos_csv_files
99.67050658335164,13.10225297866666,JAIYI_videos_csv_files
99.70220839842268,12.587880666826944,JAIYI_videos_csv_files
99.73391021349371,11.587398133301944,JAIYI_videos_csv_files
99.76561202856476,10.586207852777724,JAIYI_videos_csv_files
99.7973138436358,9.608370675553624,JAIYI_videos_csv_files
99.82901565870684,8.730025320593079,JAIYI_videos_csv_files
99.86071747377788,15.965701895994185,JAIYI_videos_csv_files
99.89241928884891,19.163666912039613,JAIYI_videos_csv_files
99.92412110391996,17.955054210617714,JAIYI_videos_csv_files
99.955822918991,15.383543017192869,JAIYI_videos_csv_files
99.98752473406203,14.319928879365523,JAIYI_videos_csv_files
100.0192265491331,11.328025076367924,JAIYI_videos_csv_files
100.05092836420413,8.02913513724688,JAIYI_videos_csv_files
100.08263017927516,5.05323665674081,JAIYI_videos_csv_files
100.11433199434622,3.9432441582863023,JAIYI_videos_csv_files
100.14603380941725,3.0954293499191867,JAIYI_videos_csv_files
100.17773562448828,2.211752625983855,JAIYI_videos_csv_files
100.20943743955934,0.882195882237859,JAIYI_videos_csv_files
100.24113925463035,0.3167388394907459,JAIYI_videos_csv_files
100.2728410697014,0.201697147821202,JAIYI_videos_csv_files
100.30454288477246,0.2311452180734955,JAIYI_videos_csv_files
100.33624469984348,0.4498123106318697,JAIYI_videos_csv_files
100.36794651491454,0.8687806172691048,JAIYI_videos_csv_files
100.39964832998558,1.5300008023090204,JAIYI_videos_csv_files
100.4313501450566,2.064732360226372,JAIYI_videos_csv_files
100.46305196012766,2.3516746005863096,JAIYI_videos_csv_files
100.4947537751987,2.4538876060085,JAIYI_videos_csv_files
100.52645559026972,2.392180678387384,JAIYI_videos_csv_files
100.55815740534078,2.4893539686867605,JAIYI_videos_csv_files
100.58985922041182,2.3944559108885297,JAIYI_videos_csv_files
100.62156103548286,2.187256471955651,JAIYI_videos_csv_files
100.6532628505539,1.5926311766682293,JAIYI_videos_csv_files
100.68496466562496,0.904782657529262,JAIYI_videos_csv_files
100.71666648069598,0.4539243177737547,JAIYI_videos_csv_files
100.74836829576702,0.5781183771636265,JAIYI_videos_csv_files
100.78007011083808,0.4472248122263602,JAIYI_videos_csv_files
100.8117719259091,0.5498880570568004,JAIYI_videos_csv_files
100.84347374098014,0.6930874226008762,JAIYI_videos_csv_files
100.8751755560512,0.5114323506332287,JAIYI_videos_csv_files
100.90687737112222,0.3670287670653656,JAIYI_videos_csv_files
100.93857918619328,0.2798789394994507,JAIYI_videos_csv_files
100.97028100126433,0.2850533726521261,JAIYI_videos_csv_files
101.00198281633534,0.4161562516817177,JAIYI_videos_csv_files
101.0336846314064,0.5229940589787898,JAIYI_videos_csv_files
101.06538644647743,1.2754963332596445,JAIYI_videos_csv_files
101.09708826154846,0.9913242057020318,JAIYI_videos_csv_files
101.12879007661952,0.7924624954257983,JAIYI_videos_csv_files
101.16049189169055,0.4421443286090792,JAIYI_videos_csv_files
101.1921937067616,0.3156380835608622,JAIYI_videos_csv_files
101.22389552183265,0.4025961912075089,JAIYI_videos_csv_files
101.25559733690368,0.5522329965951829,JAIYI_videos_csv_files
101.28729915197472,0.5799651584223305,JAIYI_videos_csv_files
101.31900096704577,0.5495665523673193,JAIYI_videos_csv_files
101.3507027821168,0.5693207747243062,JAIYI_videos_csv_files
101.38240459718784,1.965822640020864,JAIYI_videos_csv_files
101.41410641225887,10.019519018973456,JAIYI_videos_csv_files
101.44580822732992,2.5051664095382464,JAIYI_videos_csv_files
101.47751004240097,2.035632853384832,JAIYI_videos_csv_files
101.509211857472,1.4943400172597865,JAIYI_videos_csv_files
101.54091367254304,0.4397304112106236,JAIYI_videos_csv_files
101.57261548761409,0.4560061063924653,JAIYI_videos_csv_files
101.60431730268512,0.2988707955580845,JAIYI_videos_csv_files
101.63601911775616,0.2424514963538579,JAIYI_videos_csv_files
101.6677209328272,0.1849711140391856,JAIYI_videos_csv_files
101.69942274789824,0.3591863676483784,JAIYI_videos_csv_files
101.73112456296928,0.7262423498088773,JAIYI_videos_csv_files
101.76282637804032,0.9809683548878152,JAIYI_videos_csv_files
101.79452819311136,1.0076304867030044,JAIYI_videos_csv_files
101.8262300081824,0.622602882682764,JAIYI_videos_csv_files
101.85793182325344,0.3479407369491852,JAIYI_videos_csv_files
101.88963363832448,0.7291438374879193,JAIYI_videos_csv_files
101.92133545339551,0.7097859041466915,JAIYI_videos_csv_files
101.95303726846656,0.8886690281367254,JAIYI_videos_csv_files
101.9847390835376,1.1151630020449386,JAIYI_videos_csv_files
102.01644089860864,2.08347691178518,JAIYI_videos_csv_files
102.04814271367968,2.581632434240789,JAIYI_videos_csv_files
102.07984452875073,3.816524038717027,JAIYI_videos_csv_files
102.11154634382176,5.974446803467407,JAIYI_videos_csv_files
102.1432481588928,6.5370902821205386,JAIYI_videos_csv_files
102.17494997396383,5.865883498819257,JAIYI_videos_csv_files
102.2066517890349,2.716656824182864,JAIYI_videos_csv_files
102.23835360410592,0.5980857363361697,JAIYI_videos_csv_files
102.27005541917696,1.7988879031560272,JAIYI_videos_csv_files
102.30175723424802,1.8951979684476177,JAIYI_videos_csv_files
102.33345904931905,5.629863463511542,JAIYI_videos_csv_files
102.36516086439008,0.9774410898582516,JAIYI_videos_csv_files
102.39686267946114,2.3672038747916253,JAIYI_videos_csv_files
102.42856449453215,1.3374449064673248,JAIYI_videos_csv_files
102.4602663096032,1.0494787504148866,JAIYI_videos_csv_files
102.49196812467426,1.4257391027442337,JAIYI_videos_csv_files
102.52366993974528,1.4404292907118617,JAIYI_videos_csv_files
102.55537175481632,0.465429428446711,JAIYI_videos_csv_files
102.58707356988738,0.4413019336584298,JAIYI_videos_csv_files
102.6187753849584,2.3049877114270023,JAIYI_videos_csv_files
102.65047720002946,2.888253586406533,JAIYI_videos_csv_files
102.6821790151005,2.6861215949742983,JAIYI_videos_csv_files
102.71388083017152,2.4258695212610317,JAIYI_videos_csv_files
102.74558264524258,3.2078200590304564,JAIYI_videos_csv_files
102.77728446031362,1.947971188715437,JAIYI_videos_csv_files
102.80898627538464,2.22891571907132,JAIYI_videos_csv_files
102.8406880904557,2.2755044893238514,JAIYI_videos_csv_files
102.87238990552676,2.117383726719285,JAIYI_videos_csv_files
102.90409172059778,1.71736204292416,JAIYI_videos_csv_files
102.93579353566882,1.8975213341798955,JAIYI_videos_csv_files
102.96749535073988,4.430872209754004,JAIYI_videos_csv_files
102.9991971658109,15.696814752383236,JAIYI_videos_csv_files
103.03089898088194,16.0528226630103,JAIYI_videos_csv_files
103.062600795953,24.603647578451984,JAIYI_videos_csv_files
103.09430261102402,33.875963660007926,JAIYI_videos_csv_files
103.12600442609508,40.3816642593935,JAIYI_videos_csv_files
103.15770624116612,51.90845364326568,JAIYI_videos_csv_files
103.18940805623714,63.740214414435066,JAIYI_videos_csv_files
103.2211098713082,67.9334036263017,JAIYI_videos_csv_files
103.25281168637925,69.37944921335544,JAIYI_videos_csv_files
103.28451350145026,91.5896265201369,JAIYI_videos_csv_files
103.31621531652132,,JAIYI_videos_csv_files
103.34791713159235,75.60056216305733,JAIYI_videos_csv_files
103.37961894666338,95.20257582376608,JAIYI_videos_csv_files
103.41132076173444,104.06368477861513,JAIYI_videos_csv_files
103.44302257680548,103.79231065355503,JAIYI_videos_csv_files
103.47472439187652,99.49174615895794,JAIYI_videos_csv_files
103.50642620694757,101.27325853146824,JAIYI_videos_csv_files
103.5381280220186,99.01790777299756,JAIYI_videos_csv_files
103.56982983708964,81.15908037901391,JAIYI_videos_csv_files
103.60153165216067,75.73467215037309,JAIYI_videos_csv_files
103.63323346723172,74.48034917105616,JAIYI_videos_csv_files
103.66493528230276,69.3043905369303,JAIYI_videos_csv_files
103.6966370973738,65.34511280739832,JAIYI_videos_csv_files
103.72833891244484,62.4906545148223,JAIYI_videos_csv_files
103.76004072751589,61.68823516112612,JAIYI_videos_csv_files
103.79174254258692,61.8722976927751,JAIYI_videos_csv_files
103.82344435765796,60.89126221515565,JAIYI_videos_csv_files
103.855146172729,56.89434695007261,JAIYI_videos_csv_files
103.88684798780004,57.97107482414816,JAIYI_videos_csv_files
103.91854980287108,57.28947137455644,JAIYI_videos_csv_files
103.95025161794211,57.54603537629684,JAIYI_videos_csv_files
103.98195343301316,58.62669760273472,JAIYI_videos_csv_files
104.0136552480842,59.9343988122469,JAIYI_videos_csv_files
104.04535706315524,60.65979683998997,JAIYI_videos_csv_files
104.07705887822628,60.834874075338426,JAIYI_videos_csv_files
104.10876069329731,60.64504847308257,JAIYI_videos_csv_files
104.14046250836836,60.49881955070165,JAIYI_videos_csv_files
104.1721643234394,59.09031161369557,JAIYI_videos_csv_files
104.20386613851043,57.36939474054408,JAIYI_videos_csv_files
104.2355679535815,56.64783610313137,JAIYI_videos_csv_files
104.26726976865253,56.84261780194987,JAIYI_videos_csv_files
104.29897158372356,55.12685408760384,JAIYI_videos_csv_files
104.33067339879462,55.919421207130746,JAIYI_videos_csv_files
104.36237521386565,53.90988179035893,JAIYI_videos_csv_files
104.39407702893668,52.66644198452043,JAIYI_videos_csv_files
104.42577884400774,52.21009608452782,JAIYI_videos_csv_files
104.45748065907875,51.1911764864779,JAIYI_videos_csv_files
104.4891824741498,52.39880416529603,JAIYI_videos_csv_files
104.52088428922086,52.23124983506244,JAIYI_videos_csv_files
104.55258610429188,53.45789758435421,JAIYI_videos_csv_files
104.58428791936294,53.5805110916676,JAIYI_videos_csv_files
104.61598973443398,53.722736167004186,JAIYI_videos_csv_files
104.647691549505,53.39481990177404,JAIYI_videos_csv_files
104.67939336457606,53.276440449912215,JAIYI_videos_csv_files
104.7110951796471,53.356268152098224,JAIYI_videos_csv_files
104.74279699471812,53.41362667942816,JAIYI_videos_csv_files
104.77449880978918,52.22968502996397,JAIYI_videos_csv_files
104.80620062486022,50.488353536243736,JAIYI_videos_csv_files
104.83790243993126,49.12935623504036,JAIYI_videos_csv_files
104.8696042550023,49.02804190309918,JAIYI_videos_csv_files
104.90130607007336,49.19250485028526,JAIYI_videos_csv_files
104.93300788514438,49.29092069899012,JAIYI_videos_csv_files
104.96470970021542,49.18675565740751,JAIYI_videos_csv_files
104.99641151528648,48.12534569038508,JAIYI_videos_csv_files
105.0281133303575,45.24305986991252,JAIYI_videos_csv_files
105.05981514542854,41.30112310972816,JAIYI_videos_csv_files
105.0915169604996,38.42285854765251,JAIYI_videos_csv_files
105.12321877557062,37.66053153561345,JAIYI_videos_csv_files
105.15492059064168,33.50804490109022,JAIYI_videos_csv_files
105.18662240571273,31.33983913826117,JAIYI_videos_csv_files
105.21832422078374,30.85687983062119,JAIYI_videos_csv_files
105.2500260358548,29.307615101165485,JAIYI_videos_csv_files
105.28172785092583,29.4533512270195,JAIYI_videos_csv_files
105.31342966599686,28.350945870662272,JAIYI_videos_csv_files
105.34513148106792,26.449445666288124,JAIYI_videos_csv_files
105.37683329613895,28.640544768192605,JAIYI_videos_csv_files
105.40853511121,32.85051541863807,JAIYI_videos_csv_files
105.44023692628105,39.13061807188544,JAIYI_videos_csv_files
105.47193874135208,45.16207512743233,JAIYI_videos_csv_files
105.50364055642312,51.08731022966201,JAIYI_videos_csv_files
105.53534237149417,52.85816907785799,JAIYI_videos_csv_files
105.5670441865652,50.35313090735863,JAIYI_videos_csv_files
105.59874600163624,42.90021460434634,JAIYI_videos_csv_files
105.63044781670727,36.39298366801796,JAIYI_videos_csv_files
105.66214963177832,29.672699551560576,JAIYI_videos_csv_files
105.69385144684937,22.381323498217228,JAIYI_videos_csv_files
105.7255532619204,21.85047526079696,JAIYI_videos_csv_files
105.75725507699144,20.725108058889983,JAIYI_videos_csv_files
105.78895689206249,19.65681283952535,JAIYI_videos_csv_files
105.82065870713352,18.424209291956988,JAIYI_videos_csv_files
105.85236052220456,17.58445538091202,JAIYI_videos_csv_files
105.8840623372756,14.420040649833748,JAIYI_videos_csv_files
105.91576415234664,11.616245335445695,JAIYI_videos_csv_files
105.94746596741768,7.275613491631434,JAIYI_videos_csv_files
105.97916778248872,9.05771615673904,JAIYI_videos_csv_files
106.01086959755976,17.570385385780305,JAIYI_videos_csv_files
106.0425714126308,11.39393218203571,JAIYI_videos_csv_files
106.07427322770184,13.32811566346694,JAIYI_videos_csv_files
106.10597504277288,17.59524561056642,JAIYI_videos_csv_files
106.13767685784391,21.557110214897836,JAIYI_videos_csv_files
106.16937867291496,21.78111915660319,JAIYI_videos_csv_files
106.201080487986,21.479779118836944,JAIYI_videos_csv_files
106.23278230305704,20.78029815501024,JAIYI_videos_csv_files
106.26448411812808,17.114164304630755,JAIYI_videos_csv_files
106.29618593319913,16.668648865982252,JAIYI_videos_csv_files
106.32788774827016,15.43674386377794,JAIYI_videos_csv_files
106.3595895633412,14.208315100539386,JAIYI_videos_csv_files
106.39129137841223,13.02684578102354,JAIYI_videos_csv_files
106.4229931934833,12.470368566584591,JAIYI_videos_csv_files
106.45469500855432,11.062325785336151,JAIYI_videos_csv_files
106.48639682362536,9.849858550907983,JAIYI_videos_csv_files
106.51809863869642,12.826570921266866,JAIYI_videos_csv_files
106.54980045376745,21.85677666641149,JAIYI_videos_csv_files
106.58150226883848,22.722806159225165,JAIYI_videos_csv_files
106.61320408390954,22.958685626115795,JAIYI_videos_csv_files
106.64490589898055,21.975051610167775,JAIYI_videos_csv_files
106.6766077140516,20.804333532939445,JAIYI_videos_csv_files
106.70830952912266,17.82764750199932,JAIYI_videos_csv_files
106.74001134419368,18.00954560105408,JAIYI_videos_csv_files
106.77171315926472,14.258751668309063,JAIYI_videos_csv_files
106.80341497433578,11.02035573111228,JAIYI_videos_csv_files
106.8351167894068,8.989640201920714,JAIYI_videos_csv_files
106.86681860447786,8.708891359673201,JAIYI_videos_csv_files
106.8985204195489,8.610478828851718,JAIYI_videos_csv_files
106.93022223461992,8.499458991130686,JAIYI_videos_csv_files
106.96192404969098,8.335673654359613,JAIYI_videos_csv_files
106.99362586476202,10.035698225586486,JAIYI_videos_csv_files
107.02532767983304,13.08292177749276,JAIYI_videos_csv_files
107.0570294949041,18.63530616184126,JAIYI_videos_csv_files
107.08873130997516,18.889568705850376,JAIYI_videos_csv_files
107.12043312504618,15.04080350566189,JAIYI_videos_csv_files
107.15213494011722,14.55381385144247,JAIYI_videos_csv_files
107.18383675518828,12.683864967452177,JAIYI_videos_csv_files
107.2155385702593,7.636513354199518,JAIYI_videos_csv_files
107.24724038533034,2.7240771022746846,JAIYI_videos_csv_files
107.2789422004014,0.8965101255632105,JAIYI_videos_csv_files
107.31064401547242,1.103821457353275,JAIYI_videos_csv_files
107.34234583054348,2.1892770371984853,JAIYI_videos_csv_files
107.37404764561452,3.737564745777509,JAIYI_videos_csv_files
107.40574946068554,4.544631185445101,JAIYI_videos_csv_files
107.4374512757566,3.255621380558189,JAIYI_videos_csv_files
107.46915309082765,1.7519974696660316,JAIYI_videos_csv_files
107.50085490589866,2.1745164841097706,JAIYI_videos_csv_files
107.53255672096972,2.4953356377478366,JAIYI_videos_csv_files
107.56425853604075,2.50311164744971,JAIYI_videos_csv_files
107.59596035111178,1.85932367058862,JAIYI_videos_csv_files
107.62766216618284,2.78872324135148,JAIYI_videos_csv_files
107.65936398125388,3.14191034031553,JAIYI_videos_csv_files
107.6910657963249,3.849300788189826,JAIYI_videos_csv_files
107.72276761139597,4.322886959438449,JAIYI_videos_csv_files
107.754469426467,4.526562060317087,JAIYI_videos_csv_files
107.78617124153804,4.228013390110842,JAIYI_videos_csv_files
107.81787305660907,4.030298797985477,JAIYI_videos_csv_files
107.84957487168012,4.070877160535488,JAIYI_videos_csv_files
107.88127668675116,4.320182891122844,JAIYI_videos_csv_files
107.9129785018222,6.134983487365512,JAIYI_videos_csv_files
107.94468031689324,8.188744420136821,JAIYI_videos_csv_files
107.97638213196429,2.476407766250889,JAIYI_videos_csv_files
108.00808394703532,4.603870416718658,JAIYI_videos_csv_files
108.03978576210636,3.550707368366204,JAIYI_videos_csv_files
108.0714875771774,14.75034142073251,JAIYI_videos_csv_files
108.10318939224844,14.138046227159863,JAIYI_videos_csv_files
108.13489120731948,11.736477262939808,JAIYI_videos_csv_files
108.16659302239051,7.164045888530428,JAIYI_videos_csv_files
108.19829483746156,4.878334310426773,JAIYI_videos_csv_files
108.2299966525326,5.300563131220702,JAIYI_videos_csv_files
108.26169846760364,3.584425371754346,JAIYI_videos_csv_files
108.29340028267468,1.7615902443018483,JAIYI_videos_csv_files
108.32510209774571,1.5506574846530945,JAIYI_videos_csv_files
108.35680391281676,2.4002795401624364,JAIYI_videos_csv_files
108.3885057278878,3.322399949614198,JAIYI_videos_csv_files
108.42020754295883,4.360757662717167,JAIYI_videos_csv_files
108.4519093580299,5.612602661510623,JAIYI_videos_csv_files
108.48361117310093,6.398854485899861,JAIYI_videos_csv_files
108.51531298817196,4.1740920871376765,JAIYI_videos_csv_files
108.54701480324302,2.3964637839288265,JAIYI_videos_csv_files
108.57871661831405,3.152748687186393,JAIYI_videos_csv_files
108.61041843338508,2.6959303483532224,JAIYI_videos_csv_files
108.64212024845614,3.236174716223938,JAIYI_videos_csv_files
108.67382206352715,3.5030271583697026,JAIYI_videos_csv_files
108.7055238785982,3.184930996024524,JAIYI_videos_csv_files
108.73722569366926,4.4925313327429,JAIYI_videos_csv_files
108.76892750874028,4.283577573536439,JAIYI_videos_csv_files
108.80062932381134,3.2724834679727306,JAIYI_videos_csv_files
108.83233113888238,3.089768007437493,JAIYI_videos_csv_files
108.8640329539534,2.4056449109195053,JAIYI_videos_csv_files
108.89573476902446,1.9062805752943537,JAIYI_videos_csv_files
108.9274365840955,1.170375213777079,JAIYI_videos_csv_files
108.95913839916652,0.6241696872031616,JAIYI_videos_csv_files
108.99084021423758,3.485820260845484,JAIYI_videos_csv_files
109.02254202930862,2.2635260158134547,JAIYI_videos_csv_files
109.05424384437966,2.0494185722399765,JAIYI_videos_csv_files
109.0859456594507,2.4967506796709995,JAIYI_videos_csv_files
109.11764747452176,1.562398225702582,JAIYI_videos_csv_files
109.14934928959278,1.18843132324996,JAIYI_videos_csv_files
109.18105110466382,2.260469732310153,JAIYI_videos_csv_files
109.21275291973488,4.017934297612812,JAIYI_videos_csv_files
109.2444547348059,2.826025835945803,JAIYI_videos_csv_files
109.27615654987694,1.6854861968105703,JAIYI_videos_csv_files
109.307858364948,1.320626185457022,JAIYI_videos_csv_files
109.33956018001902,1.1965349666370582,JAIYI_videos_csv_files
109.37126199509008,1.2241992991784452,JAIYI_videos_csv_files
109.40296381016113,1.2790064798562013,JAIYI_videos_csv_files
109.43466562523214,1.2988873583029823,JAIYI_videos_csv_files
109.4663674403032,1.396644769226413,JAIYI_videos_csv_files
109.49806925537423,2.076646943151726,JAIYI_videos_csv_files
109.52977107044526,1.5087201032412705,JAIYI_videos_csv_files
109.56147288551632,1.2575430291636438,JAIYI_videos_csv_files
109.59317470058735,2.9068821294279297,JAIYI_videos_csv_files
109.6248765156584,2.8541221211131607,JAIYI_videos_csv_files
109.65657833072945,2.094676899275442,JAIYI_videos_csv_files
109.68828014580048,2.1888872356651192,JAIYI_videos_csv_files
109.71998196087152,4.992671875759985,JAIYI_videos_csv_files
109.75168377594257,2.985382177053123,JAIYI_videos_csv_files
109.7833855910136,2.047180254482491,JAIYI_videos_csv_files
109.81508740608464,1.607326110030675,JAIYI_videos_csv_files
109.84678922115567,1.5382623830377462,JAIYI_videos_csv_files
109.87849103622672,1.3831835010960916,JAIYI_videos_csv_files
109.91019285129777,1.3561364097937896,JAIYI_videos_csv_files
109.9418946663688,1.4523130844446908,JAIYI_videos_csv_files
109.97359648143984,1.469685666814197,JAIYI_videos_csv_files
110.00529829651089,1.0751064596763733,JAIYI_videos_csv_files
110.03700011158192,0.7605497880872479,JAIYI_videos_csv_files
110.06870192665296,0.9911714381105988,JAIYI_videos_csv_files
110.100403741724,3.0315781803503064,JAIYI_videos_csv_files
110.13210555679504,2.710302830040302,JAIYI_videos_csv_files
110.16380737186608,2.2265720362296504,JAIYI_videos_csv_files
110.19550918693712,3.0464767607407377,JAIYI_videos_csv_files
110.22721100200816,1.9243587164203624,JAIYI_videos_csv_files
110.2589128170792,1.3057451675474596,JAIYI_videos_csv_files
110.29061463215024,0.999006815554538,JAIYI_videos_csv_files
110.32231644722128,0.9614473907487756,JAIYI_videos_csv_files
110.35401826229231,1.020051951773834,JAIYI_videos_csv_files
110.38572007736336,1.152319752562918,JAIYI_videos_csv_files
110.4174218924344,1.2123791311224104,JAIYI_videos_csv_files
110.44912370750544,1.2524869147605937,JAIYI_videos_csv_files
110.48082552257648,1.2791428084928198,JAIYI_videos_csv_files
110.51252733764753,0.9659369703415456,JAIYI_videos_csv_files
110.54422915271856,0.6482334114292928,JAIYI_videos_csv_files
110.5759309677896,1.0258416447251393,JAIYI_videos_csv_files
110.60763278286063,1.2733188909900754,JAIYI_videos_csv_files
110.6393345979317,1.452268129576407,JAIYI_videos_csv_files
110.67103641300272,1.38081987510174,JAIYI_videos_csv_files
110.70273822807376,1.2630174107100534,JAIYI_videos_csv_files
110.73444004314482,1.1055416020902211,JAIYI_videos_csv_files
110.76614185821585,0.9764586100647488,JAIYI_videos_csv_files
110.79784367328688,0.8926127776440759,JAIYI_videos_csv_files
110.82954548835794,0.9013166082898476,JAIYI_videos_csv_files
110.86124730342895,0.852243610970789,JAIYI_videos_csv_files
110.8929491185,0.9004310694774087,JAIYI_videos_csv_files
110.92465093357106,0.9700432658324684,JAIYI_videos_csv_files
110.95635274864208,1.0199736445291152,JAIYI_videos_csv_files
110.98805456371312,1.020452788690374,JAIYI_videos_csv_files
111.01975637878418,1.0934939076922734,JAIYI_videos_csv_files
111.0514581938552,1.0059685030817525,JAIYI_videos_csv_files
111.08316000892626,0.7882957552943736,JAIYI_videos_csv_files
111.1148618239973,0.9863676252397324,JAIYI_videos_csv_files
111.14656363906832,1.3046273859106947,JAIYI_videos_csv_files
111.17826545413938,1.485367108844613,JAIYI_videos_csv_files
111.20996726921042,1.469727583151904,JAIYI_videos_csv_files
111.24166908428144,1.2884930810240085,JAIYI_videos_csv_files
111.2733708993525,1.317261335657111,JAIYI_videos_csv_files
111.30507271442356,1.42030898597456,JAIYI_videos_csv_files
111.33677452949458,1.3296238965661182,JAIYI_videos_csv_files
111.36847634456562,1.0607147229429734,JAIYI_videos_csv_files
111.40017815963668,0.9667456896105008,JAIYI_videos_csv_files
111.4318799747077,0.9086773269152246,JAIYI_videos_csv_files
111.46358178977874,0.9180653443307584,JAIYI_videos_csv_files
111.4952836048498,0.9648474912861766,JAIYI_videos_csv_files
111.52698541992082,1.0043923510509158,JAIYI_videos_csv_files
111.55868723499188,1.024127688500807,JAIYI_videos_csv_files
111.59038905006292,0.9894686917998692,JAIYI_videos_csv_files
111.62209086513394,0.8957879978369064,JAIYI_videos_csv_files
111.653792680205,0.9110533943893456,JAIYI_videos_csv_files
111.68549449527605,0.8281278294138612,JAIYI_videos_csv_files
111.71719631034706,1.226893903269742,JAIYI_videos_csv_files
111.74889812541812,1.3114012200677196,JAIYI_videos_csv_files
111.78059994048915,1.2535226034285951,JAIYI_videos_csv_files
111.81230175556018,1.0767390150011382,JAIYI_videos_csv_files
111.84400357063124,1.2080962074659007,JAIYI_videos_csv_files
111.87570538570228,1.2301784146567782,JAIYI_videos_csv_files
111.9074072007733,1.1703765509747657,JAIYI_videos_csv_files
111.93910901584437,1.0452922065530106,JAIYI_videos_csv_files
111.9708108309154,1.0225964001991248,JAIYI_videos_csv_files
112.00251264598644,1.0727607699752708,JAIYI_videos_csv_files
112.03421446105747,1.0965572485349897,JAIYI_videos_csv_files
112.06591627612852,1.0664014897711371,JAIYI_videos_csv_files
112.09761809119956,1.0475957091172268,JAIYI_videos_csv_files
112.1293199062706,1.0546248990372065,JAIYI_videos_csv_files
112.16102172134164,12.86885086635264,JAIYI_videos_csv_files
112.19272353641269,15.317050706918025,JAIYI_videos_csv_files
112.22442535148372,18.000590952597864,JAIYI_videos_csv_files
112.25612716655476,20.282964099292737,JAIYI_videos_csv_files
112.2878289816258,20.480415804471047,JAIYI_videos_csv_files
112.31953079669684,17.548808566145976,JAIYI_videos_csv_files
112.35123261176788,15.220446495430007,JAIYI_videos_csv_files
112.38293442683891,9.585963906163476,JAIYI_videos_csv_files
112.41463624190996,4.800301646546622,JAIYI_videos_csv_files
112.446338056981,2.926054206108244,JAIYI_videos_csv_files
112.47803987205204,1.7588841433924165,JAIYI_videos_csv_files
112.50974168712308,1.0683979611225205,JAIYI_videos_csv_files
112.54144350219411,0.6996867450823195,JAIYI_videos_csv_files
112.57314531726516,0.4885498855522071,JAIYI_videos_csv_files
112.6048471323362,0.4468057079738672,JAIYI_videos_csv_files
112.63654894740723,0.8343364997569201,JAIYI_videos_csv_files
112.6682507624783,8.937381580452751,JAIYI_videos_csv_files
112.69995257754933,14.572463801346183,JAIYI_videos_csv_files
112.73165439262036,17.0844955856275,JAIYI_videos_csv_files
112.76335620769142,17.36426394947331,JAIYI_videos_csv_files
112.79505802276245,15.022439278497655,JAIYI_videos_csv_files
112.82675983783348,14.032265705202148,JAIYI_videos_csv_files
112.85846165290454,12.107026931284082,JAIYI_videos_csv_files
112.89016346797555,8.202909459740173,JAIYI_videos_csv_files
112.9218652830466,6.080373378303573,JAIYI_videos_csv_files
112.95356709811766,4.301344119139604,JAIYI_videos_csv_files
112.98526891318868,3.330551530174255,JAIYI_videos_csv_files
113.01697072825974,3.496651090021008,JAIYI_videos_csv_files
113.04867254333078,4.920389377871132,JAIYI_videos_csv_files
113.0803743584018,12.517626311452831,JAIYI_videos_csv_files
113.11207617347286,21.535580465091023,JAIYI_videos_csv_files
113.1437779885439,21.286094835186663,JAIYI_videos_csv_files
113.17547980361492,17.95809013157237,JAIYI_videos_csv_files
113.20718161868598,16.256189914864443,JAIYI_videos_csv_files
113.23888343375702,10.041482109372524,JAIYI_videos_csv_files
113.27058524882806,5.779448868675477,JAIYI_videos_csv_files
113.3022870638991,2.3719244955088743,JAIYI_videos_csv_files
113.33398887897016,3.8681444887541545,JAIYI_videos_csv_files
113.36569069404118,4.12156807386644,JAIYI_videos_csv_files
113.39739250911222,4.117973045636919,JAIYI_videos_csv_files
113.42909432418328,3.770153063549394,JAIYI_videos_csv_files
113.4607961392543,3.0120781349558,JAIYI_videos_csv_files
113.49249795432534,2.8278311561048404,JAIYI_videos_csv_files
113.5241997693964,2.153782159728668,JAIYI_videos_csv_files
113.55590158446742,4.160594251735668,JAIYI_videos_csv_files
113.58760339953848,0.7195579657591901,JAIYI_videos_csv_files
113.61930521460953,1.0050220914030108,JAIYI_videos_csv_files
113.65100702968054,1.870044798323427,JAIYI_videos_csv_files
113.6827088447516,1.0343993362679391,JAIYI_videos_csv_files
113.71441065982263,0.3697061091834975,JAIYI_videos_csv_files
113.74611247489366,1.2373505164222631,JAIYI_videos_csv_files
113.77781428996472,1.72242491359967,JAIYI_videos_csv_files
113.80951610503575,2.525915101240946,JAIYI_videos_csv_files
113.8412179201068,3.087789863139617,JAIYI_videos_csv_files
113.87291973517785,3.3658010491299093,JAIYI_videos_csv_files
113.90462155024888,2.405938659886414,JAIYI_videos_csv_files
113.93632336531992,2.214127120317782,JAIYI_videos_csv_files
113.96802518039097,3.8673087659411545,JAIYI_videos_csv_files
113.999726995462,3.9016207315907714,JAIYI_videos_csv_files
114.03142881053304,3.722243969178816,JAIYI_videos_csv_files
114.06313062560407,3.606326741760668,JAIYI_videos_csv_files
114.09483244067512,3.768292242003775,JAIYI_videos_csv_files
114.12653425574617,5.632630818192407,JAIYI_videos_csv_files
114.1582360708172,5.492800062028793,JAIYI_videos_csv_files
114.18993788588824,6.441164904588415,JAIYI_videos_csv_files
114.22163970095929,7.540872096716656,JAIYI_videos_csv_files
114.25334151603032,7.976561725958366,JAIYI_videos_csv_files
114.28504333110136,7.75509080635769,JAIYI_videos_csv_files
114.3167451461724,8.546110959325189,JAIYI_videos_csv_files
114.34844696124344,9.702452979795902,JAIYI_videos_csv_files
114.38014877631448,10.375667369006973,JAIYI_videos_csv_files
114.41185059138552,7.447327063752007,JAIYI_videos_csv_files
114.44355240645656,3.098226319932443,JAIYI_videos_csv_files
114.4752542215276,1.8689332050537184,JAIYI_videos_csv_files
114.50695603659864,0.825228601497274,JAIYI_videos_csv_files
114.53865785166968,0.6903912535867098,JAIYI_videos_csv_files
114.57035966674071,3.962786494481304,JAIYI_videos_csv_files
114.60206148181176,7.785279560683213,JAIYI_videos_csv_files
114.6337632968828,5.372370908645493,JAIYI_videos_csv_files
114.66546511195384,7.081634575389629,JAIYI_videos_csv_files
114.69716692702488,11.85919335701612,JAIYI_videos_csv_files
114.72886874209593,13.749847729099312,JAIYI_videos_csv_files
114.76057055716696,17.58043412565358,JAIYI_videos_csv_files
114.792272372238,29.28937051958055,JAIYI_videos_csv_files
114.82397418730903,31.470393118707484,JAIYI_videos_csv_files
114.8556760023801,23.856580886077023,JAIYI_videos_csv_files
114.88737781745112,15.256433606817934,JAIYI_videos_csv_files
114.91907963252216,7.275661001845198,JAIYI_videos_csv_files
114.95078144759322,1.9443178546811728,JAIYI_videos_csv_files
114.98248326266425,0.6790457896102553,JAIYI_videos_csv_files
115.01418507773528,0.9111987861493792,JAIYI_videos_csv_files
115.04588689280634,1.8152054123657415,JAIYI_videos_csv_files
115.07758870787735,1.9928097476251485,JAIYI_videos_csv_files
115.1092905229484,2.970834992193224,JAIYI_videos_csv_files
115.14099233801946,3.005389586506713,JAIYI_videos_csv_files
115.17269415309048,3.380138689787823,JAIYI_videos_csv_files
115.20439596816152,0.7665255600883929,JAIYI_videos_csv_files
115.23609778323258,0.2553189981096352,JAIYI_videos_csv_files
115.2677995983036,0.538717279959598,JAIYI_videos_csv_files
115.29950141337466,1.2521906568423615,JAIYI_videos_csv_files
115.3312032284457,1.5717635320077747,JAIYI_videos_csv_files
115.36290504351672,3.24850193520126,JAIYI_videos_csv_files
115.39460685858778,3.3537169893473995,JAIYI_videos_csv_files
115.42630867365882,2.922551735286234,JAIYI_videos_csv_files
115.45801048872984,2.6133563338570447,JAIYI_videos_csv_files
115.4897123038009,1.142152472203574,JAIYI_videos_csv_files
115.52141411887196,1.334613974105353,JAIYI_videos_csv_files
115.55311593394298,1.9296257429047177,JAIYI_videos_csv_files
115.58481774901402,3.7268695506061458,JAIYI_videos_csv_files
115.61651956408508,4.668345511386443,JAIYI_videos_csv_files
115.6482213791561,4.391681207355402,JAIYI_videos_csv_files
115.67992319422714,4.416006262890702,JAIYI_videos_csv_files
115.7116250092982,4.311241290229098,JAIYI_videos_csv_files
115.74332682436922,4.210616617931441,JAIYI_videos_csv_files
115.77502863944028,4.141410134490841,JAIYI_videos_csv_files
115.80673045451132,4.171002337932219,JAIYI_videos_csv_files
115.83843226958234,4.036213438318766,JAIYI_videos_csv_files
115.8701340846534,4.01269558383836,JAIYI_videos_csv_files
115.90183589972445,3.982536531980772,JAIYI_videos_csv_files
115.93353771479546,3.957898598201981,JAIYI_videos_csv_files
115.96523952986652,3.806390089877617,JAIYI_videos_csv_files
115.99694134493755,3.687871632456962,JAIYI_videos_csv_files
116.02864316000858,3.687340946487824,JAIYI_videos_csv_files
116.06034497507964,3.736348936653603,JAIYI_videos_csv_files
116.09204679015068,3.780918114927781,JAIYI_videos_csv_files
116.1237486052217,3.798180360974524,JAIYI_videos_csv_files
116.15545042029277,3.786339414042494,JAIYI_videos_csv_files
116.1871522353638,3.679142161675768,JAIYI_videos_csv_files
116.21885405043484,3.851240198528581,JAIYI_videos_csv_files
116.25055586550587,4.244440579849553,JAIYI_videos_csv_files
116.28225768057692,6.87121081242175,JAIYI_videos_csv_files
116.31395949564796,14.086713023941606,JAIYI_videos_csv_files
116.345661310719,22.79216893536625,JAIYI_videos_csv_files
116.37736312579004,27.18154808624767,JAIYI_videos_csv_files
116.40906494086109,41.07127918531069,JAIYI_videos_csv_files
116.44076675593212,51.078559316006135,JAIYI_videos_csv_files
116.47246857100316,56.813619532430565,JAIYI_videos_csv_files
116.5041703860742,55.614303380685215,JAIYI_videos_csv_files
116.53587220114524,57.2977221810117,JAIYI_videos_csv_files
116.56757401621628,70.97895884127249,JAIYI_videos_csv_files
116.59927583128731,70.72358334703839,JAIYI_videos_csv_files
116.63097764635836,74.0160280852354,JAIYI_videos_csv_files
116.6626794614294,73.1894900826939,JAIYI_videos_csv_files
116.69438127650044,70.95902943825546,JAIYI_videos_csv_files
116.72608309157148,67.96319385654878,JAIYI_videos_csv_files
116.75778490664251,57.03879830392731,JAIYI_videos_csv_files
116.78948672171356,61.8503360186359,JAIYI_videos_csv_files
116.8211885367846,62.22409894203659,JAIYI_videos_csv_files
116.85289035185563,55.71685712048602,JAIYI_videos_csv_files
116.88459216692668,57.308087125430255,JAIYI_videos_csv_files
116.91629398199773,54.92764491784849,JAIYI_videos_csv_files
116.94799579706876,53.11155123668314,JAIYI_videos_csv_files
116.9796976121398,64.27147743247666,JAIYI_videos_csv_files
117.01139942721085,71.25434750169947,JAIYI_videos_csv_files
117.04310124228188,58.37167301785794,JAIYI_videos_csv_files
117.07480305735292,55.93857375363508,JAIYI_videos_csv_files
117.10650487242395,56.69254184079878,JAIYI_videos_csv_files
117.138206687495,58.23162640925627,JAIYI_videos_csv_files
117.16990850256605,54.72641353152554,JAIYI_videos_csv_files
117.20161031763708,55.39416911629648,JAIYI_videos_csv_files
117.23331213270814,56.21380019812503,JAIYI_videos_csv_files
117.26501394777918,54.60852895734901,JAIYI_videos_csv_files
117.2967157628502,57.0544783092644,JAIYI_videos_csv_files
117.32841757792126,55.44856129586653,JAIYI_videos_csv_files
117.3601193929923,51.15864348209976,JAIYI_videos_csv_files
117.39182120806332,47.84277675233491,JAIYI_videos_csv_files
117.42352302313438,39.35865179030337,JAIYI_videos_csv_files
117.45522483820542,28.577785285821,JAIYI_videos_csv_files
117.48692665327646,30.28081462515884,JAIYI_videos_csv_files
117.5186284683475,34.709919531357414,JAIYI_videos_csv_files
117.55033028341856,39.56718349173856,JAIYI_videos_csv_files
117.58203209848958,38.04335233539927,JAIYI_videos_csv_files
117.61373391356062,35.87177256549399,JAIYI_videos_csv_files
117.64543572863168,32.71153326916012,JAIYI_videos_csv_files
117.6771375437027,34.46295243625782,JAIYI_videos_csv_files
117.70883935877374,31.822173514354542,JAIYI_videos_csv_files
117.7405411738448,19.61942172793347,JAIYI_videos_csv_files
117.77224298891582,22.40239159221473,JAIYI_videos_csv_files
117.80394480398688,29.7362766998298,JAIYI_videos_csv_files
117.83564661905793,38.84052053729353,JAIYI_videos_csv_files
117.86734843412894,47.09413961851674,JAIYI_videos_csv_files
117.8990502492,56.05687719560999,JAIYI_videos_csv_files
117.93075206427103,58.660541196725525,JAIYI_videos_csv_files
117.96245387934206,64.08194757119108,JAIYI_videos_csv_files
117.99415569441312,66.05656434101437,JAIYI_videos_csv_files
118.02585750948415,66.06007011089183,JAIYI_videos_csv_files
118.0575593245552,65.39037553122436,JAIYI_videos_csv_files
118.08926113962625,63.3796182673594,JAIYI_videos_csv_files
118.12096295469728,63.526458690656376,JAIYI_videos_csv_files
118.15266476976832,57.92334448270015,JAIYI_videos_csv_files
118.18436658483937,59.19085231544201,JAIYI_videos_csv_files
118.2160683999104,59.01340234976874,JAIYI_videos_csv_files
118.24777021498144,58.40481806950999,JAIYI_videos_csv_files
118.27947203005247,61.24470095126039,JAIYI_videos_csv_files
118.31117384512352,60.37873422068598,JAIYI_videos_csv_files
118.34287566019457,59.54282852378815,JAIYI_videos_csv_files
118.3745774752656,58.56110336679878,JAIYI_videos_csv_files
118.40627929033664,56.82100724366832,JAIYI_videos_csv_files
118.43798110540769,56.77297220319765,JAIYI_videos_csv_files
118.46968292047872,58.4887558017981,JAIYI_videos_csv_files
118.50138473554976,60.54509855492238,JAIYI_videos_csv_files
118.5330865506208,65.47067521216745,JAIYI_videos_csv_files
118.56478836569184,64.63726002332452,JAIYI_videos_csv_files
118.59649018076288,65.2877506183361,JAIYI_videos_csv_files
118.62819199583392,63.49027467571949,JAIYI_videos_csv_files
118.65989381090496,62.778071616435895,JAIYI_videos_csv_files
118.691595625976,64.20768865288237,JAIYI_videos_csv_files
118.72329744104704,64.91965633624976,JAIYI_videos_csv_files
118.75499925611808,69.72089990042804,JAIYI_videos_csv_files
118.78670107118911,70.47087182953328,JAIYI_videos_csv_files
118.81840288626016,64.23887165007739,JAIYI_videos_csv_files
118.8501047013312,70.3654427002641,JAIYI_videos_csv_files
118.88180651640224,72.16659496545681,JAIYI_videos_csv_files
118.91350833147328,71.93986072993742,JAIYI_videos_csv_files
118.94521014654433,77.49950437543848,JAIYI_videos_csv_files
118.97691196161536,76.96934560204969,JAIYI_videos_csv_files
119.0086137766864,73.31011003316307,JAIYI_videos_csv_files
119.04031559175743,70.2834439505282,JAIYI_videos_csv_files
119.0720174068285,67.34929072464847,JAIYI_videos_csv_files
119.10371922189952,66.8412604810401,JAIYI_videos_csv_files
119.13542103697056,66.45943810309774,JAIYI_videos_csv_files
119.16712285204162,65.71326195847499,JAIYI_videos_csv_files
119.19882466711265,65.69722106888808,JAIYI_videos_csv_files
119.23052648218368,65.77572178193869,JAIYI_videos_csv_files
119.26222829725474,59.06449860712844,JAIYI_videos_csv_files
119.29393011232575,56.619414401464695,JAIYI_videos_csv_files
119.3256319273968,67.32908860193298,JAIYI_videos_csv_files
119.35733374246786,71.93824139873556,JAIYI_videos_csv_files
119.38903555753888,74.60221222316886,JAIYI_videos_csv_files
119.42073737260992,70.11909272945363,JAIYI_videos_csv_files
119.45243918768098,65.16277588728144,JAIYI_videos_csv_files
119.484141002752,55.77684870555399,JAIYI_videos_csv_files
119.51584281782306,48.942925794929295,JAIYI_videos_csv_files
119.5475446328941,46.21472944736076,JAIYI_videos_csv_files
119.57924644796512,44.42625611645784,JAIYI_videos_csv_files
119.61094826303618,40.3795981925759,JAIYI_videos_csv_files
119.64265007810722,41.18732070561618,JAIYI_videos_csv_files
119.67435189317824,39.801859600386045,JAIYI_videos_csv_files
119.7060537082493,37.262687837743954,JAIYI_videos_csv_files
119.73775552332036,42.85307584048082,JAIYI_videos_csv_files
119.76945733839138,43.41740556199426,JAIYI_videos_csv_files
119.80115915346242,46.97619160930946,JAIYI_videos_csv_files
119.83286096853348,49.66393804939713,JAIYI_videos_csv_files
119.8645627836045,47.64566854564179,JAIYI_videos_csv_files
119.89626459867554,55.67419014859984,JAIYI_videos_csv_files
119.9279664137466,62.23617904690266,JAIYI_videos_csv_files
119.95966822881762,62.03136884155182,JAIYI_videos_csv_files
119.99137004388868,66.25448619625219,JAIYI_videos_csv_files
120.02307185895972,68.21588927945866,JAIYI_videos_csv_files
120.05477367403074,71.90500293846675,JAIYI_videos_csv_files
120.0864754891018,72.72422342077569,JAIYI_videos_csv_files
120.11817730417285,73.48150899407635,JAIYI_videos_csv_files
120.14987911924386,71.76927800562187,JAIYI_videos_csv_files
120.18158093431492,70.33862734057364,JAIYI_videos_csv_files
120.21328274938595,70.12857884619758,JAIYI_videos_csv_files
120.24498456445698,74.5873248607917,JAIYI_videos_csv_files
120.27668637952804,71.11503971349721,JAIYI_videos_csv_files
120.30838819459908,73.15703042205236,JAIYI_videos_csv_files
120.3400900096701,74.72681469188132,JAIYI_videos_csv_files
120.37179182474117,75.40468485268241,JAIYI_videos_csv_files
120.4034936398122,77.4438473355158,JAIYI_videos_csv_files
120.43519545488324,78.28600306765779,JAIYI_videos_csv_files
120.46689726995427,77.79357238240834,JAIYI_videos_csv_files
120.49859908502532,76.52830605891339,JAIYI_videos_csv_files
120.53030090009636,73.05412720306147,JAIYI_videos_csv_files
120.5620027151674,64.66824933897084,JAIYI_videos_csv_files
120.59370453023844,66.99964057820469,JAIYI_videos_csv_files
120.62540634530949,67.268969333287,JAIYI_videos_csv_files
120.65710816038052,65.47388859205427,JAIYI_videos_csv_files
120.68880997545156,64.63813848072482,JAIYI_videos_csv_files
120.7205117905226,60.95219561219496,JAIYI_videos_csv_files
120.75221360559364,53.97885829842248,JAIYI_videos_csv_files
120.78391542066468,54.26472377726125,JAIYI_videos_csv_files
120.81561723573571,58.27746339025223,JAIYI_videos_csv_files
120.84731905080676,45.7777155516407,JAIYI_videos_csv_files
120.8790208658778,49.0175571259919,JAIYI_videos_csv_files
120.91072268094884,59.92340313705495,JAIYI_videos_csv_files
120.94242449601988,59.5024444782999,JAIYI_videos_csv_files
120.97412631109091,58.053261327156896,JAIYI_videos_csv_files
121.00582812616196,57.72855148576027,JAIYI_videos_csv_files
121.037529941233,58.85203760595815,JAIYI_videos_csv_files
121.06923175630403,58.21001832582573,JAIYI_videos_csv_files
121.10093357137508,55.13606232845114,JAIYI_videos_csv_files
121.13263538644613,53.67985390674557,JAIYI_videos_csv_files
121.16433720151716,54.54581983490938,JAIYI_videos_csv_files
121.1960390165882,53.582029790894666,JAIYI_videos_csv_files
121.22774083165925,53.42194026003052,JAIYI_videos_csv_files
121.25944264673028,50.20417490632982,JAIYI_videos_csv_files
121.29114446180132,47.09928441505021,JAIYI_videos_csv_files
121.32284627687235,42.81515037409246,JAIYI_videos_csv_files
121.3545480919434,40.44325561914188,JAIYI_videos_csv_files
121.38624990701445,38.90309860896562,JAIYI_videos_csv_files
121.41795172208548,35.920655072180764,JAIYI_videos_csv_files
121.44965353715654,34.22336680749982,JAIYI_videos_csv_files
121.48135535222757,33.67925139160225,JAIYI_videos_csv_files
121.5130571672986,33.52208610455181,JAIYI_videos_csv_files
121.54475898236966,32.174690217671674,JAIYI_videos_csv_files
121.57646079744067,29.2160717799044,JAIYI_videos_csv_files
121.60816261251172,28.23785641095293,JAIYI_videos_csv_files
121.63986442758278,26.444279750101423,JAIYI_videos_csv_files
121.6715662426538,25.30243055351834,JAIYI_videos_csv_files
121.70326805772486,23.78241524526755,JAIYI_videos_csv_files
121.7349698727959,24.59430380022926,JAIYI_videos_csv_files
121.76667168786692,23.457624725076137,JAIYI_videos_csv_files
121.79837350293798,24.335825620254507,JAIYI_videos_csv_files
121.83007531800902,26.91392693610742,JAIYI_videos_csv_files
121.86177713308008,22.862403790477124,JAIYI_videos_csv_files
121.8934789481511,14.890262606638125,JAIYI_videos_csv_files
121.92518076322214,5.09291759155596,JAIYI_videos_csv_files
121.9568825782932,3.2735398507266846,JAIYI_videos_csv_files
121.98858439336422,1.2235347070309357,JAIYI_videos_csv_files
122.02028620843528,1.3306494175238748,JAIYI_videos_csv_files
122.05198802350633,4.912049887764422,JAIYI_videos_csv_files
122.08368983857734,7.273375447946938,JAIYI_videos_csv_files
122.1153916536484,4.658884557811334,JAIYI_videos_csv_files
122.14709346871943,13.24158283173083,JAIYI_videos_csv_files
122.17879528379046,29.18218063687731,JAIYI_videos_csv_files
122.21049709886152,40.7875670145495,JAIYI_videos_csv_files
122.24219891393255,39.30200800819368,JAIYI_videos_csv_files
122.2739007290036,30.18927467221646,JAIYI_videos_csv_files
122.30560254407465,23.833111757008197,JAIYI_videos_csv_files
122.33730435914568,13.215530043878006,JAIYI_videos_csv_files
122.36900617421672,8.474502537133093,JAIYI_videos_csv_files
122.40070798928777,6.114535699555251,JAIYI_videos_csv_files
122.4324098043588,4.857893586238906,JAIYI_videos_csv_files
122.46411161942984,5.4524480592271365,JAIYI_videos_csv_files
122.49581343450087,3.7068205102052447,JAIYI_videos_csv_files
122.52751524957192,2.3918373636464505,JAIYI_videos_csv_files
122.55921706464297,1.7882110549288135,JAIYI_videos_csv_files
122.590918879714,1.39319298649811,JAIYI_videos_csv_files
122.62262069478504,1.1215875359408014,JAIYI_videos_csv_files
122.65432250985609,0.9476595883038854,JAIYI_videos_csv_files
122.68602432492712,18.800022978200737,JAIYI_videos_csv_files
122.71772613999816,26.35736066064429,JAIYI_videos_csv_files
122.7494279550692,24.022215518952297,JAIYI_videos_csv_files
122.78112977014024,20.76969397479581,JAIYI_videos_csv_files
122.81283158521128,14.736562569255694,JAIYI_videos_csv_files
122.84453340028232,6.125255407396371,JAIYI_videos_csv_files
122.87623521535336,1.6273996319708424,JAIYI_videos_csv_files
122.9079370304244,2.1625827951930474,JAIYI_videos_csv_files
122.93963884549544,4.955347098488435,JAIYI_videos_csv_files
122.97134066056648,3.6834851358312943,JAIYI_videos_csv_files
123.00304247563751,2.484412952491108,JAIYI_videos_csv_files
123.03474429070856,2.122234146421419,JAIYI_videos_csv_files
123.0664461057796,1.6759082302107908,JAIYI_videos_csv_files
123.09814792085064,2.291414171488776,JAIYI_videos_csv_files
123.12984973592168,1.6059457289943582,JAIYI_videos_csv_files
123.16155155099273,1.1344610934073212,JAIYI_videos_csv_files
123.19325336606376,3.0477869724331668,JAIYI_videos_csv_files
123.2249551811348,2.221860424447148,JAIYI_videos_csv_files
123.25665699620583,1.905512411590696,JAIYI_videos_csv_files
123.2883588112769,0.6993770427607074,JAIYI_videos_csv_files
123.32006062634792,0.4650386500401132,JAIYI_videos_csv_files
123.35176244141896,0.4756581443029495,JAIYI_videos_csv_files
123.38346425649002,1.8284117602082444,JAIYI_videos_csv_files
123.41516607156105,2.021170510247825,JAIYI_videos_csv_files
123.44686788663208,2.4524501623174912,JAIYI_videos_csv_files
123.47856970170314,2.522225045458892,JAIYI_videos_csv_files
123.51027151677415,2.4431297576002167,JAIYI_videos_csv_files
123.5419733318452,2.4166485243040143,JAIYI_videos_csv_files
123.57367514691626,2.297204892921122,JAIYI_videos_csv_files
123.60537696198728,1.7979784003147,JAIYI_videos_csv_files
123.63707877705832,3.8663584864061,JAIYI_videos_csv_files
123.66878059212938,6.278748477924249,JAIYI_videos_csv_files
123.7004824072004,4.295516380135171,JAIYI_videos_csv_files
123.73218422227146,4.497972782013775,JAIYI_videos_csv_files
123.7638860373425,4.495278091961619,JAIYI_videos_csv_files
123.79558785241352,2.864704061151139,JAIYI_videos_csv_files
123.82728966748458,2.675780214353188,JAIYI_videos_csv_files
123.85899148255562,4.004875915854821,JAIYI_videos_csv_files
123.89069329762664,3.870054036463891,JAIYI_videos_csv_files
123.9223951126977,3.5141151645765736,JAIYI_videos_csv_files
123.95409692776876,3.3807243702108054,JAIYI_videos_csv_files
123.98579874283978,3.440047503873517,JAIYI_videos_csv_files
124.01750055791082,3.442845238928303,JAIYI_videos_csv_files
124.04920237298188,3.4197186246037226,JAIYI_videos_csv_files
124.0809041880529,2.342719216112373,JAIYI_videos_csv_files
124.11260600312394,2.4410463323071503,JAIYI_videos_csv_files
124.144307818195,2.539326028042616,JAIYI_videos_csv_files
124.17600963326602,2.58732831102356,JAIYI_videos_csv_files
124.20771144833708,2.1526443411479548,JAIYI_videos_csv_files
124.23941326340812,1.855294782723096,JAIYI_videos_csv_files
124.27111507847914,2.4230533424820284,JAIYI_videos_csv_files
124.3028168935502,3.222542169751321,JAIYI_videos_csv_files
124.33451870862125,1.2629187558417538,JAIYI_videos_csv_files
124.36622052369226,1.6692523684629486,JAIYI_videos_csv_files
124.39792233876332,1.3742742843671876,JAIYI_videos_csv_files
124.42962415383435,2.286611988540082,JAIYI_videos_csv_files
124.46132596890538,2.816273754104336,JAIYI_videos_csv_files
124.49302778397644,3.457486094649507,JAIYI_videos_csv_files
124.52472959904748,3.757548067657941,JAIYI_videos_csv_files
124.5564314141185,3.7323064687103895,JAIYI_videos_csv_files
124.58813322918957,1.370881930494464,JAIYI_videos_csv_files
124.6198350442606,2.0886347452720933,JAIYI_videos_csv_files
124.65153685933164,1.8674300152116985,JAIYI_videos_csv_files
124.68323867440267,2.211141074799281,JAIYI_videos_csv_files
124.71494048947372,0.2198199838257175,JAIYI_videos_csv_files
124.74664230454476,0.4542016312192899,JAIYI_videos_csv_files
124.7783441196158,0.7032032944056544,JAIYI_videos_csv_files
124.81004593468684,0.7629477931273957,JAIYI_videos_csv_files
124.84174774975789,0.888239066095655,JAIYI_videos_csv_files
124.87344956482892,1.024233006819628,JAIYI_videos_csv_files
124.90515137989996,1.1112645925380795,JAIYI_videos_csv_files
124.936853194971,1.098655337262754,JAIYI_videos_csv_files
124.96855501004204,1.0878104944649498,JAIYI_videos_csv_files
125.00025682511308,0.8649764009042483,JAIYI_videos_csv_files
125.03195864018411,0.6911466444681832,JAIYI_videos_csv_files
125.06366045525516,1.687992578921689,JAIYI_videos_csv_files
125.0953622703262,1.4068394185121509,JAIYI_videos_csv_files
125.12706408539724,1.0819754488260165,JAIYI_videos_csv_files
125.15876590046828,1.5045970223726357,JAIYI_videos_csv_files
125.19046771553931,0.4244878041553074,JAIYI_videos_csv_files
125.22216953061036,0.3406548299092827,JAIYI_videos_csv_files
125.2538713456814,0.3105974507057004,JAIYI_videos_csv_files
125.28557316075243,0.3904400922008556,JAIYI_videos_csv_files
125.31727497582348,0.4352636392015408,JAIYI_videos_csv_files
125.34897679089453,0.5072109691794334,JAIYI_videos_csv_files
125.38067860596556,0.5566119431678387,JAIYI_videos_csv_files
125.4123804210366,0.7952840516330821,JAIYI_videos_csv_files
125.44408223610765,0.6858288145588236,JAIYI_videos_csv_files
125.47578405117868,1.5199903914299309,JAIYI_videos_csv_files
125.50748586624972,1.953230958883848,JAIYI_videos_csv_files
125.53918768132075,1.629386782194117,JAIYI_videos_csv_files
125.5708894963918,1.3324796165577768,JAIYI_videos_csv_files
125.60259131146285,0.8661290661805727,JAIYI_videos_csv_files
125.63429312653388,0.4580429530354417,JAIYI_videos_csv_files
125.66599494160494,0.1633588087899727,JAIYI_videos_csv_files
125.69769675667597,0.1881890045982765,JAIYI_videos_csv_files
125.729398571747,0.0778990652130399,JAIYI_videos_csv_files
125.76110038681806,0.1148199161349504,JAIYI_videos_csv_files
125.79280220188907,0.2197612491107453,JAIYI_videos_csv_files
125.82450401696012,0.3523231829448009,JAIYI_videos_csv_files
125.85620583203118,0.4893476794501999,JAIYI_videos_csv_files
125.8879076471022,0.7444751646749229,JAIYI_videos_csv_files
125.91960946217326,0.8975400032898906,JAIYI_videos_csv_files
125.9513112772443,0.8825934427313875,JAIYI_videos_csv_files
125.98301309231532,0.9619384165678868,JAIYI_videos_csv_files
126.01471490738638,1.2978914396939674,JAIYI_videos_csv_files
126.04641672245742,1.6112695957938823,JAIYI_videos_csv_files
126.07811853752844,2.003766118563213,JAIYI_videos_csv_files
126.1098203525995,7.391102694820451,JAIYI_videos_csv_files
126.14152216767054,26.737252802084463,JAIYI_videos_csv_files
126.17322398274158,43.54357629239743,JAIYI_videos_csv_files
126.20492579781262,51.86494712634025,JAIYI_videos_csv_files
126.23662761288368,60.997081314616864,JAIYI_videos_csv_files
126.2683294279547,69.57701892030245,JAIYI_videos_csv_files
126.30003124302574,81.2101176803004,JAIYI_videos_csv_files
126.3317330580968,92.51911140464888,JAIYI_videos_csv_files
126.36343487316782,96.85709720643256,JAIYI_videos_csv_files
126.39513668823886,95.30213806488386,JAIYI_videos_csv_files
126.42683850330992,94.62648080967284,JAIYI_videos_csv_files
126.45854031838095,88.87594619776046,JAIYI_videos_csv_files
126.490242133452,83.3153426269834,JAIYI_videos_csv_files
126.52194394852305,79.11487328590543,JAIYI_videos_csv_files
126.55364576359408,77.01152345868894,JAIYI_videos_csv_files
126.58534757866512,71.61650033599093,JAIYI_videos_csv_files
126.61704939373617,67.41832954900794,JAIYI_videos_csv_files
126.6487512088072,66.28433926489075,JAIYI_videos_csv_files
126.68045302387824,63.85705133872415,JAIYI_videos_csv_files
126.71215483894927,60.21405312057219,JAIYI_videos_csv_files
126.74385665402032,59.448422944549336,JAIYI_videos_csv_files
126.77555846909137,58.6790151445454,JAIYI_videos_csv_files
126.8072602841624,58.26630489219141,JAIYI_videos_csv_files
126.83896209923344,58.99822689801597,JAIYI_videos_csv_files
126.87066391430449,59.06103121607866,JAIYI_videos_csv_files
126.90236572937552,62.00450422459368,JAIYI_videos_csv_files
126.93406754444656,63.18364563897476,JAIYI_videos_csv_files
126.9657693595176,63.63225610598765,JAIYI_videos_csv_files
126.99747117458864,62.69987733900063,JAIYI_videos_csv_files
127.02917298965968,63.04853621331024,JAIYI_videos_csv_files
127.06087480473072,60.47292228290996,JAIYI_videos_csv_files
127.09257661980176,57.73895835210942,JAIYI_videos_csv_files
127.1242784348728,54.70865750081479,JAIYI_videos_csv_files
127.15598024994384,53.0288313650885,JAIYI_videos_csv_files
127.18768206501488,52.16686384492841,JAIYI_videos_csv_files
127.21938388008591,52.09189798391825,JAIYI_videos_csv_files
127.25108569515696,50.81128204871274,JAIYI_videos_csv_files
127.282787510228,52.56571166555786,JAIYI_videos_csv_files
127.31448932529904,52.79165000071597,JAIYI_videos_csv_files
127.34619114037008,49.33252991392097,JAIYI_videos_csv_files
127.37789295544113,44.21765484713897,JAIYI_videos_csv_files
127.40959477051216,36.34237588750816,JAIYI_videos_csv_files
127.4412965855832,32.343834970615454,JAIYI_videos_csv_files
127.47299840065423,11.113873869507744,JAIYI_videos_csv_files
127.5047002157253,6.646550986718094,JAIYI_videos_csv_files
127.53640203079632,2.847769160758293,JAIYI_videos_csv_files
127.56810384586736,1.9150193915796323,JAIYI_videos_csv_files
127.59980566093842,13.251785099817615,JAIYI_videos_csv_files
127.63150747600945,18.69144904460966,JAIYI_videos_csv_files
127.66320929108048,20.141556283085475,JAIYI_videos_csv_files
127.69491110615154,19.89330916848408,JAIYI_videos_csv_files
127.72661292122255,14.198973139947608,JAIYI_videos_csv_files
127.7583147362936,10.418081939974504,JAIYI_videos_csv_files
127.79001655136466,11.176688466049267,JAIYI_videos_csv_files
127.82171836643568,11.495266247508436,JAIYI_videos_csv_files
127.85342018150672,6.548861619838317,JAIYI_videos_csv_files
127.88512199657778,2.9159855864454105,JAIYI_videos_csv_files
127.9168238116488,3.997947941143895,JAIYI_videos_csv_files
127.94852562671986,4.597856319944041,JAIYI_videos_csv_files
127.9802274417909,4.812597624550886,JAIYI_videos_csv_files
128.01192925686195,5.988988346697668,JAIYI_videos_csv_files
128.04363107193296,6.71661055383999,JAIYI_videos_csv_files
128.075332887004,8.403103611545419,JAIYI_videos_csv_files
128.10703470207503,18.043183921164545,JAIYI_videos_csv_files
128.1387365171461,19.355122241012896,JAIYI_videos_csv_files
128.17043833221717,23.414295454875557,JAIYI_videos_csv_files
128.2021401472882,25.272988344831965,JAIYI_videos_csv_files
128.2338419623592,21.83396633272212,JAIYI_videos_csv_files
128.26554377743025,20.1837433420709,JAIYI_videos_csv_files
128.2972455925013,20.118874224598493,JAIYI_videos_csv_files
128.32894740757234,18.050163744129087,JAIYI_videos_csv_files
128.3606492226434,14.718288192656752,JAIYI_videos_csv_files
128.39235103771443,12.196196405395096,JAIYI_videos_csv_files
128.42405285278545,9.661725351499904,JAIYI_videos_csv_files
128.4557546678565,7.88195463620087,JAIYI_videos_csv_files
128.48745648292754,7.943868873509408,JAIYI_videos_csv_files
128.5191582979986,8.48150236392728,JAIYI_videos_csv_files
128.55086011306963,8.60983800236832,JAIYI_videos_csv_files
128.58256192814068,7.9586471029592225,JAIYI_videos_csv_files
128.6142637432117,14.255528626482192,JAIYI_videos_csv_files
128.64596555828274,11.709331838189728,JAIYI_videos_csv_files
128.67766737335378,13.4761320910159,JAIYI_videos_csv_files
128.70936918842483,9.292043205928676,JAIYI_videos_csv_files
128.74107100349588,6.884077838623252,JAIYI_videos_csv_files
128.77277281856692,4.0339316208562215,JAIYI_videos_csv_files
128.80447463363797,1.384887847212272,JAIYI_videos_csv_files
128.83617644870898,1.1939805667432806,JAIYI_videos_csv_files
128.86787826378003,1.2198733982845082,JAIYI_videos_csv_files
128.89958007885107,1.061903569900682,JAIYI_videos_csv_files
128.93128189392212,1.5013073000799102,JAIYI_videos_csv_files
128.96298370899316,1.963956394886327,JAIYI_videos_csv_files
128.9946855240642,2.3087363602752573,JAIYI_videos_csv_files
129.02638733913523,3.923393505386323,JAIYI_videos_csv_files
129.05808915420627,6.83984708730549,JAIYI_videos_csv_files
129.08979096927732,6.691629782900861,JAIYI_videos_csv_files
129.12149278434836,10.943589372083226,JAIYI_videos_csv_files
129.1531945994194,10.332595051901144,JAIYI_videos_csv_files
129.18489641449045,10.229128493956871,JAIYI_videos_csv_files
129.21659822956147,10.789824228464576,JAIYI_videos_csv_files
129.24830004463251,8.61758984474792,JAIYI_videos_csv_files
129.28000185970356,6.353479204625291,JAIYI_videos_csv_files
129.3117036747746,4.109609114728222,JAIYI_videos_csv_files
129.34340548984565,3.027263637758953,JAIYI_videos_csv_files
129.3751073049167,2.6019606969768843,JAIYI_videos_csv_files
129.4068091199877,2.387188211813698,JAIYI_videos_csv_files
129.43851093505876,2.9880484495638147,JAIYI_videos_csv_files
129.4702127501298,15.437029514893409,JAIYI_videos_csv_files
129.50191456520085,44.93085918998523,JAIYI_videos_csv_files
129.5336163802719,62.55961758642892,JAIYI_videos_csv_files
129.56531819534294,74.13173775373903,JAIYI_videos_csv_files
129.59702001041396,75.80536501372926,JAIYI_videos_csv_files
129.628721825485,78.60861236286193,JAIYI_videos_csv_files
129.66042364055605,79.08879010399934,JAIYI_videos_csv_files
129.6921254556271,78.27003977202575,JAIYI_videos_csv_files
129.72382727069814,74.60878779720247,JAIYI_videos_csv_files
129.75552908576918,68.81224012934523,JAIYI_videos_csv_files
129.7872309008402,66.64227757487929,JAIYI_videos_csv_files
129.81893271591125,66.16422320764539,JAIYI_videos_csv_files
129.8506345309823,62.74746475941509,JAIYI_videos_csv_files
129.88233634605334,62.246278048712725,JAIYI_videos_csv_files
129.91403816112438,60.08646971772196,JAIYI_videos_csv_files
129.94573997619543,59.56570087964546,JAIYI_videos_csv_files
129.97744179126644,58.51116459412233,JAIYI_videos_csv_files
130.0091436063375,57.707870838494365,JAIYI_videos_csv_files
130.04084542140853,54.42898000831562,JAIYI_videos_csv_files
130.07254723647958,49.58005520086822,JAIYI_videos_csv_files
130.10424905155062,47.34087700519178,JAIYI_videos_csv_files
130.13595086662167,48.652401627731415,JAIYI_videos_csv_files
130.1676526816927,49.677613280755466,JAIYI_videos_csv_files
130.19935449676373,52.786693970779815,JAIYI_videos_csv_files
130.23105631183478,55.01222602694549,JAIYI_videos_csv_files
130.26275812690582,58.24282441047275,JAIYI_videos_csv_files
130.29445994197687,60.3836331634153,JAIYI_videos_csv_files
130.3261617570479,63.59087670356773,JAIYI_videos_csv_files
130.35786357211893,65.98256221278221,JAIYI_videos_csv_files
130.38956538718998,62.82308260440822,JAIYI_videos_csv_files
130.42126720226102,60.464461370554766,JAIYI_videos_csv_files
130.45296901733207,52.545298620619135,JAIYI_videos_csv_files
130.4846708324031,49.56342175585191,JAIYI_videos_csv_files
130.51637264747416,48.32564142752488,JAIYI_videos_csv_files
130.54807446254517,46.8156858268947,JAIYI_videos_csv_files
130.57977627761622,45.999837408101946,JAIYI_videos_csv_files
130.61147809268726,44.77162477675957,JAIYI_videos_csv_files
130.6431799077583,44.57425182810538,JAIYI_videos_csv_files
130.67488172282935,45.1789911210675,JAIYI_videos_csv_files
130.7065835379004,45.03242611804584,JAIYI_videos_csv_files
130.73828535297142,44.27914765348597,JAIYI_videos_csv_files
130.76998716804246,45.16152421703563,JAIYI_videos_csv_files
130.8016889831135,46.7683276671938,JAIYI_videos_csv_files
130.83339079818455,46.7409335833245,JAIYI_videos_csv_files
130.8650926132556,46.64215420368307,JAIYI_videos_csv_files
130.89679442832664,46.684933931208334,JAIYI_videos_csv_files
130.92849624339766,46.35918151541052,JAIYI_videos_csv_files
130.9601980584687,46.278146007156906,JAIYI_videos_csv_files
130.99189987353975,45.48437750792999,JAIYI_videos_csv_files
131.0236016886108,43.713971286253496,JAIYI_videos_csv_files
131.05530350368184,42.75353763103824,JAIYI_videos_csv_files
131.0870053187529,42.141508109698776,JAIYI_videos_csv_files
131.1187071338239,42.35986222587577,JAIYI_videos_csv_files
131.15040894889495,42.73110631638893,JAIYI_videos_csv_files
131.182110763966,43.71809914025516,JAIYI_videos_csv_files
131.21381257903704,42.779904407429726,JAIYI_videos_csv_files
131.24551439410808,41.99964416734231,JAIYI_videos_csv_files
131.27721620917913,41.263624907658816,JAIYI_videos_csv_files
131.30891802425015,41.98947889397445,JAIYI_videos_csv_files
131.3406198393212,43.72327909614204,JAIYI_videos_csv_files
131.37232165439224,44.34376031289084,JAIYI_videos_csv_files
131.40402346946328,41.06763573322813,JAIYI_videos_csv_files
131.43572528453433,37.300620546554526,JAIYI_videos_csv_files
131.46742709960537,32.290519104354644,JAIYI_videos_csv_files
131.4991289146764,25.241230612375496,JAIYI_videos_csv_files
131.53083072974744,20.53082507219519,JAIYI_videos_csv_files
131.56253254481848,13.309192694894342,JAIYI_videos_csv_files
131.59423435988953,13.013284100880115,JAIYI_videos_csv_files
131.62593617496057,7.534279334230021,JAIYI_videos_csv_files
131.65763799003162,8.460192578928954,JAIYI_videos_csv_files
131.68933980510263,10.998000354124311,JAIYI_videos_csv_files
131.72104162017368,9.282429142907937,JAIYI_videos_csv_files
131.75274343524472,6.919012114941774,JAIYI_videos_csv_files
131.78444525031577,4.748182770823703,JAIYI_videos_csv_files
131.81614706538682,3.9648072563641374,JAIYI_videos_csv_files
131.84784888045786,2.7314893349496185,JAIYI_videos_csv_files
131.87955069552888,1.9654491908107905,JAIYI_videos_csv_files
131.91125251059992,1.3716136945832096,JAIYI_videos_csv_files
131.94295432567097,2.1067045759097245,JAIYI_videos_csv_files
131.974656140742,3.085680975249033,JAIYI_videos_csv_files
132.00635795581306,16.12620629649436,JAIYI_videos_csv_files
132.0380597708841,30.2252087421013,JAIYI_videos_csv_files
132.06976158595512,35.92073275933823,JAIYI_videos_csv_files
132.10146340102617,34.438708942382306,JAIYI_videos_csv_files
132.1331652160972,33.01927273617167,JAIYI_videos_csv_files
132.16486703116826,29.381984513031146,JAIYI_videos_csv_files
132.1965688462393,25.53676683687941,JAIYI_videos_csv_files
132.22827066131035,18.162167203392595,JAIYI_videos_csv_files
132.25997247638136,12.547789620320527,JAIYI_videos_csv_files
132.2916742914524,8.991038222132833,JAIYI_videos_csv_files
132.32337610652343,6.392751484479193,JAIYI_videos_csv_files
132.3550779215945,6.298825741415794,JAIYI_videos_csv_files
132.38677973666557,6.00751114682864,JAIYI_videos_csv_files
132.4184815517366,5.799368299397893,JAIYI_videos_csv_files
132.4501833668076,5.809013862143614,JAIYI_videos_csv_files
132.48188518187865,7.4547093419793775,JAIYI_videos_csv_files
132.5135869969497,16.417542256648964,JAIYI_videos_csv_files
132.54528881202074,25.66405375673228,JAIYI_videos_csv_files
132.5769906270918,26.762557718766057,JAIYI_videos_csv_files
132.60869244216283,24.916414280765363,JAIYI_videos_csv_files
132.64039425723385,22.600988504058748,JAIYI_videos_csv_files
132.6720960723049,18.85347680756409,JAIYI_videos_csv_files
132.70379788737594,17.82028521661472,JAIYI_videos_csv_files
132.735499702447,16.062926756410597,JAIYI_videos_csv_files
132.76720151751803,13.09972067864385,JAIYI_videos_csv_files
132.79890333258908,11.114011450035203,JAIYI_videos_csv_files
132.8306051476601,11.6289333072857,JAIYI_videos_csv_files
132.86230696273114,12.357501585252782,JAIYI_videos_csv_files
132.89400877780218,12.591262479044383,JAIYI_videos_csv_files
132.92571059287323,21.008032928035785,JAIYI_videos_csv_files
132.95741240794428,24.14202222436717,JAIYI_videos_csv_files
132.98911422301532,19.17134184386653,JAIYI_videos_csv_files
133.02081603808634,13.459825347186085,JAIYI_videos_csv_files
133.05251785315738,9.18567008614398,JAIYI_videos_csv_files
133.08421966822843,5.612310698527007,JAIYI_videos_csv_files
133.11592148329947,0.8779168323697102,JAIYI_videos_csv_files
133.14762329837052,0.956581478987284,JAIYI_videos_csv_files
133.17932511344156,1.318449777280628,JAIYI_videos_csv_files
133.21102692851258,1.0576762540073323,JAIYI_videos_csv_files
133.24272874358363,0.8082694590553873,JAIYI_videos_csv_files
133.27443055865467,0.6049752281882146,JAIYI_videos_csv_files
133.30613237372572,0.5619733244291324,JAIYI_videos_csv_files
133.33783418879676,0.7270102201350847,JAIYI_videos_csv_files
133.3695360038678,0.7437592355995538,JAIYI_videos_csv_files
133.40123781893885,0.8275666092605088,JAIYI_videos_csv_files
133.43293963400987,0.6673520899275329,JAIYI_videos_csv_files
133.46464144908091,0.2982916772656464,JAIYI_videos_csv_files
133.49634326415196,12.010566348833049,JAIYI_videos_csv_files
133.528045079223,24.709440062461628,JAIYI_videos_csv_files
133.55974689429405,28.507877141896383,JAIYI_videos_csv_files
133.5914487093651,31.56968290635301,JAIYI_videos_csv_files
133.6231505244361,47.954059348476925,JAIYI_videos_csv_files
133.65485233950716,52.54925329786673,JAIYI_videos_csv_files
133.6865541545782,46.86264019924221,JAIYI_videos_csv_files
133.71825596964925,5.780735734431531,JAIYI_videos_csv_files
133.7499577847203,0.8132821185187539,JAIYI_videos_csv_files
133.78165959979134,0.7628605622379666,JAIYI_videos_csv_files
133.81336141486236,1.678682845838383,JAIYI_videos_csv_files
133.8450632299334,2.951649040734531,JAIYI_videos_csv_files
133.87676504500445,2.8003761190529413,JAIYI_videos_csv_files
133.9084668600755,2.368990041163457,JAIYI_videos_csv_files
133.94016867514654,1.810030176860999,JAIYI_videos_csv_files
133.97187049021758,3.1182854131359714,JAIYI_videos_csv_files
134.0035723052886,0.8384054601552018,JAIYI_videos_csv_files
134.03527412035965,1.742945514504263,JAIYI_videos_csv_files
134.0669759354307,1.5452505061553123,JAIYI_videos_csv_files
134.09867775050174,0.8447515278786926,JAIYI_videos_csv_files
134.13037956557278,1.8142960003157615,JAIYI_videos_csv_files
134.16208138064383,1.230641951190476,JAIYI_videos_csv_files
134.19378319571484,0.8157884277527944,JAIYI_videos_csv_files
134.2254850107859,0.2150874265806797,JAIYI_videos_csv_files
134.25718682585693,0.5578855321304681,JAIYI_videos_csv_files
134.28888864092798,0.4498119476711883,JAIYI_videos_csv_files
134.32059045599902,0.4371173945877254,JAIYI_videos_csv_files
134.35229227107007,0.6517782719981232,JAIYI_videos_csv_files
134.3839940861411,1.002539503031178,JAIYI_videos_csv_files
134.41569590121213,1.6499331240302422,JAIYI_videos_csv_files
134.44739771628318,1.622649644489809,JAIYI_videos_csv_files
134.47909953135422,1.5765199135491277,JAIYI_videos_csv_files
134.51080134642527,1.2394674676596755,JAIYI_videos_csv_files
134.5425031614963,0.9823346641485068,JAIYI_videos_csv_files
134.57420497656733,0.769075377427647,JAIYI_videos_csv_files
134.60590679163838,0.5759771797322233,JAIYI_videos_csv_files
134.63760860670942,1.2000021228754083,JAIYI_videos_csv_files
134.66931042178047,0.8939037496637463,JAIYI_videos_csv_files
134.7010122368515,0.8497893805033049,JAIYI_videos_csv_files
134.73271405192256,0.8683482401166991,JAIYI_videos_csv_files
134.76441586699357,1.1540857779662643,JAIYI_videos_csv_files
134.79611768206462,1.6170207089149522,JAIYI_videos_csv_files
134.82781949713566,2.0296865038698133,JAIYI_videos_csv_files
134.8595213122067,1.976550055961396,JAIYI_videos_csv_files
134.89122312727775,1.1383453965768324,JAIYI_videos_csv_files
134.9229249423488,1.070366768094375,JAIYI_videos_csv_files
134.95462675741982,1.0662785205836771,JAIYI_videos_csv_files
134.98632857249086,1.0645330768371684,JAIYI_videos_csv_files
135.0180303875619,1.0072181575055916,JAIYI_videos_csv_files
135.04973220263295,1.019351005140902,JAIYI_videos_csv_files
135.081434017704,0.9682172631491818,JAIYI_videos_csv_files
135.11313583277504,1.1367450351156116,JAIYI_videos_csv_files
135.14483764784606,1.490943783526634,JAIYI_videos_csv_files
135.1765394629171,1.5353942407883654,JAIYI_videos_csv_files
135.20824127798815,1.5920013582096348,JAIYI_videos_csv_files
135.2399430930592,1.5512442193684752,JAIYI_videos_csv_files
135.27164490813024,1.624536128849845,JAIYI_videos_csv_files
135.3033467232013,1.560336031786547,JAIYI_videos_csv_files
135.3350485382723,1.4300994696509857,JAIYI_videos_csv_files
135.36675035334335,1.1196363933770328,JAIYI_videos_csv_files
135.3984521684144,1.0420640208557668,JAIYI_videos_csv_files
135.43015398348544,1.3801165089325629,JAIYI_videos_csv_files
135.46185579855648,1.5466954180303203,JAIYI_videos_csv_files
135.49355761362753,1.794481971415424,JAIYI_videos_csv_files
135.52525942869855,1.7941730017363005,JAIYI_videos_csv_files
135.5569612437696,1.4336180219220451,JAIYI_videos_csv_files
135.58866305884064,1.9192945871537888,JAIYI_videos_csv_files
135.62036487391168,2.0117294685729346,JAIYI_videos_csv_files
135.65206668898273,1.8160663703407645,JAIYI_videos_csv_files
135.68376850405377,1.6060079621448498,JAIYI_videos_csv_files
135.7154703191248,1.5570242273886543,JAIYI_videos_csv_files
135.74717213419584,1.561367290939029,JAIYI_videos_csv_files
135.77887394926688,1.5641480666311365,JAIYI_videos_csv_files
135.81057576433793,1.602646842987215,JAIYI_videos_csv_files
135.84227757940897,1.6659874040031812,JAIYI_videos_csv_files
135.87397939448002,1.7003594836338836,JAIYI_videos_csv_files
135.90568120955103,1.6726920716101237,JAIYI_videos_csv_files
135.93738302462208,1.7133527608425798,JAIYI_videos_csv_files
135.96908483969312,2.7179124808703587,JAIYI_videos_csv_files
136.00078665476417,3.9835307719072905,JAIYI_videos_csv_files
136.03248846983522,5.462540772653455,JAIYI_videos_csv_files
136.06419028490626,5.429205893989734,JAIYI_videos_csv_files
136.09589209997728,5.191803324804565,JAIYI_videos_csv_files
136.12759391504832,4.453813520451532,JAIYI_videos_csv_files
136.15929573011937,3.894008032259922,JAIYI_videos_csv_files
136.1909975451904,3.085956550152257,JAIYI_videos_csv_files
136.22269936026146,11.546036307615822,JAIYI_videos_csv_files
136.2544011753325,38.08486480900167,JAIYI_videos_csv_files
136.28610299040352,50.08858799210095,JAIYI_videos_csv_files
136.31780480547457,56.70916890280965,JAIYI_videos_csv_files
136.3495066205456,56.32483249296509,JAIYI_videos_csv_files
136.38120843561666,53.56204065308393,JAIYI_videos_csv_files
136.4129102506877,49.019264159748666,JAIYI_videos_csv_files
136.44461206575875,48.517236908224014,JAIYI_videos_csv_files
136.47631388082976,48.80233461386344,JAIYI_videos_csv_files
136.5080156959008,47.66163211329758,JAIYI_videos_csv_files
136.53971751097183,52.179512427877576,JAIYI_videos_csv_files
136.5714193260429,54.86705723050156,JAIYI_videos_csv_files
136.60312114111397,57.76109376752505,JAIYI_videos_csv_files
136.634822956185,57.84844863741427,JAIYI_videos_csv_files
136.666524771256,54.87210566786259,JAIYI_videos_csv_files
136.69822658632705,50.96386208548709,JAIYI_videos_csv_files
136.7299284013981,54.2071053456578,JAIYI_videos_csv_files
136.76163021646914,52.73584650652863,JAIYI_videos_csv_files
136.7933320315402,54.29990169357765,JAIYI_videos_csv_files
136.82503384661123,56.634037535851874,JAIYI_videos_csv_files
136.85673566168225,61.12080578692568,JAIYI_videos_csv_files
136.8884374767533,54.47416477927531,JAIYI_videos_csv_files
136.92013929182434,35.12108066965174,JAIYI_videos_csv_files
136.9518411068954,36.34690577284273,JAIYI_videos_csv_files
136.98354292196643,42.66764384728236,JAIYI_videos_csv_files
137.01524473703748,23.550431185382752,JAIYI_videos_csv_files
137.0469465521085,25.41181507043675,JAIYI_videos_csv_files
137.07864836717954,27.301681329031855,JAIYI_videos_csv_files
137.11035018225058,30.01632192767239,JAIYI_videos_csv_files
137.14205199732163,24.843103417253374,JAIYI_videos_csv_files
137.17375381239268,33.18766991365833,JAIYI_videos_csv_files
137.20545562746372,47.83959528155453,JAIYI_videos_csv_files
137.23715744253474,54.13729242821408,JAIYI_videos_csv_files
137.26885925760578,70.20236648607724,JAIYI_videos_csv_files
137.30056107267683,72.1263530133621,JAIYI_videos_csv_files
137.33226288774787,75.72833991819094,JAIYI_videos_csv_files
137.36396470281892,75.67348235171855,JAIYI_videos_csv_files
137.39566651788996,71.87059351634979,JAIYI_videos_csv_files
137.42736833296098,75.7828308145137,JAIYI_videos_csv_files
137.45907014803203,77.10445200876255,JAIYI_videos_csv_files
137.49077196310307,79.79111783909244,JAIYI_videos_csv_files
137.52247377817412,77.20744970196938,JAIYI_videos_csv_files
137.55417559324516,76.55791980983157,JAIYI_videos_csv_files
137.5858774083162,68.89857135840604,JAIYI_videos_csv_files
137.61757922338722,73.23582042807318,JAIYI_videos_csv_files
137.64928103845827,77.76473920914493,JAIYI_videos_csv_files
137.68098285352931,80.00442963281165,JAIYI_videos_csv_files
137.71268466860036,78.69876766637684,JAIYI_videos_csv_files
137.7443864836714,72.73916739449665,JAIYI_videos_csv_files
137.77608829874245,65.66480992111231,JAIYI_videos_csv_files
137.80779011381347,63.431349463571365,JAIYI_videos_csv_files
137.8394919288845,58.08833724822826,JAIYI_videos_csv_files
137.87119374395556,53.53323473791056,JAIYI_videos_csv_files
137.9028955590266,54.82458188659887,JAIYI_videos_csv_files
137.93459737409765,62.76977812914545,JAIYI_videos_csv_files
137.9662991891687,70.47830985321134,JAIYI_videos_csv_files
137.99800100423974,67.87029286927273,JAIYI_videos_csv_files
138.02970281931076,62.71374780632358,JAIYI_videos_csv_files
138.0614046343818,54.3660049342099,JAIYI_videos_csv_files
138.09310644945285,47.66570572174191,JAIYI_videos_csv_files
138.1248082645239,42.89570342740905,JAIYI_videos_csv_files
138.15651007959494,40.84291904793723,JAIYI_videos_csv_files
138.18821189466598,43.306612392107525,JAIYI_videos_csv_files
138.219913709737,51.10951015726698,JAIYI_videos_csv_files
138.25161552480805,67.82433201725908,JAIYI_videos_csv_files
138.2833173398791,80.18847975579912,JAIYI_videos_csv_files
138.31501915495014,92.25870539888948,JAIYI_videos_csv_files
138.34672097002118,93.53774996743664,JAIYI_videos_csv_files
138.37842278509223,91.15054379368875,JAIYI_videos_csv_files
138.41012460016324,84.30862403891237,JAIYI_videos_csv_files
138.4418264152343,70.26982344002191,JAIYI_videos_csv_files
138.47352823030533,41.90718611117723,JAIYI_videos_csv_files
138.50523004537638,37.78254064196222,JAIYI_videos_csv_files
138.53693186044742,36.24634664979336,JAIYI_videos_csv_files
138.56863367551847,36.54471830682932,JAIYI_videos_csv_files
138.6003354905895,37.30198375517108,JAIYI_videos_csv_files
138.63203730566053,36.84960823501568,JAIYI_videos_csv_files
138.66373912073158,36.05335149854693,JAIYI_videos_csv_files
138.69544093580262,35.69100903858155,JAIYI_videos_csv_files
138.72714275087367,37.16978388018138,JAIYI_videos_csv_files
138.7588445659447,33.56709793053173,JAIYI_videos_csv_files
138.79054638101573,35.00350264042267,JAIYI_videos_csv_files
138.82224819608678,32.53537775301685,JAIYI_videos_csv_files
138.85395001115782,27.088647670423946,JAIYI_videos_csv_files
138.88565182622887,20.07754306646371,JAIYI_videos_csv_files
138.9173536412999,15.21979977804291,JAIYI_videos_csv_files
138.94905545637096,11.680773079522236,JAIYI_videos_csv_files
138.98075727144197,9.408650101073894,JAIYI_videos_csv_files
139.01245908651302,7.510966188018389,JAIYI_videos_csv_files
139.04416090158406,7.854262546950036,JAIYI_videos_csv_files
139.0758627166551,12.217992868259373,JAIYI_videos_csv_files
139.10756453172615,15.88335165764059,JAIYI_videos_csv_files
139.1392663467972,16.343435471092914,JAIYI_videos_csv_files
139.17096816186822,12.055401091473582,JAIYI_videos_csv_files
139.20266997693926,6.158590753145409,JAIYI_videos_csv_files
139.2343717920103,4.7965563025890745,JAIYI_videos_csv_files
139.26607360708135,6.2652687134182745,JAIYI_videos_csv_files
139.2977754221524,7.377569012547158,JAIYI_videos_csv_files
139.32947723722344,7.317976886737431,JAIYI_videos_csv_files
139.36117905229446,7.289101103866934,JAIYI_videos_csv_files
139.3928808673655,4.605680722815414,JAIYI_videos_csv_files
139.42458268243655,4.4745914445279205,JAIYI_videos_csv_files
139.4562844975076,5.517570820149572,JAIYI_videos_csv_files
139.48798631257864,1.9711922234469788,JAIYI_videos_csv_files
139.5196881276497,3.6481150530978623,JAIYI_videos_csv_files
139.5513899427207,6.880276530801091,JAIYI_videos_csv_files
139.58309175779175,6.604673868360315,JAIYI_videos_csv_files
139.6147935728628,5.288656314555494,JAIYI_videos_csv_files
139.64649538793384,3.9111308444137647,JAIYI_videos_csv_files
139.67819720300488,3.6210918155178726,JAIYI_videos_csv_files
139.70989901807593,3.734914678091274,JAIYI_videos_csv_files
139.74160083314695,3.8545026395900153,JAIYI_videos_csv_files
139.773302648218,3.856811270112477,JAIYI_videos_csv_files
139.80500446328904,0.4857071592631333,JAIYI_videos_csv_files
139.83670627836008,0.3480393690861756,JAIYI_videos_csv_files
139.86840809343113,0.276835882849186,JAIYI_videos_csv_files
139.90010990850217,0.5998612844392448,JAIYI_videos_csv_files
139.9318117235732,0.6697207509485344,JAIYI_videos_csv_files
139.96351353864424,0.6564928402107214,JAIYI_videos_csv_files
139.99521535371528,0.9145304436409418,JAIYI_videos_csv_files
140.02691716878633,1.5646978391831683,JAIYI_videos_csv_files
140.05861898385737,1.4388720682108311,JAIYI_videos_csv_files
140.09032079892842,1.2825926851717533,JAIYI_videos_csv_files
140.12202261399943,1.070767447426451,JAIYI_videos_csv_files
140.15372442907048,0.7654818237189924,JAIYI_videos_csv_files
140.18542624414152,0.4683771360613452,JAIYI_videos_csv_files
140.21712805921257,0.7708151535187571,JAIYI_videos_csv_files
140.24882987428362,1.4127829872437574,JAIYI_videos_csv_files
140.28053168935466,0.9213333641787308,JAIYI_videos_csv_files
140.31223350442568,0.8142169482785471,JAIYI_videos_csv_files
140.34393531949672,0.5151330012301691,JAIYI_videos_csv_files
140.37563713456777,0.4148431413442967,JAIYI_videos_csv_files
140.4073389496388,0.6340287103538563,JAIYI_videos_csv_files
140.43904076470986,2.69887267127329,JAIYI_videos_csv_files
140.4707425797809,4.068944603771831,JAIYI_videos_csv_files
140.50244439485192,1.724932589156298,JAIYI_videos_csv_files
140.53414620992297,1.0054936193374646,JAIYI_videos_csv_files
140.565848024994,1.682358489820001,JAIYI_videos_csv_files
140.59754984006506,1.831034232117717,JAIYI_videos_csv_files
140.6292516551361,1.9187651661500769,JAIYI_videos_csv_files
140.66095347020715,2.8583000508750422,JAIYI_videos_csv_files
140.69265528527816,3.518385705244546,JAIYI_videos_csv_files
140.7243571003492,4.441687915072324,JAIYI_videos_csv_files
140.75605891542023,3.6950041286218336,JAIYI_videos_csv_files
140.7877607304913,2.850006293161897,JAIYI_videos_csv_files
140.81946254556237,3.0580565217473903,JAIYI_videos_csv_files
140.8511643606334,2.917296898038098,JAIYI_videos_csv_files
140.8828661757044,4.395486663033847,JAIYI_videos_csv_files
140.91456799077545,3.2503706306797926,JAIYI_videos_csv_files
140.9462698058465,2.9098490230673777,JAIYI_videos_csv_files
140.97797162091754,2.3726044495092453,JAIYI_videos_csv_files
141.0096734359886,2.497967094071933,JAIYI_videos_csv_files
141.04137525105963,2.4677732530804444,JAIYI_videos_csv_files
141.07307706613065,2.620678411220056,JAIYI_videos_csv_files
141.1047788812017,3.1822125084031287,JAIYI_videos_csv_files
141.13648069627274,2.350485941726143,JAIYI_videos_csv_files
141.1681825113438,2.33433912973502,JAIYI_videos_csv_files
141.19988432641483,2.5817956883342217,JAIYI_videos_csv_files
141.23158614148588,2.698441623003375,JAIYI_videos_csv_files
141.2632879565569,2.1524200912907063,JAIYI_videos_csv_files
141.29498977162794,2.3097833472380342,JAIYI_videos_csv_files
141.32669158669898,2.240158450398435,JAIYI_videos_csv_files
141.35839340177003,2.1533009074063383,JAIYI_videos_csv_files
141.39009521684108,2.251705683251145,JAIYI_videos_csv_files
141.42179703191212,2.402688255750855,JAIYI_videos_csv_files
141.45349884698314,2.6347022984254784,JAIYI_videos_csv_files
141.48520066205418,3.3917379201093207,JAIYI_videos_csv_files
141.51690247712523,3.568763059282772,JAIYI_videos_csv_files
141.54860429219627,4.00204190015507,JAIYI_videos_csv_files
141.58030610726732,3.307140381204145,JAIYI_videos_csv_files
141.61200792233836,4.214406323913634,JAIYI_videos_csv_files
141.64370973740938,3.4784377024210364,JAIYI_videos_csv_files
141.67541155248043,2.9187193878008366,JAIYI_videos_csv_files
141.70711336755147,3.728423729497989,JAIYI_videos_csv_files
141.73881518262252,2.74910978924058,JAIYI_videos_csv_files
141.77051699769356,3.11896025577128,JAIYI_videos_csv_files
141.8022188127646,3.862608624723954,JAIYI_videos_csv_files
141.83392062783562,4.277368526033301,JAIYI_videos_csv_files
141.86562244290667,4.559475075873791,JAIYI_videos_csv_files
141.89732425797771,4.487951219561393,JAIYI_videos_csv_files
141.92902607304876,4.813241724883879,JAIYI_videos_csv_files
141.9607278881198,4.8816739184543145,JAIYI_videos_csv_files
141.99242970319085,5.6764869237276265,JAIYI_videos_csv_files
142.02413151826187,6.379004881971322,JAIYI_videos_csv_files
142.0558333333329,6.856352308476985,JAIYI_videos_csv_files
142.08753514840396,8.59330719359678,JAIYI_videos_csv_files
142.119236963475,7.886414108936474,JAIYI_videos_csv_files
142.15093877854605,6.01746862450482,JAIYI_videos_csv_files
142.1826405936171,5.11065016563478,JAIYI_videos_csv_files
142.2143424086881,2.6471022168968408,JAIYI_videos_csv_files
142.24604422375916,1.826238646301257,JAIYI_videos_csv_files
142.2777460388302,1.5378995856916535,JAIYI_videos_csv_files
142.30944785390125,1.2286258186695551,JAIYI_videos_csv_files
142.3411496689723,2.080677382531902,JAIYI_videos_csv_files
142.37285148404334,1.4574499079027394,JAIYI_videos_csv_files
142.40455329911435,0.862332646971819,JAIYI_videos_csv_files
142.4362551141854,0.3451238388527654,JAIYI_videos_csv_files
142.46795692925645,0.1573481535357718,JAIYI_videos_csv_files
142.4996587443275,0.7286570511479812,JAIYI_videos_csv_files
142.53136055939854,1.2968675850087634,JAIYI_videos_csv_files
142.56306237446958,1.5281428743224146,JAIYI_videos_csv_files
142.59476418954063,1.9280640065063248,JAIYI_videos_csv_files
142.62646600461164,1.943286649421473,JAIYI_videos_csv_files
142.6581678196827,2.6325453468114284,JAIYI_videos_csv_files
142.68986963475373,2.239493578760324,JAIYI_videos_csv_files
142.72157144982478,1.7230172489695876,JAIYI_videos_csv_files
142.75327326489582,1.6009768730457985,JAIYI_videos_csv_files
142.78497507996687,1.8702246995091696,JAIYI_videos_csv_files
142.8166768950379,1.022010305688167,JAIYI_videos_csv_files
142.84837871010893,0.7650591027386674,JAIYI_videos_csv_files
142.88008052517998,0.723862333634568,JAIYI_videos_csv_files
142.91178234025102,0.5646434713960455,JAIYI_videos_csv_files
142.94348415532207,0.6139008982222282,JAIYI_videos_csv_files
142.9751859703931,0.7716152160474239,JAIYI_videos_csv_files
143.00688778546413,0.9685254415131284,JAIYI_videos_csv_files
143.03858960053518,1.1039264346398878,JAIYI_videos_csv_files
143.07029141560622,1.3405626785740534,JAIYI_videos_csv_files
143.10199323067727,1.3651906410200163,JAIYI_videos_csv_files
143.1336950457483,2.038027972945606,JAIYI_videos_csv_files
143.16539686081936,1.363865143614844,JAIYI_videos_csv_files
143.19709867589037,1.0242485569714896,JAIYI_videos_csv_files
143.22880049096142,0.8201599571835518,JAIYI_videos_csv_files
143.26050230603246,0.4264715691973839,JAIYI_videos_csv_files
143.2922041211035,0.5916298411633905,JAIYI_videos_csv_files
143.32390593617455,0.1567701462446903,JAIYI_videos_csv_files
143.3556077512456,0.0725255451674905,JAIYI_videos_csv_files
143.38730956631662,0.6537723586421785,JAIYI_videos_csv_files
143.41901138138766,0.6267999776035222,JAIYI_videos_csv_files
143.4507131964587,0.846306702495914,JAIYI_videos_csv_files
143.48241501152975,1.5937870909277567,JAIYI_videos_csv_files
143.5141168266008,1.5501394375246615,JAIYI_videos_csv_files
143.54581864167184,2.1013270477318597,JAIYI_videos_csv_files
143.57752045674286,1.708121071406465,JAIYI_videos_csv_files
143.6092222718139,2.709480343887814,JAIYI_videos_csv_files
143.64092408688495,3.609879779104704,JAIYI_videos_csv_files
143.672625901956,3.611432096013756,JAIYI_videos_csv_files
143.70432771702704,4.26684993737926,JAIYI_videos_csv_files
143.7360295320981,5.021653666358194,JAIYI_videos_csv_files
143.7677313471691,5.37046586255484,JAIYI_videos_csv_files
143.79943316224015,8.108173638316662,JAIYI_videos_csv_files
143.8311349773112,20.618382327855446,JAIYI_videos_csv_files
143.86283679238224,35.95555067391435,JAIYI_videos_csv_files
143.89453860745328,51.00356871665513,JAIYI_videos_csv_files
143.92624042252433,61.24556479618836,JAIYI_videos_csv_files
143.95794223759535,59.785726120712205,JAIYI_videos_csv_files
143.9896440526664,63.12575128633634,JAIYI_videos_csv_files
144.02134586773744,62.892299066555765,JAIYI_videos_csv_files
144.05304768280848,68.35655631548472,JAIYI_videos_csv_files
144.08474949787953,69.49961996418963,JAIYI_videos_csv_files
144.11645131295057,66.56227459941698,JAIYI_videos_csv_files
144.1481531280216,65.8746024369951,JAIYI_videos_csv_files
144.17985494309264,61.42362837577659,JAIYI_videos_csv_files
144.21155675816368,59.46107567059254,JAIYI_videos_csv_files
144.24325857323473,53.682481864144194,JAIYI_videos_csv_files
144.27496038830577,49.27759661027896,JAIYI_videos_csv_files
144.30666220337682,46.43820179095095,JAIYI_videos_csv_files
144.33836401844783,39.13504555255674,JAIYI_videos_csv_files
144.37006583351888,34.97275563651109,JAIYI_videos_csv_files
144.40176764858992,31.31821991094633,JAIYI_videos_csv_files
144.43346946366097,27.813882434304645,JAIYI_videos_csv_files
144.46517127873202,14.737176980783463,JAIYI_videos_csv_files
144.49687309380306,4.882635653238095,JAIYI_videos_csv_files
144.52857490887408,0.506122646011567,JAIYI_videos_csv_files
144.56027672394512,1.4556252601080286,JAIYI_videos_csv_files
144.59197853901617,1.868120200492092,JAIYI_videos_csv_files
144.6236803540872,3.3628418980767507,JAIYI_videos_csv_files
144.65538216915826,5.071039684738229,JAIYI_videos_csv_files
144.6870839842293,5.374102852923552,JAIYI_videos_csv_files
144.71878579930032,6.562737593690676,JAIYI_videos_csv_files
144.75048761437137,4.547684109946877,JAIYI_videos_csv_files
144.7821894294424,2.7696111282967086,JAIYI_videos_csv_files
144.81389124451346,4.613746445735552,JAIYI_videos_csv_files
144.8455930595845,3.092492848273065,JAIYI_videos_csv_files
144.87729487465555,1.1123174130795268,JAIYI_videos_csv_files
144.90899668972656,0.7765722481020548,JAIYI_videos_csv_files
144.9406985047976,2.199608779760017,JAIYI_videos_csv_files
144.97240031986863,2.6725622671045293,JAIYI_videos_csv_files
145.0041021349397,3.428390477773658,JAIYI_videos_csv_files
145.03580395001077,4.068933238633402,JAIYI_videos_csv_files
145.0675057650818,5.253874454535157,JAIYI_videos_csv_files
145.0992075801528,5.255195310053714,JAIYI_videos_csv_files
145.13090939522385,0.8697109946513946,JAIYI_videos_csv_files
145.1626112102949,0.8633877897075285,JAIYI_videos_csv_files
145.19431302536594,1.284993820820747,JAIYI_videos_csv_files
145.226014840437,1.919765156079572,JAIYI_videos_csv_files
145.25771665550803,1.5263048202043414,JAIYI_videos_csv_files
145.28941847057905,0.8112618557727084,JAIYI_videos_csv_files
145.3211202856501,0.7799121235428089,JAIYI_videos_csv_files
145.35282210072114,1.7544038336901602,JAIYI_videos_csv_files
145.3845239157922,6.442618915686326,JAIYI_videos_csv_files
145.41622573086323,11.137615824654546,JAIYI_videos_csv_files
145.44792754593428,24.33605046371744,JAIYI_videos_csv_files
145.4796293610053,16.31826886264092,JAIYI_videos_csv_files
145.51133117607634,3.6441955211083017,JAIYI_videos_csv_files
145.54303299114738,6.970122391211068,JAIYI_videos_csv_files
145.57473480621843,12.054736893781737,JAIYI_videos_csv_files
145.60643662128948,16.885045797994746,JAIYI_videos_csv_files
145.63813843636052,19.13353511444529,JAIYI_videos_csv_files
145.66984025143154,15.668217259495064,JAIYI_videos_csv_files
145.70154206650258,12.681201369258446,JAIYI_videos_csv_files
145.73324388157363,8.127636620212648,JAIYI_videos_csv_files
145.76494569664467,2.256584643859767,JAIYI_videos_csv_files
145.79664751171572,0.8017152637521384,JAIYI_videos_csv_files
145.82834932678676,0.4241579516198102,JAIYI_videos_csv_files
145.86005114185778,0.288830587467363,JAIYI_videos_csv_files
145.89175295692883,0.467616980632767,JAIYI_videos_csv_files
145.92345477199987,0.3764699871832755,JAIYI_videos_csv_files
145.95515658707092,0.3029905701416361,JAIYI_videos_csv_files
145.98685840214196,0.3017744273459569,JAIYI_videos_csv_files
146.018560217213,0.3781662826901468,JAIYI_videos_csv_files
146.05026203228402,0.5328630637180346,JAIYI_videos_csv_files
146.08196384735507,0.6992841547673667,JAIYI_videos_csv_files
146.11366566242611,0.7832335174221162,JAIYI_videos_csv_files
146.14536747749716,0.8589104749587879,JAIYI_videos_csv_files
146.1770692925682,1.0659653817743977,JAIYI_videos_csv_files
146.20877110763925,1.4986328320533513,JAIYI_videos_csv_files
146.24047292271027,1.5944501955521564,JAIYI_videos_csv_files
146.2721747377813,1.6788815246934403,JAIYI_videos_csv_files
146.30387655285236,1.795808457632845,JAIYI_videos_csv_files
146.3355783679234,2.3654676897082245,JAIYI_videos_csv_files
146.36728018299445,2.7003311132131462,JAIYI_videos_csv_files
146.3989819980655,8.286847338215717,JAIYI_videos_csv_files
146.4306838131365,18.594183207668017,JAIYI_videos_csv_files
146.46238562820756,27.008631713004004,JAIYI_videos_csv_files
146.4940874432786,38.54110285544636,JAIYI_videos_csv_files
146.52578925834965,44.67411441535045,JAIYI_videos_csv_files
146.5574910734207,53.59099747427212,JAIYI_videos_csv_files
146.58919288849174,67.37231529049515,JAIYI_videos_csv_files
146.62089470356275,75.33391015158014,JAIYI_videos_csv_files
146.6525965186338,80.60519250008991,JAIYI_videos_csv_files
146.68429833370485,85.10543210273923,JAIYI_videos_csv_files
146.7160001487759,86.39242818091728,JAIYI_videos_csv_files
146.74770196384694,88.08252851761141,JAIYI_videos_csv_files
146.77940377891798,91.30806296084944,JAIYI_videos_csv_files
146.811105593989,87.19151109640434,JAIYI_videos_csv_files
146.84280740906004,87.61637500713155,JAIYI_videos_csv_files
146.8745092241311,89.60945536904786,JAIYI_videos_csv_files
146.90621103920213,86.60076695174179,JAIYI_videos_csv_files
146.93791285427318,81.36739830727706,JAIYI_videos_csv_files
146.96961466934422,72.46617014753086,JAIYI_videos_csv_files
147.00131648441524,68.23186004347966,JAIYI_videos_csv_files
147.0330182994863,68.88793891050828,JAIYI_videos_csv_files
147.06472011455733,46.4629260980034,JAIYI_videos_csv_files
147.09642192962838,38.75436027280452,JAIYI_videos_csv_files
147.12812374469942,33.89165364565437,JAIYI_videos_csv_files
147.15982555977047,28.74752205338037,JAIYI_videos_csv_files
147.1915273748415,23.02819306650399,JAIYI_videos_csv_files
147.22322918991253,17.101028065418152,JAIYI_videos_csv_files
147.25493100498358,7.800321159803462,JAIYI_videos_csv_files
147.28663282005462,2.3879176302440253,JAIYI_videos_csv_files
147.31833463512567,1.0869146853141072,JAIYI_videos_csv_files
147.3500364501967,0.5829182574071929,JAIYI_videos_csv_files
147.38173826526776,0.7324139547252558,JAIYI_videos_csv_files
147.41344008033877,1.1226233532042362,JAIYI_videos_csv_files
147.44514189540982,1.1122245474692285,JAIYI_videos_csv_files
147.47684371048086,1.1937606448761626,JAIYI_videos_csv_files
147.5085455255519,1.8272378423964784,JAIYI_videos_csv_files
147.54024734062295,0.8367680365778069,JAIYI_videos_csv_files
147.571949155694,4.351802212865596,JAIYI_videos_csv_files
147.60365097076502,8.102902601404832,JAIYI_videos_csv_files
147.63535278583606,17.001302742167454,JAIYI_videos_csv_files
147.6670546009071,18.31718817517929,JAIYI_videos_csv_files
147.69875641597815,12.08574079335796,JAIYI_videos_csv_files
147.7304582310492,9.703158007615343,JAIYI_videos_csv_files
147.76216004612024,6.806635835145661,JAIYI_videos_csv_files
147.79386186119126,1.9999758398620355,JAIYI_videos_csv_files
147.8255636762623,1.1408412232880465,JAIYI_videos_csv_files
147.85726549133335,1.7015211583077028,JAIYI_videos_csv_files
147.8889673064044,1.653946242303638,JAIYI_videos_csv_files
147.92066912147544,1.6433198821070896,JAIYI_videos_csv_files
147.9523709365465,0.8313207396235944,JAIYI_videos_csv_files
147.9840727516175,1.156907090009277,JAIYI_videos_csv_files
148.01577456668855,1.4156494202017091,JAIYI_videos_csv_files
148.0474763817596,1.6728099276588164,JAIYI_videos_csv_files
148.07917819683064,1.8316183351911075,JAIYI_videos_csv_files
148.11088001190168,1.8351906106212723,JAIYI_videos_csv_files
148.14258182697273,1.5697701537046962,JAIYI_videos_csv_files
148.17428364204375,0.9681725499928872,JAIYI_videos_csv_files
148.2059854571148,0.9988025846943358,JAIYI_videos_csv_files
148.23768727218584,2.9696583963191983,JAIYI_videos_csv_files
148.26938908725688,8.510612906787234,JAIYI_videos_csv_files
148.30109090232793,13.830806627162811,JAIYI_videos_csv_files
148.33279271739897,15.22179761797956,JAIYI_videos_csv_files
148.36449453247,17.150802137412303,JAIYI_videos_csv_files
148.39619634754104,17.62007699805911,JAIYI_videos_csv_files
148.42789816261208,16.167280987767235,JAIYI_videos_csv_files
148.45959997768313,14.074354939173553,JAIYI_videos_csv_files
148.49130179275417,7.381697795408174,JAIYI_videos_csv_files
148.52300360782522,2.117698508181887,JAIYI_videos_csv_files
148.55470542289623,1.683205227000481,JAIYI_videos_csv_files
148.58640723796728,2.662920127576153,JAIYI_videos_csv_files
148.61810905303832,2.1606031349158914,JAIYI_videos_csv_files
148.64981086810937,2.0317969766409947,JAIYI_videos_csv_files
148.68151268318042,1.7457018385601533,JAIYI_videos_csv_files
148.71321449825146,1.5509381170138608,JAIYI_videos_csv_files
148.74491631332248,1.111634196806789,JAIYI_videos_csv_files
148.77661812839352,0.9779685415316722,JAIYI_videos_csv_files
148.80831994346457,0.8260512710901687,JAIYI_videos_csv_files
148.8400217585356,0.981871626721766,JAIYI_videos_csv_files
148.87172357360666,1.0084706756936048,JAIYI_videos_csv_files
148.9034253886777,8.033976071850063,JAIYI_videos_csv_files
148.93512720374872,7.461081426564939,JAIYI_videos_csv_files
148.96682901881977,6.045634901151345,JAIYI_videos_csv_files
148.9985308338908,5.119631051639601,JAIYI_videos_csv_files
149.03023264896186,3.673451963842212,JAIYI_videos_csv_files
149.0619344640329,4.529866326434444,JAIYI_videos_csv_files
149.09363627910395,1.258036754281189,JAIYI_videos_csv_files
149.12533809417496,0.7426690879918069,JAIYI_videos_csv_files
149.157039909246,2.93571094701887,JAIYI_videos_csv_files
149.18874172431703,2.4244786384457937,JAIYI_videos_csv_files
149.2204435393881,2.316022782728301,JAIYI_videos_csv_files
149.25214535445917,2.1868921301454707,JAIYI_videos_csv_files
149.2838471695302,2.3594199701174583,JAIYI_videos_csv_files
149.3155489846012,2.035909968964389,JAIYI_videos_csv_files
149.34725079967225,3.858801202791328,JAIYI_videos_csv_files
149.3789526147433,2.1222809397728284,JAIYI_videos_csv_files
149.41065442981434,2.9602870334520017,JAIYI_videos_csv_files
149.4423562448854,3.7072991630321774,JAIYI_videos_csv_files
149.47405805995643,3.454940477778452,JAIYI_videos_csv_files
149.50575987502745,2.813130535594501,JAIYI_videos_csv_files
149.5374616900985,3.953963867746378,JAIYI_videos_csv_files
149.56916350516954,5.562591001432987,JAIYI_videos_csv_files
149.6008653202406,5.393522762826844,JAIYI_videos_csv_files
149.63256713531163,4.490591555646775,JAIYI_videos_csv_files
149.66426895038268,4.217248850952696,JAIYI_videos_csv_files
149.6959707654537,4.597714287409896,JAIYI_videos_csv_files
149.72767258052474,3.350628348314929,JAIYI_videos_csv_files
149.75937439559578,3.431767175706072,JAIYI_videos_csv_files
149.79107621066683,0.969651952039982,JAIYI_videos_csv_files
149.82277802573788,4.487621603862176,JAIYI_videos_csv_files
149.85447984080892,6.022965232192446,JAIYI_videos_csv_files
149.88618165587994,4.414420579491332,JAIYI_videos_csv_files
149.91788347095098,3.622130309181224,JAIYI_videos_csv_files
149.94958528602203,2.286388157972997,JAIYI_videos_csv_files
149.98128710109307,1.832448770592198,JAIYI_videos_csv_files
150.01298891616412,0.3192689011951498,JAIYI_videos_csv_files
150.04469073123516,1.73791839092462,JAIYI_videos_csv_files
150.07639254630618,1.5728616567102622,JAIYI_videos_csv_files
150.10809436137723,1.6270842177970746,JAIYI_videos_csv_files
150.13979617644827,1.988537805246532,JAIYI_videos_csv_files
150.17149799151932,1.6445082759632688,JAIYI_videos_csv_files
150.20319980659036,1.5774647117065983,JAIYI_videos_csv_files
150.2349016216614,1.4666801751822809,JAIYI_videos_csv_files
150.26660343673242,1.5281634329799494,JAIYI_videos_csv_files
150.29830525180347,1.590386515102985,JAIYI_videos_csv_files
150.33000706687451,0.38922306797584,JAIYI_videos_csv_files
150.36170888194556,0.2669124141177745,JAIYI_videos_csv_files
150.3934106970166,1.1913326676168106,JAIYI_videos_csv_files
150.42511251208765,0.932688424095848,JAIYI_videos_csv_files
150.45681432715867,0.9462855159254508,JAIYI_videos_csv_files
150.4885161422297,0.6290343187459155,JAIYI_videos_csv_files
150.52021795730076,0.70107861549707,JAIYI_videos_csv_files
150.5519197723718,1.8897230599096329,JAIYI_videos_csv_files
150.58362158744285,3.807532391627561,JAIYI_videos_csv_files
150.6153234025139,4.141120775686203,JAIYI_videos_csv_files
150.6470252175849,4.15735017946484,JAIYI_videos_csv_files
150.67872703265596,3.7699092150533935,JAIYI_videos_csv_files
150.710428847727,3.4277404370858644,JAIYI_videos_csv_files
150.74213066279805,3.2888268109377927,JAIYI_videos_csv_files
150.7738324778691,1.7121884159549132,JAIYI_videos_csv_files
150.80553429294014,0.5870072746243458,JAIYI_videos_csv_files
150.83723610801115,1.2810312613801895,JAIYI_videos_csv_files
150.8689379230822,1.2526135090974255,JAIYI_videos_csv_files
150.90063973815325,1.9420148172515697,JAIYI_videos_csv_files
150.9323415532243,2.96198487363361,JAIYI_videos_csv_files
150.96404336829534,2.53763786287312,JAIYI_videos_csv_files
150.99574518336638,1.698845017248955,JAIYI_videos_csv_files
151.0274469984374,1.9732356443162995,JAIYI_videos_csv_files
151.05914881350844,0.9628916577544948,JAIYI_videos_csv_files
151.0908506285795,3.586595385320054,JAIYI_videos_csv_files
151.12255244365053,3.5271117134220056,JAIYI_videos_csv_files
151.15425425872158,3.859677243118806,JAIYI_videos_csv_files
151.18595607379262,3.3869564204680547,JAIYI_videos_csv_files
151.21765788886364,2.944085253136905,JAIYI_videos_csv_files
151.2493597039347,2.480109972899596,JAIYI_videos_csv_files
151.28106151900573,2.423318796818831,JAIYI_videos_csv_files
151.31276333407678,2.5593354052322645,JAIYI_videos_csv_files
151.34446514914782,2.4953677745667924,JAIYI_videos_csv_files
151.37616696421887,2.413434780538291,JAIYI_videos_csv_files
151.40786877928988,2.7806958473767485,JAIYI_videos_csv_files
151.43957059436093,4.0570471552206735,JAIYI_videos_csv_files
151.47127240943198,2.742087799186123,JAIYI_videos_csv_files
151.50297422450302,2.0176371286350063,JAIYI_videos_csv_files
151.53467603957407,2.1395834960543936,JAIYI_videos_csv_files
151.5663778546451,2.256729938687652,JAIYI_videos_csv_files
151.59807966971613,2.3293546330853427,JAIYI_videos_csv_files
151.62978148478717,4.965342142480773,JAIYI_videos_csv_files
151.66148329985822,3.942244158901999,JAIYI_videos_csv_files
151.69318511492926,4.00215146008816,JAIYI_videos_csv_files
151.7248869300003,3.878804094055021,JAIYI_videos_csv_files
151.75658874507135,3.3109821888292847,JAIYI_videos_csv_files
151.7882905601424,2.9656545618816104,JAIYI_videos_csv_files
151.81999237521342,3.4289252964174963,JAIYI_videos_csv_files
151.85169419028446,3.685257891345085,JAIYI_videos_csv_files
151.8833960053555,3.968771501556652,JAIYI_videos_csv_files
151.91509782042655,2.749579034224352,JAIYI_videos_csv_files
151.9467996354976,0.5486339680790231,JAIYI_videos_csv_files
151.97850145056864,0.6813799846070601,JAIYI_videos_csv_files
152.01020326563966,0.8273204408895087,JAIYI_videos_csv_files
152.0419050807107,0.1998970847934774,JAIYI_videos_csv_files
152.07360689578175,0.4470803038981027,JAIYI_videos_csv_files
152.1053087108528,0.8203461579199105,JAIYI_videos_csv_files
152.13701052592384,1.362363987488535,JAIYI_videos_csv_files
152.1687123409949,2.3609802488763205,JAIYI_videos_csv_files
152.2004141560659,3.1909370449725,JAIYI_videos_csv_files
152.23211597113695,3.496556192710385,JAIYI_videos_csv_files
152.263817786208,3.0256800691587458,JAIYI_videos_csv_files
152.29551960127904,3.618289028737345,JAIYI_videos_csv_files
152.32722141635008,3.604895297171293,JAIYI_videos_csv_files
152.35892323142113,2.201026718415402,JAIYI_videos_csv_files
152.39062504649215,1.2820745972073668,JAIYI_videos_csv_files
152.4223268615632,2.549514792151564,JAIYI_videos_csv_files
152.45402867663424,2.256202713467495,JAIYI_videos_csv_files
152.48573049170528,1.5848740578926537,JAIYI_videos_csv_files
152.51743230677633,2.5091413663136555,JAIYI_videos_csv_files
152.54913412184737,1.424119151625422,JAIYI_videos_csv_files
152.5808359369184,2.4057159360262306,JAIYI_videos_csv_files
152.61253775198944,2.076036501849972,JAIYI_videos_csv_files
152.64423956706048,0.4659119406867518,JAIYI_videos_csv_files
152.67594138213153,0.7051216479801379,JAIYI_videos_csv_files
152.70764319720257,0.848261456734137,JAIYI_videos_csv_files
152.73934501227362,0.8096655188143703,JAIYI_videos_csv_files
152.77104682734463,0.640509023588107,JAIYI_videos_csv_files
152.80274864241568,0.6509935708473039,JAIYI_videos_csv_files
152.83445045748672,0.4507420186280246,JAIYI_videos_csv_files
152.86615227255777,0.52812630337118,JAIYI_videos_csv_files
152.89785408762882,1.150547463573191,JAIYI_videos_csv_files
152.92955590269986,1.846426529429864,JAIYI_videos_csv_files
152.96125771777088,2.1088181713693004,JAIYI_videos_csv_files
152.99295953284192,1.9555652945243491,JAIYI_videos_csv_files
153.02466134791297,1.6762310473702124,JAIYI_videos_csv_files
153.056363162984,2.1804617195842475,JAIYI_videos_csv_files
153.08806497805506,1.5688644067489914,JAIYI_videos_csv_files
153.1197667931261,0.907719056962516,JAIYI_videos_csv_files
153.15146860819712,0.7302518212280568,JAIYI_videos_csv_files
153.18317042326817,0.7269375695129799,JAIYI_videos_csv_files
153.2148722383392,0.7621008039803187,JAIYI_videos_csv_files
153.24657405341026,0.7243162037189317,JAIYI_videos_csv_files
153.2782758684813,0.7624359477787347,JAIYI_videos_csv_files
153.30997768355235,0.6741691344793147,JAIYI_videos_csv_files
153.34167949862336,0.2943986722133686,JAIYI_videos_csv_files
153.3733813136944,2.3505384223990045,JAIYI_videos_csv_files
153.40508312876543,2.3859563854421664,JAIYI_videos_csv_files
153.4367849438365,1.9564417777391143,JAIYI_videos_csv_files
153.46848675890757,1.6871470922262042,JAIYI_videos_csv_files
153.5001885739786,1.3391547396516308,JAIYI_videos_csv_files
153.5318903890496,1.01639432424441,JAIYI_videos_csv_files
153.56359220412065,0.9298841458378574,JAIYI_videos_csv_files
153.5952940191917,0.8725804034284739,JAIYI_videos_csv_files
153.62699583426274,0.8086207838674437,JAIYI_videos_csv_files
153.6586976493338,0.8135981065160129,JAIYI_videos_csv_files
153.69039946440483,0.6043059116416666,JAIYI_videos_csv_files
153.72210127947585,0.8705893259304618,JAIYI_videos_csv_files
153.7538030945469,1.0365160786026255,JAIYI_videos_csv_files
153.78550490961794,1.234133678341775,JAIYI_videos_csv_files
153.817206724689,1.4319614187066714,JAIYI_videos_csv_files
153.84890853976003,1.2966905505391488,JAIYI_videos_csv_files
153.88061035483108,1.2086635699020918,JAIYI_videos_csv_files
153.9123121699021,1.3418222714921575,JAIYI_videos_csv_files
153.94401398497314,1.2804901345429438,JAIYI_videos_csv_files
153.97571580004418,1.0149902610678143,JAIYI_videos_csv_files
154.00741761511523,0.8935188980087306,JAIYI_videos_csv_files
154.03911943018628,0.8293941782608004,JAIYI_videos_csv_files
154.07082124525732,0.8507222378972426,JAIYI_videos_csv_files
154.10252306032834,0.8930369198665918,JAIYI_videos_csv_files
154.13422487539938,1.3294999057175367,JAIYI_videos_csv_files
154.16592669047043,1.7310103657365512,JAIYI_videos_csv_files
154.19762850554147,1.5693285171591949,JAIYI_videos_csv_files
154.22933032061252,1.3933743017986018,JAIYI_videos_csv_files
154.26103213568356,1.436643255708311,JAIYI_videos_csv_files
154.29273395075458,1.459074717230984,JAIYI_videos_csv_files
154.32443576582563,1.377882907723778,JAIYI_videos_csv_files
154.35613758089667,1.4043579174694447,JAIYI_videos_csv_files
154.38783939596772,1.5347897352259718,JAIYI_videos_csv_files
154.41954121103876,1.5918659764722258,JAIYI_videos_csv_files
154.4512430261098,1.7553329443733758,JAIYI_videos_csv_files
154.48294484118082,1.9850045671757817,JAIYI_videos_csv_files
154.51464665625187,2.339589419688022,JAIYI_videos_csv_files
154.54634847132291,2.449565650460794,JAIYI_videos_csv_files
154.57805028639396,3.099406593868061,JAIYI_videos_csv_files
154.609752101465,2.94773062827657,JAIYI_videos_csv_files
154.64145391653605,3.968164304016047,JAIYI_videos_csv_files
154.67315573160707,2.870110019117075,JAIYI_videos_csv_files
154.7048575466781,2.5573376871216604,JAIYI_videos_csv_files
154.73655936174916,1.7952152844365723,JAIYI_videos_csv_files
154.7682611768202,1.4997826310508775,JAIYI_videos_csv_files
154.79996299189125,0.9201543997653728,JAIYI_videos_csv_files
154.8316648069623,1.0823159976300314,JAIYI_videos_csv_files
154.8633666220333,1.346900783237076,JAIYI_videos_csv_files
154.89506843710436,1.4714487976145223,JAIYI_videos_csv_files
154.9267702521754,1.351529789489936,JAIYI_videos_csv_files
154.95847206724645,1.262403605882452,JAIYI_videos_csv_files
154.9901738823175,1.3111006677266326,JAIYI_videos_csv_files
155.02187569738854,1.3657659919350542,JAIYI_videos_csv_files
155.05357751245955,1.03829775284093,JAIYI_videos_csv_files
155.0852793275306,1.0267357255085856,JAIYI_videos_csv_files
155.11698114260165,3.605312041097879,JAIYI_videos_csv_files
155.1486829576727,5.369701301031571,JAIYI_videos_csv_files
155.18038477274374,3.3322376076386133,JAIYI_videos_csv_files
155.21208658781478,3.7129166063420342,JAIYI_videos_csv_files
155.2437884028858,1.6136496877533957,JAIYI_videos_csv_files
155.27549021795684,1.0446827168154922,JAIYI_videos_csv_files
155.3071920330279,1.2869931826956165,JAIYI_videos_csv_files
155.33889384809893,1.3465223054889794,JAIYI_videos_csv_files
155.37059566316998,2.409457100908807,JAIYI_videos_csv_files
155.40229747824102,3.191474813810809,JAIYI_videos_csv_files
155.43399929331204,3.5604374584279217,JAIYI_videos_csv_files
155.4657011083831,4.27439199919562,JAIYI_videos_csv_files
155.49740292345413,5.371241213368382,JAIYI_videos_csv_files
155.52910473852518,5.776665510370743,JAIYI_videos_csv_files
155.56080655359622,7.296132245869767,JAIYI_videos_csv_files
155.59250836866727,5.543437267900655,JAIYI_videos_csv_files
155.62421018373828,6.055384323045723,JAIYI_videos_csv_files
155.65591199880933,5.872999056936749,JAIYI_videos_csv_files
155.68761381388038,5.264445102622284,JAIYI_videos_csv_files
155.71931562895142,3.284456736317171,JAIYI_videos_csv_files
155.75101744402247,1.677800092163035,JAIYI_videos_csv_files
155.7827192590935,1.8087088438074956,JAIYI_videos_csv_files
155.81442107416453,1.9087134604838487,JAIYI_videos_csv_files
155.84612288923557,1.7561066894807922,JAIYI_videos_csv_files
155.87782470430662,1.9200229235830109,JAIYI_videos_csv_files
155.90952651937766,2.666766548936097,JAIYI_videos_csv_files
155.9412283344487,2.8013068715341616,JAIYI_videos_csv_files
155.97293014951975,3.483648054475782,JAIYI_videos_csv_files
156.00463196459077,3.970542153125536,JAIYI_videos_csv_files
156.03633377966182,5.195901270257209,JAIYI_videos_csv_files
156.06803559473286,6.5000569759948,JAIYI_videos_csv_files
156.0997374098039,6.093452596517099,JAIYI_videos_csv_files
156.13143922487495,5.903723864589978,JAIYI_videos_csv_files
156.163141039946,5.540074240146286,JAIYI_videos_csv_files
156.194842855017,5.7274844405665,JAIYI_videos_csv_files
156.22654467008806,4.594061579636764,JAIYI_videos_csv_files
156.2582464851591,4.660407962604173,JAIYI_videos_csv_files
156.28994830023015,4.764066960555081,JAIYI_videos_csv_files
156.3216501153012,6.091070127168619,JAIYI_videos_csv_files
156.35335193037224,7.844040764543271,JAIYI_videos_csv_files
156.3850537454433,6.811737037155207,JAIYI_videos_csv_files
156.4167555605143,9.347448469625432,JAIYI_videos_csv_files
156.44845737558535,11.02315583591957,JAIYI_videos_csv_files
156.4801591906564,13.48056361363337,JAIYI_videos_csv_files
156.51186100572744,15.818485294386871,JAIYI_videos_csv_files
156.54356282079848,21.844306294722298,JAIYI_videos_csv_files
156.57526463586953,32.60995014948427,JAIYI_videos_csv_files
156.60696645094055,37.22847086103008,JAIYI_videos_csv_files
156.6386682660116,41.80600087060365,JAIYI_videos_csv_files
156.67037008108264,42.53642975785043,JAIYI_videos_csv_files
156.70207189615368,44.45457556714366,JAIYI_videos_csv_files
156.73377371122473,45.69931513755704,JAIYI_videos_csv_files
156.76547552629577,49.54773921839607,JAIYI_videos_csv_files
156.7971773413668,52.22792866785181,JAIYI_videos_csv_files
156.82887915643784,57.46013688005807,JAIYI_videos_csv_files
156.86058097150888,65.32704746563974,JAIYI_videos_csv_files
156.89228278657993,65.00252155242516,JAIYI_videos_csv_files
156.92398460165097,65.6812108948893,JAIYI_videos_csv_files
156.95568641672202,67.85910945678626,JAIYI_videos_csv_files
156.98738823179303,70.60723015103468,JAIYI_videos_csv_files
157.01909004686408,,JAIYI_videos_csv_files
157.05079186193512,67.71620147060496,JAIYI_videos_csv_files
157.08249367700617,66.50190555098231,JAIYI_videos_csv_files
157.11419549207722,69.91085287755769,JAIYI_videos_csv_files
157.14589730714826,70.19232537704818,JAIYI_videos_csv_files
157.17759912221928,69.49779248644218,JAIYI_videos_csv_files
157.20930093729032,65.95614249649574,JAIYI_videos_csv_files
157.24100275236137,62.13894339393827,JAIYI_videos_csv_files
157.2727045674324,56.05631378522656,JAIYI_videos_csv_files
157.30440638250346,55.71895058857609,JAIYI_videos_csv_files
157.3361081975745,53.96421279365345,JAIYI_videos_csv_files
157.36781001264552,49.48714176683208,JAIYI_videos_csv_files
157.39951182771657,47.28266440957852,JAIYI_videos_csv_files
157.4312136427876,43.79860079243734,JAIYI_videos_csv_files
157.46291545785866,42.0557607354209,JAIYI_videos_csv_files
157.4946172729297,42.3849443340312,JAIYI_videos_csv_files
157.52631908800075,41.04420263006082,JAIYI_videos_csv_files
157.55802090307176,40.939338838275965,JAIYI_videos_csv_files
157.5897227181428,40.576363506711104,JAIYI_videos_csv_files
157.62142453321383,40.77918668174578,JAIYI_videos_csv_files
157.6531263482849,40.883680694307415,JAIYI_videos_csv_files
157.68482816335597,41.02221811382916,JAIYI_videos_csv_files
157.716529978427,40.78235124754031,JAIYI_videos_csv_files
157.748231793498,42.31713246150226,JAIYI_videos_csv_files
157.77993360856905,43.21714323502109,JAIYI_videos_csv_files
157.8116354236401,44.27689319020882,JAIYI_videos_csv_files
157.84333723871114,44.48923510173849,JAIYI_videos_csv_files
157.8750390537822,45.46739024863098,JAIYI_videos_csv_files
157.90674086885323,44.14764536864199,JAIYI_videos_csv_files
157.93844268392425,43.07239054756673,JAIYI_videos_csv_files
157.9701444989953,42.59809585763778,JAIYI_videos_csv_files
158.00184631406634,42.21016111137818,JAIYI_videos_csv_files
158.0335481291374,39.94938573523284,JAIYI_videos_csv_files
158.06524994420843,39.14086673588896,JAIYI_videos_csv_files
158.09695175927948,38.718010121645015,JAIYI_videos_csv_files
158.1286535743505,37.5147147222554,JAIYI_videos_csv_files
158.16035538942154,35.77085369989427,JAIYI_videos_csv_files
158.19205720449258,34.42390344849764,JAIYI_videos_csv_files
158.22375901956363,32.547839473561204,JAIYI_videos_csv_files
158.25546083463468,31.63986575714461,JAIYI_videos_csv_files
158.28716264970572,29.838455014658443,JAIYI_videos_csv_files
158.31886446477674,28.681195981051346,JAIYI_videos_csv_files
158.35056627984778,27.96377945497388,JAIYI_videos_csv_files
158.38226809491883,28.302555974409547,JAIYI_videos_csv_files
158.41396990998987,27.998340378105432,JAIYI_videos_csv_files
158.44567172506092,27.64987740645705,JAIYI_videos_csv_files
158.47737354013196,27.45390483956292,JAIYI_videos_csv_files
158.50907535520298,27.91605755074428,JAIYI_videos_csv_files
158.54077717027403,28.02342982644884,JAIYI_videos_csv_files
158.57247898534507,28.406308915056965,JAIYI_videos_csv_files
158.60418080041612,28.7743708927123,JAIYI_videos_csv_files
158.63588261548716,28.43317713879233,JAIYI_videos_csv_files
158.6675844305582,28.43742466436888,JAIYI_videos_csv_files
158.69928624562922,28.51120478240644,JAIYI_videos_csv_files
158.73098806070027,28.099987712535427,JAIYI_videos_csv_files
158.76268987577131,28.361830240967137,JAIYI_videos_csv_files
158.79439169084236,28.216120917305712,JAIYI_videos_csv_files
158.8260935059134,29.31537110185033,JAIYI_videos_csv_files
158.85779532098445,29.69830096331676,JAIYI_videos_csv_files
158.88949713605547,28.82500680784605,JAIYI_videos_csv_files
158.9211989511265,29.09083458017196,JAIYI_videos_csv_files
158.95290076619756,30.309353039745165,JAIYI_videos_csv_files
158.9846025812686,30.25583357840903,JAIYI_videos_csv_files
159.01630439633965,30.23530714885953,JAIYI_videos_csv_files
159.0480062114107,29.541128218136663,JAIYI_videos_csv_files
159.0797080264817,29.052181862625467,JAIYI_videos_csv_files
159.11140984155276,28.65473409168225,JAIYI_videos_csv_files
159.1431116566238,29.06648531815804,JAIYI_videos_csv_files
159.17481347169485,29.415342036189266,JAIYI_videos_csv_files
159.2065152867659,29.51047926091017,JAIYI_videos_csv_files
159.23821710183694,29.544323852066377,JAIYI_videos_csv_files
159.26991891690795,28.912953032168375,JAIYI_videos_csv_files
159.301620731979,27.95152544678042,JAIYI_videos_csv_files
159.33332254705005,27.594594019535567,JAIYI_videos_csv_files
159.3650243621211,30.257161475769045,JAIYI_videos_csv_files
159.39672617719214,36.73299033044896,JAIYI_videos_csv_files
159.42842799226318,40.54366341327248,JAIYI_videos_csv_files
159.4601298073342,48.89873903720471,JAIYI_videos_csv_files
159.49183162240524,60.333800318486375,JAIYI_videos_csv_files
159.5235334374763,70.34199013597924,JAIYI_videos_csv_files
159.55523525254733,76.70735151780868,JAIYI_videos_csv_files
159.58693706761838,79.92680259330183,JAIYI_videos_csv_files
159.61863888268942,82.39635991727117,JAIYI_videos_csv_files
159.65034069776044,85.46250857917791,JAIYI_videos_csv_files
159.6820425128315,84.0334845397346,JAIYI_videos_csv_files
159.71374432790253,82.88235133224556,JAIYI_videos_csv_files
159.74544614297358,78.85323760698147,JAIYI_videos_csv_files
159.77714795804462,69.67958253634811,JAIYI_videos_csv_files
159.80884977311567,,JAIYI_videos_csv_files
159.84055158818668,69.43867429879934,JAIYI_videos_csv_files
159.87225340325773,66.20438187945197,JAIYI_videos_csv_files
159.90395521832878,62.38299016815462,JAIYI_videos_csv_files
159.93565703339982,55.01994287064064,JAIYI_videos_csv_files
159.96735884847087,48.370060402915165,JAIYI_videos_csv_files
159.9990606635419,49.65974758093324,JAIYI_videos_csv_files
160.03076247861293,49.037738943537455,JAIYI_videos_csv_files
160.06246429368397,43.081730452452696,JAIYI_videos_csv_files
160.09416610875502,38.68270128813233,JAIYI_videos_csv_files
160.12586792382606,35.905323049941735,JAIYI_videos_csv_files
160.1575697388971,36.252817437198594,JAIYI_videos_csv_files
160.18927155396815,34.22734252388095,JAIYI_videos_csv_files
160.22097336903917,36.09785361117768,JAIYI_videos_csv_files
160.25267518411022,38.95057851085088,JAIYI_videos_csv_files
160.28437699918126,43.61533365433717,JAIYI_videos_csv_files
160.3160788142523,44.96493754655094,JAIYI_videos_csv_files
160.34778062932335,43.80036281920376,JAIYI_videos_csv_files
160.3794824443944,41.98361019431415,JAIYI_videos_csv_files
160.4111842594654,39.45568846993133,JAIYI_videos_csv_files
160.44288607453646,36.26620618509125,JAIYI_videos_csv_files
160.4745878896075,34.42005428771112,JAIYI_videos_csv_files
160.50628970467855,33.458118147519635,JAIYI_videos_csv_files
160.5379915197496,35.458491821623426,JAIYI_videos_csv_files
160.56969333482064,36.039181411590704,JAIYI_videos_csv_files
160.60139514989166,37.60803813438503,JAIYI_videos_csv_files
160.6330969649627,40.95141831094188,JAIYI_videos_csv_files
160.66479878003375,48.45137095023708,JAIYI_videos_csv_files
160.6965005951048,58.47489089497151,JAIYI_videos_csv_files
160.72820241017584,64.54526091946809,JAIYI_videos_csv_files
160.75990422524688,67.94970187716439,JAIYI_videos_csv_files
160.7916060403179,65.55959714025914,JAIYI_videos_csv_files
160.82330785538895,61.82116903067458,JAIYI_videos_csv_files
160.85500967046,58.79030139776346,JAIYI_videos_csv_files
160.88671148553104,51.2229678793198,JAIYI_videos_csv_files
160.91841330060208,50.30619625656012,JAIYI_videos_csv_files
160.95011511567313,48.19535014551823,JAIYI_videos_csv_files
160.98181693074417,46.6056115405215,JAIYI_videos_csv_files
161.0135187458152,45.390322367655024,JAIYI_videos_csv_files
161.04522056088624,43.04220670544788,JAIYI_videos_csv_files
161.07692237595728,41.20756908292771,JAIYI_videos_csv_files
161.10862419102833,39.66811792523669,JAIYI_videos_csv_files
161.14032600609937,38.75310278800144,JAIYI_videos_csv_files
161.17202782117042,37.36380159314756,JAIYI_videos_csv_files
161.20372963624143,36.46043292545094,JAIYI_videos_csv_files
161.23543145131248,35.36826107506305,JAIYI_videos_csv_files
161.26713326638352,33.92391101090532,JAIYI_videos_csv_files
161.29883508145457,34.529264310310595,JAIYI_videos_csv_files
161.33053689652562,33.619088563815524,JAIYI_videos_csv_files
161.36223871159666,32.650509942478614,JAIYI_videos_csv_files
161.39394052666768,34.29585152704731,JAIYI_videos_csv_files
161.42564234173872,34.18420132989483,JAIYI_videos_csv_files
161.45734415680977,35.76598819464666,JAIYI_videos_csv_files
161.4890459718808,37.683758297885625,JAIYI_videos_csv_files
161.52074778695186,40.02625943994084,JAIYI_videos_csv_files
161.5524496020229,40.60091780807828,JAIYI_videos_csv_files
161.58415141709392,45.64881812636689,JAIYI_videos_csv_files
161.61585323216497,48.38087731218975,JAIYI_videos_csv_files
161.647555047236,47.733691728508944,JAIYI_videos_csv_files
161.67925686230706,47.73735656684968,JAIYI_videos_csv_files
161.7109586773781,50.121867639770834,JAIYI_videos_csv_files
161.74266049244915,43.24454133645564,JAIYI_videos_csv_files
161.77436230752016,38.96659916635311,JAIYI_videos_csv_files
161.8060641225912,37.3142707170786,JAIYI_videos_csv_files
161.83776593766223,34.89413822270907,JAIYI_videos_csv_files
161.8694677527333,27.27906617645025,JAIYI_videos_csv_files
161.90116956780437,20.59588979446521,JAIYI_videos_csv_files
161.9328713828754,7.356148380810068,JAIYI_videos_csv_files
161.9645731979464,3.7564440168786186,JAIYI_videos_csv_files
161.99627501301745,2.9133813068839247,JAIYI_videos_csv_files
162.0279768280885,2.403659543802387,JAIYI_videos_csv_files
162.05967864315954,2.2378148016795865,JAIYI_videos_csv_files
162.0913804582306,0.9688184887068706,JAIYI_videos_csv_files
162.12308227330163,2.062648947897232,JAIYI_videos_csv_files
162.15478408837265,1.0017575792251896,JAIYI_videos_csv_files
162.1864859034437,3.102050028407452,JAIYI_videos_csv_files
162.21818771851474,7.164032889227981,JAIYI_videos_csv_files
162.2498895335858,18.109591977751688,JAIYI_videos_csv_files
162.28159134865683,19.882758220586044,JAIYI_videos_csv_files
162.31329316372788,19.0780118039848,JAIYI_videos_csv_files
162.3449949787989,16.035204462670542,JAIYI_videos_csv_files
162.37669679386994,13.061507177170178,JAIYI_videos_csv_files
162.40839860894098,12.234420977309023,JAIYI_videos_csv_files
162.44010042401203,7.340829615440746,JAIYI_videos_csv_files
162.47180223908308,4.104982672009991,JAIYI_videos_csv_files
162.50350405415412,0.5145028923633481,JAIYI_videos_csv_files
162.53520586922514,0.4867525630321578,JAIYI_videos_csv_files
162.56690768429618,1.0397802441146171,JAIYI_videos_csv_files
162.59860949936723,1.0722797773592028,JAIYI_videos_csv_files
162.63031131443827,1.0351895061071317,JAIYI_videos_csv_files
162.66201312950932,0.6077805399177802,JAIYI_videos_csv_files
162.69371494458036,0.2780808723904382,JAIYI_videos_csv_files
162.72541675965138,0.0337799473399814,JAIYI_videos_csv_files
162.75711857472243,0.3219620115943888,JAIYI_videos_csv_files
162.78882038979347,0.4832077827712591,JAIYI_videos_csv_files
162.82052220486452,0.4915639962561582,JAIYI_videos_csv_files
162.85222401993556,0.5997013322488979,JAIYI_videos_csv_files
162.8839258350066,0.2759311547567821,JAIYI_videos_csv_files
162.91562765007762,2.038576992007685,JAIYI_videos_csv_files
162.94732946514867,1.914587033541321,JAIYI_videos_csv_files
162.97903128021971,3.107097090295424,JAIYI_videos_csv_files
163.01073309529076,3.20236883338322,JAIYI_videos_csv_files
163.0424349103618,2.050011145329252,JAIYI_videos_csv_files
163.07413672543285,1.76070170369351,JAIYI_videos_csv_files
163.10583854050387,1.4981939107529183,JAIYI_videos_csv_files
163.1375403555749,0.9598485617192662,JAIYI_videos_csv_files
163.16924217064596,3.4121651220169382,JAIYI_videos_csv_files
163.200943985717,4.988990081176135,JAIYI_videos_csv_files
163.23264580078805,3.047732511240578,JAIYI_videos_csv_files
163.2643476158591,3.0417961409816794,JAIYI_videos_csv_files
163.2960494309301,3.4218278857218745,JAIYI_videos_csv_files
163.32775124600116,3.650217436949203,JAIYI_videos_csv_files
163.3594530610722,4.09719242137312,JAIYI_videos_csv_files
163.39115487614325,4.602597047512776,JAIYI_videos_csv_files
163.4228566912143,4.972143311826349,JAIYI_videos_csv_files
163.45455850628534,4.411037120662383,JAIYI_videos_csv_files
163.48626032135635,3.76068605541002,JAIYI_videos_csv_files
163.5179621364274,6.803371166670597,JAIYI_videos_csv_files
163.54966395149845,3.899697141105002,JAIYI_videos_csv_files
163.5813657665695,4.890770902861333,JAIYI_videos_csv_files
163.61306758164054,4.414809788674085,JAIYI_videos_csv_files
163.64476939671158,4.608776223162128,JAIYI_videos_csv_files
163.6764712117826,2.836314910787412,JAIYI_videos_csv_files
163.70817302685364,2.078096389385345,JAIYI_videos_csv_files
163.7398748419247,2.643713598058506,JAIYI_videos_csv_files
163.77157665699573,1.3155051959005366,JAIYI_videos_csv_files
163.80327847206678,3.2600856058208825,JAIYI_videos_csv_files
163.83498028713782,2.443214046767365,JAIYI_videos_csv_files
163.86668210220884,1.382210924416368,JAIYI_videos_csv_files
163.8983839172799,1.1690015399002545,JAIYI_videos_csv_files
163.93008573235093,1.067809389638138,JAIYI_videos_csv_files
163.96178754742198,1.4416808432325854,JAIYI_videos_csv_files
163.99348936249302,1.7134777888852315,JAIYI_videos_csv_files
164.02519117756407,2.106037062632661,JAIYI_videos_csv_files
164.05689299263508,2.339697070911875,JAIYI_videos_csv_files
164.08859480770613,2.4727054428282846,JAIYI_videos_csv_files
164.12029662277718,1.7852140143118338,JAIYI_videos_csv_files
164.15199843784822,0.7583994777913576,JAIYI_videos_csv_files
164.18370025291927,0.122627154626639,JAIYI_videos_csv_files
164.2154020679903,0.2935855010408017,JAIYI_videos_csv_files
164.24710388306133,0.3877918013016964,JAIYI_videos_csv_files
164.27880569813237,0.5827558415067976,JAIYI_videos_csv_files
164.31050751320342,0.7820288000337523,JAIYI_videos_csv_files
164.34220932827446,1.0415763033841825,JAIYI_videos_csv_files
164.3739111433455,1.0828806855926107,JAIYI_videos_csv_files
164.40561295841655,1.213540217908563,JAIYI_videos_csv_files
164.43731477348757,7.472387209942886,JAIYI_videos_csv_files
164.46901658855862,7.766574881114803,JAIYI_videos_csv_files
164.50071840362966,5.8573582804163085,JAIYI_videos_csv_files
164.5324202187007,5.209191574267848,JAIYI_videos_csv_files
164.56412203377175,5.584191105239175,JAIYI_videos_csv_files
164.5958238488428,6.467923213395022,JAIYI_videos_csv_files
164.6275256639138,6.649499169108135,JAIYI_videos_csv_files
164.65922747898486,6.155573010646321,JAIYI_videos_csv_files
164.6909292940559,5.832735604807712,JAIYI_videos_csv_files
164.72263110912695,5.083641865330266,JAIYI_videos_csv_files
164.754332924198,4.836837613582112,JAIYI_videos_csv_files
164.78603473926904,3.700118939018389,JAIYI_videos_csv_files
164.81773655434006,0.7316859356423276,JAIYI_videos_csv_files
164.8494383694111,0.0928937113439654,JAIYI_videos_csv_files
164.88114018448215,0.3778441751738653,JAIYI_videos_csv_files
164.9128419995532,1.107756104493456,JAIYI_videos_csv_files
164.94454381462424,1.6501293964638433,JAIYI_videos_csv_files
164.97624562969528,2.6801059111566308,JAIYI_videos_csv_files
165.0079474447663,1.9053093706437303,JAIYI_videos_csv_files
165.03964925983735,1.5281755017853018,JAIYI_videos_csv_files
165.0713510749084,2.2637436082660827,JAIYI_videos_csv_files
165.10305288997944,2.247132301943097,JAIYI_videos_csv_files
165.13475470505048,3.2746435600328727,JAIYI_videos_csv_files
165.16645652012153,3.572219422240975,JAIYI_videos_csv_files
165.19815833519257,4.754284324972806,JAIYI_videos_csv_files
165.2298601502636,4.965456801744019,JAIYI_videos_csv_files
165.26156196533464,4.331015334837351,JAIYI_videos_csv_files
165.29326378040568,3.256723528482962,JAIYI_videos_csv_files
165.32496559547673,2.473714803400393,JAIYI_videos_csv_files
165.35666741054777,2.041219199863308,JAIYI_videos_csv_files
165.3883692256188,2.2561838493227344,JAIYI_videos_csv_files
165.42007104068983,2.8189470804835706,JAIYI_videos_csv_files
165.45177285576088,0.6868479890604098,JAIYI_videos_csv_files
165.48347467083192,0.2181225729318487,JAIYI_videos_csv_files
165.51517648590297,0.9416644048161724,JAIYI_videos_csv_files
165.54687830097402,1.606019662392378,JAIYI_videos_csv_files
165.57858011604506,1.5434633585828113,JAIYI_videos_csv_files
165.61028193111608,1.244934952215643,JAIYI_videos_csv_files
165.64198374618712,0.9915417265080162,JAIYI_videos_csv_files
165.67368556125817,3.528614789302826,JAIYI_videos_csv_files
165.7053873763292,3.448952529148214,JAIYI_videos_csv_files
165.73708919140026,2.6581438076823214,JAIYI_videos_csv_files
165.7687910064713,2.6908648702700164,JAIYI_videos_csv_files
165.80049282154232,2.276042654169321,JAIYI_videos_csv_files
165.83219463661337,2.0585955684161363,JAIYI_videos_csv_files
165.8638964516844,1.9438718651054725,JAIYI_videos_csv_files
165.89559826675546,1.8419126706864115,JAIYI_videos_csv_files
165.9273000818265,1.9367254811862704,JAIYI_videos_csv_files
165.95900189689755,1.8363081363397116,JAIYI_videos_csv_files
165.99070371196856,0.147922618180139,JAIYI_videos_csv_files
166.0224055270396,0.3145368870014211,JAIYI_videos_csv_files
166.05410734211063,1.082640577514414,JAIYI_videos_csv_files
166.0858091571817,3.7876752740900943,JAIYI_videos_csv_files
166.11751097225277,5.237925708734854,JAIYI_videos_csv_files
166.1492127873238,3.741096061891956,JAIYI_videos_csv_files
166.1809146023948,2.572091728508728,JAIYI_videos_csv_files
166.21261641746585,2.6501688667478485,JAIYI_videos_csv_files
166.2443182325369,4.243563105562735,JAIYI_videos_csv_files
166.27602004760794,3.543451848541537,JAIYI_videos_csv_files
166.307721862679,2.7412812550768244,JAIYI_videos_csv_files
166.33942367775003,1.7290860944663382,JAIYI_videos_csv_files
166.37112549282105,1.584975636070331,JAIYI_videos_csv_files
166.4028273078921,1.5110322218577883,JAIYI_videos_csv_files
166.43452912296314,1.612573516550993,JAIYI_videos_csv_files
166.4662309380342,1.5432145021773205,JAIYI_videos_csv_files
166.49793275310523,1.498633341886586,JAIYI_videos_csv_files
166.52963456817628,1.507856801827591,JAIYI_videos_csv_files
166.5613363832473,1.3002225408549446,JAIYI_videos_csv_files
166.59303819831834,0.2118249048117142,JAIYI_videos_csv_files
166.62474001338938,1.753489765691871,JAIYI_videos_csv_files
166.65644182846043,0.5463505260693045,JAIYI_videos_csv_files
166.68814364353148,2.035479557902761,JAIYI_videos_csv_files
166.71984545860252,2.975275736426357,JAIYI_videos_csv_files
166.75154727367354,2.8439678366652505,JAIYI_videos_csv_files
166.78324908874458,2.4454095121610995,JAIYI_videos_csv_files
166.81495090381563,3.81446353991385,JAIYI_videos_csv_files
166.84665271888667,6.533533122488879,JAIYI_videos_csv_files
166.87835453395772,6.201886951509169,JAIYI_videos_csv_files
166.91005634902876,5.296089389802657,JAIYI_videos_csv_files
166.94175816409978,4.6309129935772,JAIYI_videos_csv_files
166.97345997917083,3.700359483646624,JAIYI_videos_csv_files
167.00516179424187,3.5478845005794315,JAIYI_videos_csv_files
167.03686360931292,3.3437472036878795,JAIYI_videos_csv_files
167.06856542438396,3.299916083063184,JAIYI_videos_csv_files
167.100267239455,2.8883905527999163,JAIYI_videos_csv_files
167.13196905452602,3.154351860545259,JAIYI_videos_csv_files
167.16367086959707,2.1132308563313096,JAIYI_videos_csv_files
167.19537268466811,1.65314546731807,JAIYI_videos_csv_files
167.22707449973916,2.0139310904900007,JAIYI_videos_csv_files
167.2587763148102,2.1146660172814644,JAIYI_videos_csv_files
167.29047812988125,2.1755601606856483,JAIYI_videos_csv_files
167.32217994495227,2.6395221281825885,JAIYI_videos_csv_files
167.3538817600233,2.460831456282241,JAIYI_videos_csv_files
167.38558357509436,3.2889667477038875,JAIYI_videos_csv_files
167.4172853901654,4.842258347152281,JAIYI_videos_csv_files
167.44898720523645,3.28578815934497,JAIYI_videos_csv_files
167.4806890203075,4.080004673333236,JAIYI_videos_csv_files
167.5123908353785,4.116262724126992,JAIYI_videos_csv_files
167.54409265044956,4.249242253484992,JAIYI_videos_csv_files
167.5757944655206,3.899101358203125,JAIYI_videos_csv_files
167.60749628059165,3.590439336807628,JAIYI_videos_csv_files
167.6391980956627,3.329014073846197,JAIYI_videos_csv_files
167.67089991073374,3.468909239033198,JAIYI_videos_csv_files
167.70260172580475,3.126724548636328,JAIYI_videos_csv_files
167.7343035408758,3.1062755574830128,JAIYI_videos_csv_files
167.76600535594685,0.8727344010483058,JAIYI_videos_csv_files
167.7977071710179,1.9180756200194944,JAIYI_videos_csv_files
167.82940898608894,1.5197368658589754,JAIYI_videos_csv_files
167.86111080115998,1.8551579189208949,JAIYI_videos_csv_files
167.892812616231,1.540531413105744,JAIYI_videos_csv_files
167.92451443130204,1.3468175482195288,JAIYI_videos_csv_files
167.9562162463731,2.1350103110351726,JAIYI_videos_csv_files
167.98791806144413,3.5900903983035226,JAIYI_videos_csv_files
168.01961987651518,3.6901174177378473,JAIYI_videos_csv_files
168.05132169158622,3.807563661305589,JAIYI_videos_csv_files
168.08302350665724,4.503516884002222,JAIYI_videos_csv_files
168.1147253217283,4.092226584306303,JAIYI_videos_csv_files
168.14642713679933,3.770991592651322,JAIYI_videos_csv_files
168.17812895187038,3.92360676491087,JAIYI_videos_csv_files
168.20983076694142,3.8269955351130034,JAIYI_videos_csv_files
168.24153258201247,1.1528657910167397,JAIYI_videos_csv_files
168.27323439708348,0.4064287869879234,JAIYI_videos_csv_files
168.30493621215453,0.894696757506272,JAIYI_videos_csv_files
168.33663802722558,1.134871229820415,JAIYI_videos_csv_files
168.36833984229662,0.8764916905178466,JAIYI_videos_csv_files
168.40004165736767,0.1008618434323609,JAIYI_videos_csv_files
168.4317434724387,1.0605999476812826,JAIYI_videos_csv_files
168.46344528750973,0.4050021744747752,JAIYI_videos_csv_files
168.49514710258077,0.5265135547155749,JAIYI_videos_csv_files
168.52684891765182,0.7025683570174847,JAIYI_videos_csv_files
168.55855073272286,1.555114900551507,JAIYI_videos_csv_files
168.5902525477939,2.0612267755381595,JAIYI_videos_csv_files
168.62195436286495,2.6183128309086645,JAIYI_videos_csv_files
168.65365617793597,3.5290853566275384,JAIYI_videos_csv_files
168.68535799300702,4.558871160060324,JAIYI_videos_csv_files
168.71705980807806,5.204263804598284,JAIYI_videos_csv_files
168.7487616231491,5.448199988135283,JAIYI_videos_csv_files
168.78046343822015,5.758587198471499,JAIYI_videos_csv_files
168.8121652532912,5.4208557839118985,JAIYI_videos_csv_files
168.8438670683622,5.168929890097351,JAIYI_videos_csv_files
168.87556888343326,5.170791956610852,JAIYI_videos_csv_files
168.9072706985043,5.0890444599290605,JAIYI_videos_csv_files
168.93897251357535,2.0925148702517467,JAIYI_videos_csv_files
168.9706743286464,2.3551033206133787,JAIYI_videos_csv_files
169.00237614371744,3.2553729751498355,JAIYI_videos_csv_files
169.03407795878846,4.047982158476495,JAIYI_videos_csv_files
169.0657797738595,1.7126248655281235,JAIYI_videos_csv_files
169.09748158893055,2.2647605079050317,JAIYI_videos_csv_files
169.1291834040016,2.12996942120886,JAIYI_videos_csv_files
169.16088521907264,2.7800020787805906,JAIYI_videos_csv_files
169.19258703414368,3.581360653393192,JAIYI_videos_csv_files
169.2242888492147,3.325129335268595,JAIYI_videos_csv_files
169.25599066428575,3.074127771665264,JAIYI_videos_csv_files
169.2876924793568,2.91946047915412,JAIYI_videos_csv_files
169.31939429442784,2.800068576722222,JAIYI_videos_csv_files
169.35109610949888,1.9858568222831257,JAIYI_videos_csv_files
169.38279792456993,1.5473231719468583,JAIYI_videos_csv_files
169.41449973964097,0.7123119640345343,JAIYI_videos_csv_files
169.446201554712,1.375023431494692,JAIYI_videos_csv_files
169.47790336978304,0.9227725795614568,JAIYI_videos_csv_files
169.50960518485408,0.9456233754542694,JAIYI_videos_csv_files
169.54130699992513,1.0978831768969493,JAIYI_videos_csv_files
169.57300881499617,1.1804478019635236,JAIYI_videos_csv_files
169.6047106300672,1.385456885264894,JAIYI_videos_csv_files
169.63641244513823,1.5834380831113704,JAIYI_videos_csv_files
169.66811426020928,3.634470638569247,JAIYI_videos_csv_files
169.69981607528032,4.600289383535869,JAIYI_videos_csv_files
169.73151789035137,4.870325354027894,JAIYI_videos_csv_files
169.76321970542242,5.570213661874546,JAIYI_videos_csv_files
169.79492152049343,5.762285746848924,JAIYI_videos_csv_files
169.82662333556448,5.055415768013827,JAIYI_videos_csv_files
169.85832515063552,4.863863094739732,JAIYI_videos_csv_files
169.89002696570657,4.6108401165025725,JAIYI_videos_csv_files
169.9217287807776,4.819782196061248,JAIYI_videos_csv_files
169.95343059584866,5.128490838548062,JAIYI_videos_csv_files
169.98513241091968,4.511720057263871,JAIYI_videos_csv_files
170.01683422599072,3.0962416504650108,JAIYI_videos_csv_files
170.04853604106177,3.1823452327005364,JAIYI_videos_csv_files
170.0802378561328,2.383034746802334,JAIYI_videos_csv_files
170.11193967120386,2.421655411382112,JAIYI_videos_csv_files
170.1436414862749,2.877001396101671,JAIYI_videos_csv_files
170.17534330134595,1.733558685358585,JAIYI_videos_csv_files
170.20704511641696,2.627615559940773,JAIYI_videos_csv_files
170.238746931488,1.211336111986383,JAIYI_videos_csv_files
170.27044874655903,2.08562855115628,JAIYI_videos_csv_files
170.3021505616301,4.78195261292271,JAIYI_videos_csv_files
170.33385237670117,6.217190311472032,JAIYI_videos_csv_files
170.3655541917722,5.917416423206386,JAIYI_videos_csv_files
170.3972560068432,5.645429562586232,JAIYI_videos_csv_files
170.42895782191425,5.380611852173702,JAIYI_videos_csv_files
170.4606596369853,5.295745216324976,JAIYI_videos_csv_files
170.49236145205634,4.944183122481873,JAIYI_videos_csv_files
170.5240632671274,4.429883165325802,JAIYI_videos_csv_files
170.55576508219843,3.9707578434803232,JAIYI_videos_csv_files
170.58746689726945,3.479956690240545,JAIYI_videos_csv_files
170.6191687123405,1.6932151104213486,JAIYI_videos_csv_files
170.65087052741154,2.816899798969293,JAIYI_videos_csv_files
170.6825723424826,2.9165393951022667,JAIYI_videos_csv_files
170.71427415755363,3.5375726194068644,JAIYI_videos_csv_files
170.74597597262468,3.322287991320735,JAIYI_videos_csv_files
170.7776777876957,3.3025492006289925,JAIYI_videos_csv_files
170.80937960276674,3.738538581769771,JAIYI_videos_csv_files
170.84108141783778,2.5970515016840303,JAIYI_videos_csv_files
170.87278323290883,3.2659115334792177,JAIYI_videos_csv_files
170.90448504797988,3.632974368590287,JAIYI_videos_csv_files
170.93618686305092,4.210692349421209,JAIYI_videos_csv_files
170.96788867812194,5.610663700748369,JAIYI_videos_csv_files
170.99959049319298,5.768366913255432,JAIYI_videos_csv_files
171.03129230826403,5.652654895029706,JAIYI_videos_csv_files
171.06299412333507,5.370600229800392,JAIYI_videos_csv_files
171.09469593840612,5.385999810029647,JAIYI_videos_csv_files
171.12639775347716,5.493199717302991,JAIYI_videos_csv_files
171.15809956854818,4.928610509123727,JAIYI_videos_csv_files
171.18980138361923,0.9935708381307734,JAIYI_videos_csv_files
171.22150319869027,0.3081021995764126,JAIYI_videos_csv_files
171.25320501376132,0.6701496476357177,JAIYI_videos_csv_files
171.28490682883236,1.242127755443187,JAIYI_videos_csv_files
171.3166086439034,1.395334737072473,JAIYI_videos_csv_files
171.34831045897442,0.1036203202780337,JAIYI_videos_csv_files
171.38001227404547,0.2101324090092744,JAIYI_videos_csv_files
171.41171408911651,1.7660758711915372,JAIYI_videos_csv_files
171.44341590418756,1.720688016455358,JAIYI_videos_csv_files
171.4751177192586,2.274471758276822,JAIYI_videos_csv_files
171.50681953432965,2.11696690423096,JAIYI_videos_csv_files
171.53852134940067,2.353077671791276,JAIYI_videos_csv_files
171.5702231644717,2.375083798933039,JAIYI_videos_csv_files
171.60192497954276,2.3585393126417413,JAIYI_videos_csv_files
171.6336267946138,2.3706244328124693,JAIYI_videos_csv_files
171.66532860968485,2.383359950603656,JAIYI_videos_csv_files
171.6970304247559,2.584840011525396,JAIYI_videos_csv_files
171.7287322398269,2.646973788247674,JAIYI_videos_csv_files
171.76043405489796,2.9661027742461807,JAIYI_videos_csv_files
171.792135869969,3.685681741259689,JAIYI_videos_csv_files
171.82383768504005,3.999542545871552,JAIYI_videos_csv_files
171.8555395001111,4.2811520552998,JAIYI_videos_csv_files
171.88724131518214,4.4824930673757,JAIYI_videos_csv_files
171.91894313025315,4.095530828905195,JAIYI_videos_csv_files
171.9506449453242,3.832498887152447,JAIYI_videos_csv_files
171.98234676039525,3.691482716907709,JAIYI_videos_csv_files
172.0140485754663,5.1834851682295895,JAIYI_videos_csv_files
172.04575039053734,4.188662329257318,JAIYI_videos_csv_files
172.07745220560838,4.706412219952837,JAIYI_videos_csv_files
172.1091540206794,4.382207761188676,JAIYI_videos_csv_files
172.14085583575044,4.737598491088171,JAIYI_videos_csv_files
172.1725576508215,5.602602362382675,JAIYI_videos_csv_files
172.20425946589253,9.44281170992223,JAIYI_videos_csv_files
172.23596128096358,13.456953467608502,JAIYI_videos_csv_files
172.26766309603462,10.438857734939694,JAIYI_videos_csv_files
172.29936491110564,9.308448771485155,JAIYI_videos_csv_files
172.3310667261767,9.134965751460925,JAIYI_videos_csv_files
172.36276854124773,8.511848042761548,JAIYI_videos_csv_files
172.39447035631878,8.07187616126544,JAIYI_videos_csv_files
172.42617217138982,5.959644735774364,JAIYI_videos_csv_files
172.45787398646087,4.917081444607385,JAIYI_videos_csv_files
172.48957580153188,4.386959752040901,JAIYI_videos_csv_files
172.52127761660293,3.425216436067628,JAIYI_videos_csv_files
172.55297943167398,3.062137552648319,JAIYI_videos_csv_files
172.58468124674502,2.6144887299314896,JAIYI_videos_csv_files
172.61638306181607,1.9205261545025687,JAIYI_videos_csv_files
172.6480848768871,1.868175948643162,JAIYI_videos_csv_files
172.67978669195813,2.6244377904784923,JAIYI_videos_csv_files
172.71148850702917,1.2057994657262687,JAIYI_videos_csv_files
172.74319032210022,1.7003481384458818,JAIYI_videos_csv_files
172.77489213717126,2.0170395166414705,JAIYI_videos_csv_files
172.8065939522423,2.329097319479335,JAIYI_videos_csv_files
172.83829576731335,2.9774313316575167,JAIYI_videos_csv_files
172.86999758238437,3.9982267191261176,JAIYI_videos_csv_files
172.90169939745542,2.54442781649352,JAIYI_videos_csv_files
172.93340121252646,2.336170521540766,JAIYI_videos_csv_files
172.9651030275975,2.532058246256448,JAIYI_videos_csv_files
172.99680484266855,2.992598052463644,JAIYI_videos_csv_files
173.0285066577396,3.1743315737986846,JAIYI_videos_csv_files
173.0602084728106,3.256346901574497,JAIYI_videos_csv_files
173.09191028788166,3.3895494327793583,JAIYI_videos_csv_files
173.1236121029527,3.3880366275182405,JAIYI_videos_csv_files
173.15531391802375,3.3168913314360817,JAIYI_videos_csv_files
173.1870157330948,3.6112492814982873,JAIYI_videos_csv_files
173.21871754816584,2.6455832262398307,JAIYI_videos_csv_files
173.25041936323686,1.7552444170907904,JAIYI_videos_csv_files
173.2821211783079,1.2122954423997605,JAIYI_videos_csv_files
173.31382299337895,1.46332013328182,JAIYI_videos_csv_files
173.34552480845,1.6291007585166517,JAIYI_videos_csv_files
173.37722662352104,0.315792603237621,JAIYI_videos_csv_files
173.40892843859208,0.3203087224317261,JAIYI_videos_csv_files
173.4406302536631,0.9896378896590377,JAIYI_videos_csv_files
173.47233206873415,1.2858217189064307,JAIYI_videos_csv_files
173.5040338838052,1.6450711713808557,JAIYI_videos_csv_files
173.53573569887624,1.949576359556452,JAIYI_videos_csv_files
173.56743751394728,2.119859945537879,JAIYI_videos_csv_files
173.59913932901833,2.1519359031560383,JAIYI_videos_csv_files
173.63084114408937,2.127857940508924,JAIYI_videos_csv_files
173.6625429591604,1.5949813005024456,JAIYI_videos_csv_files
173.69424477423144,1.1735571375968958,JAIYI_videos_csv_files
173.72594658930248,1.796354385944824,JAIYI_videos_csv_files
173.75764840437353,1.45540431464898,JAIYI_videos_csv_files
173.78935021944457,1.4244541330473874,JAIYI_videos_csv_files
173.8210520345156,1.4445964074874496,JAIYI_videos_csv_files
173.85275384958663,1.735017167394209,JAIYI_videos_csv_files
173.88445566465768,1.1973842765569445,JAIYI_videos_csv_files
173.91615747972872,1.3148960077764615,JAIYI_videos_csv_files
173.94785929479977,1.224155912077956,JAIYI_videos_csv_files
173.97956110987082,1.135329357717789,JAIYI_videos_csv_files
174.01126292494183,1.166222257580002,JAIYI_videos_csv_files
174.04296474001288,1.2181525871970142,JAIYI_videos_csv_files
174.07466655508392,1.2929565628686688,JAIYI_videos_csv_files
174.10636837015497,1.2181147176336964,JAIYI_videos_csv_files
174.138070185226,1.3896064062620093,JAIYI_videos_csv_files
174.16977200029706,1.5451525854293835,JAIYI_videos_csv_files
174.20147381536808,2.012307115627385,JAIYI_videos_csv_files
174.23317563043912,1.0657257321951463,JAIYI_videos_csv_files
174.26487744551017,1.6624119953163092,JAIYI_videos_csv_files
174.2965792605812,1.463641203972314,JAIYI_videos_csv_files
174.32828107565226,2.0354592814810224,JAIYI_videos_csv_files
174.3599828907233,1.4949731894214096,JAIYI_videos_csv_files
174.39168470579432,1.5233678110160016,JAIYI_videos_csv_files
174.42338652086536,1.9930020549064305,JAIYI_videos_csv_files
174.4550883359364,2.165243518583704,JAIYI_videos_csv_files
174.48679015100743,2.306114124178544,JAIYI_videos_csv_files
174.5184919660785,1.7678255601920665,JAIYI_videos_csv_files
174.55019378114957,1.3314172347435107,JAIYI_videos_csv_files
174.58189559622056,1.0494604066236068,JAIYI_videos_csv_files
174.6135974112916,0.9839561028411686,JAIYI_videos_csv_files
174.64529922636265,0.9923620537926292,JAIYI_videos_csv_files
174.6770010414337,0.962924832621172,JAIYI_videos_csv_files
174.70870285650474,0.9927709091656692,JAIYI_videos_csv_files
174.7404046715758,0.9907425219008928,JAIYI_videos_csv_files
174.77210648664683,0.915067652185377,JAIYI_videos_csv_files
174.80380830171785,1.1638923317699466,JAIYI_videos_csv_files
174.8355101167889,1.904056736053428,JAIYI_videos_csv_files
174.86721193185994,2.3578815780512143,JAIYI_videos_csv_files
174.898913746931,2.272783130928867,JAIYI_videos_csv_files
174.93061556200203,2.024251857527602,JAIYI_videos_csv_files
174.96231737707308,3.2080137207546167,JAIYI_videos_csv_files
174.9940191921441,2.5511803895668224,JAIYI_videos_csv_files
175.02572100721514,1.3543691070777766,JAIYI_videos_csv_files
175.05742282228618,0.8294206926898888,JAIYI_videos_csv_files
175.08912463735723,0.4764733382701597,JAIYI_videos_csv_files
175.12082645242828,0.5172070115742814,JAIYI_videos_csv_files
175.15252826749932,0.7885547238874252,JAIYI_videos_csv_files
175.18423008257034,0.9541873351309768,JAIYI_videos_csv_files
175.21593189764138,1.1315599068512852,JAIYI_videos_csv_files
175.24763371271243,1.130657299723055,JAIYI_videos_csv_files
175.27933552778347,0.6160602242943718,JAIYI_videos_csv_files
175.31103734285452,0.3780198485171801,JAIYI_videos_csv_files
175.34273915792556,0.4030237882936715,JAIYI_videos_csv_files
175.37444097299658,0.7883953865077988,JAIYI_videos_csv_files
175.40614278806763,1.206755821032348,JAIYI_videos_csv_files
175.43784460313867,1.0982947559988063,JAIYI_videos_csv_files
175.46954641820972,2.0123447073615157,JAIYI_videos_csv_files
175.50124823328076,1.0970953139341966,JAIYI_videos_csv_files
175.5329500483518,0.7958098509414459,JAIYI_videos_csv_files
175.56465186342282,1.1224835238083266,JAIYI_videos_csv_files
175.59635367849387,1.7549649518090176,JAIYI_videos_csv_files
175.62805549356491,1.065143691205866,JAIYI_videos_csv_files
175.65975730863596,0.8804728619882658,JAIYI_videos_csv_files
175.691459123707,2.241312274800872,JAIYI_videos_csv_files
175.72316093877805,2.5683558922965783,JAIYI_videos_csv_files
175.75486275384907,2.9280920690807672,JAIYI_videos_csv_files
175.7865645689201,2.6751573407072544,JAIYI_videos_csv_files
175.81826638399116,2.346485545226732,JAIYI_videos_csv_files
175.8499681990622,2.886085057716773,JAIYI_videos_csv_files
175.88167001413325,3.577667454168495,JAIYI_videos_csv_files
175.9133718292043,3.622342323963264,JAIYI_videos_csv_files
175.9450736442753,4.497931662673533,JAIYI_videos_csv_files
175.97677545934636,3.781620744066157,JAIYI_videos_csv_files
176.0084772744174,3.860944750037928,JAIYI_videos_csv_files
176.04017908948845,5.460305843108979,JAIYI_videos_csv_files
176.0718809045595,5.6580094176590725,JAIYI_videos_csv_files
176.10358271963054,5.502226527283914,JAIYI_videos_csv_files
176.13528453470155,5.791028449613151,JAIYI_videos_csv_files
176.1669863497726,6.77240088771589,JAIYI_videos_csv_files
176.19868816484365,6.945987987585621,JAIYI_videos_csv_files
176.2303899799147,7.077273562038178,JAIYI_videos_csv_files
176.26209179498574,9.90920305879635,JAIYI_videos_csv_files
176.29379361005678,18.26963131608548,JAIYI_videos_csv_files
176.3254954251278,34.13921465866007,JAIYI_videos_csv_files
176.35719724019884,40.964912297689374,JAIYI_videos_csv_files
176.3888990552699,46.18611380477718,JAIYI_videos_csv_files
176.42060087034093,48.22236804730397,JAIYI_videos_csv_files
176.45230268541198,47.46198713780003,JAIYI_videos_csv_files
176.48400450048302,47.57517784852296,JAIYI_videos_csv_files
176.51570631555404,45.793055640586005,JAIYI_videos_csv_files
176.5474081306251,44.098334574485165,JAIYI_videos_csv_files
176.57910994569613,40.79137365271373,JAIYI_videos_csv_files
176.61081176076718,32.359067986839285,JAIYI_videos_csv_files
176.64251357583822,8.524517422187234,JAIYI_videos_csv_files
176.67421539090927,4.024151670888351,JAIYI_videos_csv_files
176.70591720598028,2.6285125202029933,JAIYI_videos_csv_files
176.73761902105133,2.1644067871285877,JAIYI_videos_csv_files
176.76932083612238,1.9842852176843784,JAIYI_videos_csv_files
176.80102265119342,3.831930861892422,JAIYI_videos_csv_files
176.83272446626447,15.175817608648376,JAIYI_videos_csv_files
176.8644262813355,19.394253247359824,JAIYI_videos_csv_files
176.89612809640653,20.384651551918846,JAIYI_videos_csv_files
176.92782991147757,20.65089950465283,JAIYI_videos_csv_files
176.95953172654862,14.477302803485886,JAIYI_videos_csv_files
176.99123354161966,10.452464539258294,JAIYI_videos_csv_files
177.0229353566907,12.081951598392568,JAIYI_videos_csv_files
177.05463717176175,11.36046033885622,JAIYI_videos_csv_files
177.08633898683277,11.761469984629274,JAIYI_videos_csv_files
177.11804080190382,10.262431900831748,JAIYI_videos_csv_files
177.14974261697486,8.766793724659548,JAIYI_videos_csv_files
177.1814444320459,8.2427968308132,JAIYI_videos_csv_files
177.21314624711695,7.721838066948164,JAIYI_videos_csv_files
177.244848062188,7.394370571799147,JAIYI_videos_csv_files
177.276549877259,7.660593342750932,JAIYI_videos_csv_files
177.30825169233006,16.402749053169376,JAIYI_videos_csv_files
177.3399535074011,20.589295729239367,JAIYI_videos_csv_files
177.37165532247215,23.2435142053072,JAIYI_videos_csv_files
177.4033571375432,22.363187579597167,JAIYI_videos_csv_files
177.43505895261424,20.076565646016483,JAIYI_videos_csv_files
177.46676076768526,18.001568297008003,JAIYI_videos_csv_files
177.4984625827563,16.81334243039462,JAIYI_videos_csv_files
177.53016439782735,16.460695589729745,JAIYI_videos_csv_files
177.5618662128984,11.802602396022172,JAIYI_videos_csv_files
177.59356802796944,10.04862619679279,JAIYI_videos_csv_files
177.62526984304048,8.754995194657132,JAIYI_videos_csv_files
177.6569716581115,8.017553673712213,JAIYI_videos_csv_files
177.68867347318255,7.15204444837301,JAIYI_videos_csv_files
177.7203752882536,7.112940305687123,JAIYI_videos_csv_files
177.75207710332464,7.720316122701843,JAIYI_videos_csv_files
177.78377891839568,7.740873823013249,JAIYI_videos_csv_files
177.81548073346673,9.379773193436414,JAIYI_videos_csv_files
177.84718254853777,18.962660315786263,JAIYI_videos_csv_files
177.8788843636088,12.573762400137102,JAIYI_videos_csv_files
177.91058617867984,10.648455251079882,JAIYI_videos_csv_files
177.94228799375088,10.305195895886737,JAIYI_videos_csv_files
177.97398980882193,11.142161777110024,JAIYI_videos_csv_files
178.00569162389297,11.698272583177976,JAIYI_videos_csv_files
178.037393438964,8.73983850260328,JAIYI_videos_csv_files
178.06909525403503,6.94347518092914,JAIYI_videos_csv_files
178.10079706910608,6.67630322055432,JAIYI_videos_csv_files
178.13249888417712,6.754568980885214,JAIYI_videos_csv_files
178.16420069924817,6.959812855820089,JAIYI_videos_csv_files
178.19590251431922,8.684746869991763,JAIYI_videos_csv_files
178.22760432939023,12.091271357475495,JAIYI_videos_csv_files
178.25930614446128,18.38880694148537,JAIYI_videos_csv_files
178.29100795953232,,JAIYI_videos_csv_files
178.32270977460337,2.5573217353551616,JAIYI_videos_csv_files
178.3544115896744,9.921948509416554,JAIYI_videos_csv_files
178.38611340474546,4.095503554739031,JAIYI_videos_csv_files
178.41781521981648,3.865228984795182,JAIYI_videos_csv_files
178.44951703488752,3.2835679437057537,JAIYI_videos_csv_files
178.48121884995857,,JAIYI_videos_csv_files
178.5129206650296,2.4164884440909487,JAIYI_videos_csv_files
178.54462248010066,7.413710831161155,JAIYI_videos_csv_files
178.5763242951717,13.18328552608624,JAIYI_videos_csv_files
178.60802611024272,13.983990711769792,JAIYI_videos_csv_files
178.63972792531376,20.333142082939304,JAIYI_videos_csv_files
178.6714297403848,38.55756820754169,JAIYI_videos_csv_files
178.70313155545583,51.38958478019381,JAIYI_videos_csv_files
178.7348333705269,52.85760132264068,JAIYI_videos_csv_files
178.76653518559797,49.51681593105101,JAIYI_videos_csv_files
178.79823700066896,37.397658780694776,JAIYI_videos_csv_files
178.82993881574,25.51033137430126,JAIYI_videos_csv_files
178.86164063081105,17.264491654614822,JAIYI_videos_csv_files
178.8933424458821,16.23414442746382,JAIYI_videos_csv_files
178.92504426095314,13.555059825220871,JAIYI_videos_csv_files
178.9567460760242,13.238084275999624,JAIYI_videos_csv_files
178.9884478910952,14.54712134694674,JAIYI_videos_csv_files
179.02014970616625,15.358895990545363,JAIYI_videos_csv_files
179.0518515212373,14.547147175185328,JAIYI_videos_csv_files
179.08355333630834,14.12794991144507,JAIYI_videos_csv_files
179.1152551513794,15.042160115686375,JAIYI_videos_csv_files
179.14695696645043,25.03206031245257,JAIYI_videos_csv_files
179.17865878152145,22.35479525142247,JAIYI_videos_csv_files
179.2103605965925,18.94205087906325,JAIYI_videos_csv_files
179.24206241166354,18.700804731590807,JAIYI_videos_csv_files
179.27376422673458,15.1387287482011,JAIYI_videos_csv_files
179.30546604180563,12.488063138491867,JAIYI_videos_csv_files
179.33716785687668,11.206475939585308,JAIYI_videos_csv_files
179.36886967194772,11.45271037136086,JAIYI_videos_csv_files
179.40057148701874,11.468817263001815,JAIYI_videos_csv_files
179.43227330208978,11.475384217008983,JAIYI_videos_csv_files
179.46397511716083,11.201686973913972,JAIYI_videos_csv_files
179.49567693223187,20.144997944469857,JAIYI_videos_csv_files
179.52737874730292,25.07437085235487,JAIYI_videos_csv_files
179.55908056237396,22.25498800968812,JAIYI_videos_csv_files
179.59078237744498,19.43484062252417,JAIYI_videos_csv_files
179.62248419251603,19.810478750005217,JAIYI_videos_csv_files
179.65418600758707,16.407790737369066,JAIYI_videos_csv_files
179.68588782265812,13.618978494386443,JAIYI_videos_csv_files
179.71758963772916,12.299911158754629,JAIYI_videos_csv_files
179.7492914528002,10.903594762640664,JAIYI_videos_csv_files
179.78099326787122,10.539223975450351,JAIYI_videos_csv_files
179.81269508294227,10.87596556834543,JAIYI_videos_csv_files
179.84439689801331,9.868334286593663,JAIYI_videos_csv_files
179.87609871308436,17.946782109142937,JAIYI_videos_csv_files
179.9078005281554,16.465310056729503,JAIYI_videos_csv_files
179.93950234322645,13.05051610496388,JAIYI_videos_csv_files
179.97120415829747,9.80207402952047,JAIYI_videos_csv_files
180.0029059733685,10.02302342031258,JAIYI_videos_csv_files
180.03460778843956,7.742866672701613,JAIYI_videos_csv_files
180.0663096035106,3.8958253525926674,JAIYI_videos_csv_files
180.09801141858165,1.011273189296089,JAIYI_videos_csv_files
180.1297132336527,1.1664830001278808,JAIYI_videos_csv_files
180.1614150487237,1.5153196136636504,JAIYI_videos_csv_files
180.19311686379476,1.2939211398939836,JAIYI_videos_csv_files
180.2248186788658,0.7068800892908846,JAIYI_videos_csv_files
180.25652049393685,0.299273449925322,JAIYI_videos_csv_files
180.2882223090079,0.3002424859390768,JAIYI_videos_csv_files
180.31992412407897,11.548785597613543,JAIYI_videos_csv_files
180.35162593914995,20.87289017962271,JAIYI_videos_csv_files
180.383327754221,26.385283816066103,JAIYI_videos_csv_files
180.41502956929205,25.51971418430598,JAIYI_videos_csv_files
180.4467313843631,23.701039229782552,JAIYI_videos_csv_files
180.47843319943416,21.9799297215181,JAIYI_videos_csv_files
180.5101350145052,20.217580234135507,JAIYI_videos_csv_files
180.5418368295762,19.47875578690217,JAIYI_videos_csv_files
180.57353864464724,18.51212648142184,JAIYI_videos_csv_files
180.6052404597183,16.81122913786176,JAIYI_videos_csv_files
180.63694227478933,14.014617230460132,JAIYI_videos_csv_files
180.6686440898604,12.043226977420645,JAIYI_videos_csv_files
180.70034590493145,11.456220319153138,JAIYI_videos_csv_files
180.73204772000244,11.518048206533692,JAIYI_videos_csv_files
180.7637495350735,11.5802659873017,JAIYI_videos_csv_files
180.79545135014453,14.864300796746903,JAIYI_videos_csv_files
180.8271531652156,13.465334130921535,JAIYI_videos_csv_files
180.85885498028665,11.208623469850702,JAIYI_videos_csv_files
180.89055679535767,7.467213439680022,JAIYI_videos_csv_files
180.92225861042868,4.543180680608179,JAIYI_videos_csv_files
180.95396042549973,1.7685251523367005,JAIYI_videos_csv_files
180.9856622405708,2.175499668575116,JAIYI_videos_csv_files
181.01736405564185,3.1572171207784026,JAIYI_videos_csv_files
181.04906587071287,2.848245776793369,JAIYI_videos_csv_files
181.0807676857839,1.568703445494774,JAIYI_videos_csv_files
181.11246950085493,1.71683787509869,JAIYI_videos_csv_files
181.14417131592597,2.331819689283534,JAIYI_videos_csv_files
181.17587313099705,2.7396753977363706,JAIYI_videos_csv_files
181.2075749460681,2.9175101821195977,JAIYI_videos_csv_files
181.2392767611391,2.9648308083317425,JAIYI_videos_csv_files
181.27097857621015,4.545116308949522,JAIYI_videos_csv_files
181.30268039128117,9.248385823674628,JAIYI_videos_csv_files
181.33438220635225,13.675852057358869,JAIYI_videos_csv_files
181.3660840214233,17.87399897690617,JAIYI_videos_csv_files
181.3977858364943,18.82950539561631,JAIYI_videos_csv_files
181.42948765156535,20.035897739503945,JAIYI_videos_csv_files
181.4611894666364,17.51865350852585,JAIYI_videos_csv_files
181.4928912817074,13.355606122150256,JAIYI_videos_csv_files
181.5245930967785,10.66220199811196,JAIYI_videos_csv_files
181.5562949118495,13.14513134167303,JAIYI_videos_csv_files
181.58799672692055,10.010123984172685,JAIYI_videos_csv_files
181.6196985419916,7.041925820931279,JAIYI_videos_csv_files
181.65140035706264,4.150797867564254,JAIYI_videos_csv_files
181.6831021721337,4.0014192915262745,JAIYI_videos_csv_files
181.7148039872047,5.109556874647796,JAIYI_videos_csv_files
181.74650580227575,5.488609311132911,JAIYI_videos_csv_files
181.7782076173468,5.256844986771044,JAIYI_videos_csv_files
181.80990943241784,15.674953818204354,JAIYI_videos_csv_files
181.84161124748888,23.419341318069897,JAIYI_videos_csv_files
181.8733130625599,24.86395458447859,JAIYI_videos_csv_files
181.90501487763095,22.084404180046395,JAIYI_videos_csv_files
181.936716692702,18.72198881988693,JAIYI_videos_csv_files
181.96841850777304,19.38924659504172,JAIYI_videos_csv_files
182.00012032284408,12.930897282407615,JAIYI_videos_csv_files
182.03182213791513,12.753165655990488,JAIYI_videos_csv_files
182.06352395298617,12.265871581688394,JAIYI_videos_csv_files
182.0952257680572,11.674553463071511,JAIYI_videos_csv_files
182.12692758312824,10.329459420412464,JAIYI_videos_csv_files
182.15862939819928,11.820116446136748,JAIYI_videos_csv_files
182.19033121327033,11.512003228289831,JAIYI_videos_csv_files
182.22203302834137,9.998809215043655,JAIYI_videos_csv_files
182.2537348434124,20.5280702893632,JAIYI_videos_csv_files
182.28543665848343,14.215178272267996,JAIYI_videos_csv_files
182.31713847355448,7.26363338831464,JAIYI_videos_csv_files
182.34884028862552,2.9070184539713417,JAIYI_videos_csv_files
182.38054210369657,1.599411793782315,JAIYI_videos_csv_files
182.4122439187676,0.8840170288078367,JAIYI_videos_csv_files
182.44394573383863,1.1390842164464945,JAIYI_videos_csv_files
182.47564754890968,0.8747445190705606,JAIYI_videos_csv_files
182.50734936398072,0.7574746418022041,JAIYI_videos_csv_files
182.53905117905177,0.7948142095080318,JAIYI_videos_csv_files
182.5707529941228,1.0235904161376743,JAIYI_videos_csv_files
182.60245480919383,1.114317162918074,JAIYI_videos_csv_files
182.63415662426488,1.4091682659541045,JAIYI_videos_csv_files
182.66585843933592,1.3924582736114677,JAIYI_videos_csv_files
182.69756025440697,4.136643622446373,JAIYI_videos_csv_files
182.729262069478,4.405070791016412,JAIYI_videos_csv_files
182.76096388454903,14.942401911814573,JAIYI_videos_csv_files
182.7926656996201,22.714909714840417,JAIYI_videos_csv_files
182.82436751469112,25.32872572698533,JAIYI_videos_csv_files
182.85606932976216,24.951114028486224,JAIYI_videos_csv_files
182.8877711448332,16.237444784336535,JAIYI_videos_csv_files
182.91947295990423,13.424195042752013,JAIYI_videos_csv_files
182.9511747749753,7.074729675301239,JAIYI_videos_csv_files
182.98287659004637,0.6662791851776799,JAIYI_videos_csv_files
183.01457840511736,0.6671188075100701,JAIYI_videos_csv_files
183.0462802201884,1.5006719243308315,JAIYI_videos_csv_files
183.07798203525945,1.1147114908299145,JAIYI_videos_csv_files
183.1096838503305,0.4176239621620304,JAIYI_videos_csv_files
183.14138566540151,0.6703808116495457,JAIYI_videos_csv_files
183.1730874804726,1.0810785979119344,JAIYI_videos_csv_files
183.2047892955436,1.4837688282752624,JAIYI_videos_csv_files
183.23649111061465,1.759616441747069,JAIYI_videos_csv_files
183.2681929256857,2.0465654193338434,JAIYI_videos_csv_files
183.2998947407567,1.9122958258729192,JAIYI_videos_csv_files
183.3315965558278,1.4792677541444237,JAIYI_videos_csv_files
183.36329837089883,1.5219376756803105,JAIYI_videos_csv_files
183.39500018596985,1.8444131730981577,JAIYI_videos_csv_files
183.4267020010409,2.262158224368163,JAIYI_videos_csv_files
183.4584038161119,3.734621495708707,JAIYI_videos_csv_files
183.49010563118296,18.79321946171656,JAIYI_videos_csv_files
183.52180744625403,,JAIYI_videos_csv_files
183.55350926132508,50.89249264320349,JAIYI_videos_csv_files
183.5852110763961,54.98240273006185,JAIYI_videos_csv_files
183.6169128914671,62.046335939529634,JAIYI_videos_csv_files
183.64861470653815,66.1229707132988,JAIYI_videos_csv_files
183.68031652160923,67.07089051161509,JAIYI_videos_csv_files
183.71201833668027,68.48501646583138,JAIYI_videos_csv_files
183.74372015175132,70.99154956890895,JAIYI_videos_csv_files
183.7754219668223,75.57052098091461,JAIYI_videos_csv_files
183.80712378189335,,JAIYI_videos_csv_files
183.83882559696443,66.00190810906342,JAIYI_videos_csv_files
183.87052741203547,74.11455898177759,JAIYI_videos_csv_files
183.90222922710652,,JAIYI_videos_csv_files
183.93393104217756,81.08157914432559,JAIYI_videos_csv_files
183.9656328572486,81.94819362154085,JAIYI_videos_csv_files
183.9973346723196,,JAIYI_videos_csv_files
184.02903648739067,72.19316794621349,JAIYI_videos_csv_files
184.06073830246171,,JAIYI_videos_csv_files
184.09244011753276,63.627535292820966,JAIYI_videos_csv_files
184.1241419326038,75.92752534181149,JAIYI_videos_csv_files
184.15584374767485,,JAIYI_videos_csv_files
184.18754556274587,66.27331477454499,JAIYI_videos_csv_files
184.2192473778169,75.34616257893043,JAIYI_videos_csv_files
184.25094919288796,,JAIYI_videos_csv_files
184.282651007959,,JAIYI_videos_csv_files
184.31435282303005,,JAIYI_videos_csv_files
184.3460546381011,56.61146761700424,JAIYI_videos_csv_files
184.3777564531721,50.69678404591061,JAIYI_videos_csv_files
184.40945826824316,47.97240773606469,JAIYI_videos_csv_files
184.4411600833142,,JAIYI_videos_csv_files
184.47286189838525,45.59216828746683,JAIYI_videos_csv_files
184.5045637134563,39.66560322915159,JAIYI_videos_csv_files
184.53626552852737,36.89555800431773,JAIYI_videos_csv_files
184.56796734359835,40.08914735842136,JAIYI_videos_csv_files
184.5996691586694,41.10709052950934,JAIYI_videos_csv_files
184.63137097374045,40.667836325673214,JAIYI_videos_csv_files
184.6630727888115,40.63402184001275,JAIYI_videos_csv_files
184.69477460388256,41.64882797158474,JAIYI_videos_csv_files
184.7264764189536,41.665600294332044,JAIYI_videos_csv_files
184.7581782340246,41.48169415344397,JAIYI_videos_csv_files
184.78988004909564,40.25215423513574,JAIYI_videos_csv_files
184.8215818641667,38.872699308627794,JAIYI_videos_csv_files
184.85328367923773,39.990906787411305,JAIYI_videos_csv_files
184.8849854943088,41.67865849236279,JAIYI_videos_csv_files
184.91668730937985,41.44520656240382,JAIYI_videos_csv_files
184.94838912445084,39.54752564867685,JAIYI_videos_csv_files
184.9800909395219,38.44556464888654,JAIYI_videos_csv_files
185.01179275459293,27.46554862442385,JAIYI_videos_csv_files
185.043494569664,10.07539653611969,JAIYI_videos_csv_files
185.07519638473505,7.204941349943568,JAIYI_videos_csv_files
185.10689819980607,6.792642966720738,JAIYI_videos_csv_files
185.13860001487708,10.105906652046269,JAIYI_videos_csv_files
185.17030182994813,11.57401540197718,JAIYI_videos_csv_files
185.2020036450192,13.147622523966556,JAIYI_videos_csv_files
185.23370546009025,15.145141715824264,JAIYI_videos_csv_files
185.26540727516127,18.32466738918437,JAIYI_videos_csv_files
185.2971090902323,23.42306858970873,JAIYI_videos_csv_files
185.32881090530333,22.83004993321145,JAIYI_videos_csv_files
185.36051272037437,28.39015897015757,JAIYI_videos_csv_files
185.39221453544545,33.15471111123456,JAIYI_videos_csv_files
185.4239163505165,33.28078609045679,JAIYI_videos_csv_files
185.4556181655875,32.942275304166344,JAIYI_videos_csv_files
185.48731998065855,22.78018488816132,JAIYI_videos_csv_files
185.51902179572957,19.672225333893007,JAIYI_videos_csv_files
185.55072361080065,17.529398985022784,JAIYI_videos_csv_files
185.5824254258717,22.067323743312777,JAIYI_videos_csv_files
185.6141272409427,30.131684107055875,JAIYI_videos_csv_files
185.64582905601375,30.497050326355453,JAIYI_videos_csv_files
185.6775308710848,31.55208674771741,JAIYI_videos_csv_files
185.7092326861558,30.676095983305565,JAIYI_videos_csv_files
185.7409345012269,26.60937107397228,JAIYI_videos_csv_files
185.7726363162979,21.14991096439021,JAIYI_videos_csv_files
185.80433813136895,21.49947956585893,JAIYI_videos_csv_files
185.83603994644,22.03082025760691,JAIYI_videos_csv_files
185.86774176151104,16.812732319917302,JAIYI_videos_csv_files
185.8994435765821,15.876618982572944,JAIYI_videos_csv_files
185.9311453916531,12.124594121916733,JAIYI_videos_csv_files
185.96284720672415,11.86555101078583,JAIYI_videos_csv_files
185.9945490217952,15.460967782263603,JAIYI_videos_csv_files
186.02625083686624,16.30199781800159,JAIYI_videos_csv_files
186.05795265193728,18.57410301030579,JAIYI_videos_csv_files
186.0896544670083,20.484360379795344,JAIYI_videos_csv_files
186.12135628207935,22.920839456865824,JAIYI_videos_csv_files
186.1530580971504,25.461024132255044,JAIYI_videos_csv_files
186.18475991222144,25.9108971005439,JAIYI_videos_csv_files
186.21646172729248,26.68938152267843,JAIYI_videos_csv_files
186.24816354236353,27.146699181753565,JAIYI_videos_csv_files
186.27986535743457,27.20392863927368,JAIYI_videos_csv_files
186.3115671725056,27.03218517415104,JAIYI_videos_csv_files
186.34326898757664,27.129189137305,JAIYI_videos_csv_files
186.37497080264768,26.81735073295617,JAIYI_videos_csv_files
186.40667261771873,25.917927872554227,JAIYI_videos_csv_files
186.43837443278977,25.14564120648029,JAIYI_videos_csv_files
186.4700762478608,23.529773715185915,JAIYI_videos_csv_files
186.50177806293183,23.28336135376897,JAIYI_videos_csv_files
186.53347987800288,23.16062884642429,JAIYI_videos_csv_files
186.56518169307392,23.18134070561444,JAIYI_videos_csv_files
186.59688350814497,22.797713587185264,JAIYI_videos_csv_files
186.628585323216,22.897233403610816,JAIYI_videos_csv_files
186.66028713828703,23.61788119419435,JAIYI_videos_csv_files
186.69198895335808,26.200004076008675,JAIYI_videos_csv_files
186.72369076842912,28.62893391548873,JAIYI_videos_csv_files
186.75539258350017,27.16869336933868,JAIYI_videos_csv_files
186.7870943985712,25.70754470409917,JAIYI_videos_csv_files
186.81879621364223,26.8244021469884,JAIYI_videos_csv_files
186.85049802871328,27.960570903108056,JAIYI_videos_csv_files
186.88219984378432,25.78305947335447,JAIYI_videos_csv_files
186.91390165885537,24.222315936723533,JAIYI_videos_csv_files
186.9456034739264,22.637944648262497,JAIYI_videos_csv_files
186.97730528899743,23.224007738547236,JAIYI_videos_csv_files
187.0090071040685,24.00723873195153,JAIYI_videos_csv_files
187.04070891913952,24.955723205309223,JAIYI_videos_csv_files
187.07241073421056,25.61469622979133,JAIYI_videos_csv_files
187.1041125492816,25.48512861713579,JAIYI_videos_csv_files
187.13581436435263,24.33050968660783,JAIYI_videos_csv_files
187.1675161794237,20.350672144150742,JAIYI_videos_csv_files
187.19921799449477,17.371153922984803,JAIYI_videos_csv_files
187.23091980956576,21.836127024945927,JAIYI_videos_csv_files
187.2626216246368,25.09808325920673,JAIYI_videos_csv_files
187.29432343970785,27.127875610025303,JAIYI_videos_csv_files
187.3260252547789,25.341745665869222,JAIYI_videos_csv_files
187.35772706984991,25.349562258453304,JAIYI_videos_csv_files
187.389428884921,25.81299479472015,JAIYI_videos_csv_files
187.421130699992,25.42224297066091,JAIYI_videos_csv_files
187.45283251506305,24.82090855311232,JAIYI_videos_csv_files
187.4845343301341,24.424948838734675,JAIYI_videos_csv_files
187.5162361452051,23.365045376715766,JAIYI_videos_csv_files
187.5479379602762,22.008850230635424,JAIYI_videos_csv_files
187.57963977534723,20.270069321987137,JAIYI_videos_csv_files
187.61134159041825,19.0928616042976,JAIYI_videos_csv_files
187.6430434054893,23.68781154659507,JAIYI_videos_csv_files
187.6747452205603,23.403357945060375,JAIYI_videos_csv_files
187.70644703563136,25.961637002364984,JAIYI_videos_csv_files
187.73814885070243,26.47874501050786,JAIYI_videos_csv_files
187.76985066577348,25.084285414140563,JAIYI_videos_csv_files
187.8015524808445,24.335046622514756,JAIYI_videos_csv_files
187.8332542959155,26.22410630440807,JAIYI_videos_csv_files
187.86495611098655,25.874877560132735,JAIYI_videos_csv_files
187.89665792605763,24.818146034368027,JAIYI_videos_csv_files
187.92835974112867,24.57822830933348,JAIYI_videos_csv_files
187.96006155619972,24.68441789985033,JAIYI_videos_csv_files
187.9917633712707,23.59096659792197,JAIYI_videos_csv_files
188.02346518634175,20.776103383913064,JAIYI_videos_csv_files
188.05516700141283,18.40821177987965,JAIYI_videos_csv_files
188.08686881648387,17.81945925650613,JAIYI_videos_csv_files
188.11857063155492,15.623660782464375,JAIYI_videos_csv_files
188.15027244662596,12.69524372098864,JAIYI_videos_csv_files
188.18197426169695,10.673874835795132,JAIYI_videos_csv_files
188.213676076768,9.03688851313006,JAIYI_videos_csv_files
188.24537789183907,7.856865614305779,JAIYI_videos_csv_files
188.27707970691011,3.095789095071098,JAIYI_videos_csv_files
188.30878152198116,2.3878852572567166,JAIYI_videos_csv_files
188.3404833370522,5.820627577966056,JAIYI_videos_csv_files
188.3721851521232,6.469492634552296,JAIYI_videos_csv_files
188.40388696719427,7.237175491772804,JAIYI_videos_csv_files
188.4355887822653,7.918858040551005,JAIYI_videos_csv_files
188.46729059733636,9.15481701794774,JAIYI_videos_csv_files
188.4989924124074,10.155589188827536,JAIYI_videos_csv_files
188.53069422747845,14.03565832215236,JAIYI_videos_csv_files
188.5623960425495,16.226157135828174,JAIYI_videos_csv_files
188.5940978576205,15.469364165500572,JAIYI_videos_csv_files
188.62579967269156,17.421208928258057,JAIYI_videos_csv_files
188.6575014877626,18.448568656978168,JAIYI_videos_csv_files
188.68920330283365,17.424737280822082,JAIYI_videos_csv_files
188.7209051179047,17.55623628949853,JAIYI_videos_csv_files
188.75260693297577,19.46280388080353,JAIYI_videos_csv_files
188.78430874804675,19.13761795115845,JAIYI_videos_csv_files
188.8160105631178,20.54754829571681,JAIYI_videos_csv_files
188.84771237818885,20.01532236645513,JAIYI_videos_csv_files
188.8794141932599,19.16433831078866,JAIYI_videos_csv_files
188.91111600833096,16.776261956787277,JAIYI_videos_csv_files
188.942817823402,17.382006209343068,JAIYI_videos_csv_files
188.974519638473,18.86154324624283,JAIYI_videos_csv_files
189.00622145354404,20.19278435765033,JAIYI_videos_csv_files
189.0379232686151,14.40230142304006,JAIYI_videos_csv_files
189.06962508368613,9.230231755264624,JAIYI_videos_csv_files
189.1013268987572,7.259482127041986,JAIYI_videos_csv_files
189.13302871382825,9.232904997314131,JAIYI_videos_csv_files
189.16473052889924,9.511616671512837,JAIYI_videos_csv_files
189.1964323439703,12.243874112193094,JAIYI_videos_csv_files
189.22813415904133,14.733939955092136,JAIYI_videos_csv_files
189.2598359741124,16.962085237787605,JAIYI_videos_csv_files
189.29153778918345,17.479109461397186,JAIYI_videos_csv_files
189.32323960425447,18.45683441572036,JAIYI_videos_csv_files
189.35494141932548,20.07218376809129,JAIYI_videos_csv_files
189.38664323439653,16.52286829382964,JAIYI_videos_csv_files
189.4183450494676,11.91349787926861,JAIYI_videos_csv_files
189.45004686453865,7.174055576858182,JAIYI_videos_csv_files
189.48174867960967,6.144634085943819,JAIYI_videos_csv_files
189.5134504946807,5.393683149327704,JAIYI_videos_csv_files
189.54515230975173,4.253936765639476,JAIYI_videos_csv_files
189.57685412482277,4.423063586521407,JAIYI_videos_csv_files
189.60855593989385,3.55330740858148,JAIYI_videos_csv_files
189.6402577549649,4.7110563646455,JAIYI_videos_csv_files
189.6719595700359,6.480218128962421,JAIYI_videos_csv_files
189.70366138510695,4.72074000700824,JAIYI_videos_csv_files
189.73536320017797,4.860334180911421,JAIYI_videos_csv_files
189.76706501524905,4.044134615855738,JAIYI_videos_csv_files
189.7987668303201,5.661605028772545,JAIYI_videos_csv_files
189.8304686453911,2.0759212527961552,JAIYI_videos_csv_files
189.86217046046215,1.0761505725547655,JAIYI_videos_csv_files
189.8938722755332,0.5186196861249371,JAIYI_videos_csv_files
189.9255740906042,0.9736481040339504,JAIYI_videos_csv_files
189.9572759056753,3.517302619168883,JAIYI_videos_csv_files
189.9889777207463,4.8955904563958486,JAIYI_videos_csv_files
190.02067953581735,5.958348005332194,JAIYI_videos_csv_files
190.0523813508884,6.067044479188611,JAIYI_videos_csv_files
190.08408316595944,5.721792117403175,JAIYI_videos_csv_files
190.1157849810305,5.578452445613875,JAIYI_videos_csv_files
190.1474867961015,5.075470702139327,JAIYI_videos_csv_files
190.17918861117255,3.440565595905552,JAIYI_videos_csv_files
190.2108904262436,3.3527090509037576,JAIYI_videos_csv_files
190.24259224131464,2.2937193457660454,JAIYI_videos_csv_files
190.27429405638568,1.4979755706274451,JAIYI_videos_csv_files
190.3059958714567,2.225776557055701,JAIYI_videos_csv_files
190.33769768652775,1.3935193699365946,JAIYI_videos_csv_files
190.3693995015988,1.2232883333902336,JAIYI_videos_csv_files
190.40110131666984,1.3209559814450471,JAIYI_videos_csv_files
190.43280313174088,1.2212787654879167,JAIYI_videos_csv_files
190.46450494681193,1.286815233466424,JAIYI_videos_csv_files
190.49620676188297,1.640206428524339,JAIYI_videos_csv_files
190.527908576954,1.9351869020445889,JAIYI_videos_csv_files
190.55961039202504,1.991134027903487,JAIYI_videos_csv_files
190.59131220709608,2.047234062312373,JAIYI_videos_csv_files
190.62301402216713,2.044489762937619,JAIYI_videos_csv_files
190.65471583723817,1.3857392253561345,JAIYI_videos_csv_files
190.6864176523092,1.088058408328607,JAIYI_videos_csv_files
190.71811946738023,1.9365485150497903,JAIYI_videos_csv_files
190.74982128245128,8.40682742411063,JAIYI_videos_csv_files
190.78152309752232,11.46096262652988,JAIYI_videos_csv_files
190.81322491259337,12.376397549995128,JAIYI_videos_csv_files
190.8449267276644,21.51519992941119,JAIYI_videos_csv_files
190.87662854273543,26.207692222051374,JAIYI_videos_csv_files
190.90833035780648,34.15472307549027,JAIYI_videos_csv_files
190.94003217287752,36.843176783202296,JAIYI_videos_csv_files
190.97173398794857,39.19266043326231,JAIYI_videos_csv_files
191.0034358030196,35.66815368433551,JAIYI_videos_csv_files
191.03513761809063,26.74510561454612,JAIYI_videos_csv_files
191.06683943316168,13.37108579469642,JAIYI_videos_csv_files
191.09854124823272,8.410203208483594,JAIYI_videos_csv_files
191.13024306330377,5.96593479347321,JAIYI_videos_csv_files
191.1619448783748,5.921494807061832,JAIYI_videos_csv_files
191.19364669344583,4.403068633485333,JAIYI_videos_csv_files
191.2253485085169,1.1198836465544275,JAIYI_videos_csv_files
191.25705032358792,0.3567139028981513,JAIYI_videos_csv_files
191.28875213865896,1.10601718588557,JAIYI_videos_csv_files
191.32045395373,1.7331377157136107,JAIYI_videos_csv_files
191.35215576880103,2.032582038106668,JAIYI_videos_csv_files
191.3838575838721,2.0166372970659667,JAIYI_videos_csv_files
191.41555939894317,3.635243295026138,JAIYI_videos_csv_files
191.44726121401416,1.156679329194661,JAIYI_videos_csv_files
191.4789630290852,0.6938463594271642,JAIYI_videos_csv_files
191.51066484415625,2.5348761416108005,JAIYI_videos_csv_files
191.5423666592273,3.662079694796671,JAIYI_videos_csv_files
191.57406847429831,2.7602703704517397,JAIYI_videos_csv_files
191.6057702893694,2.930963654363328,JAIYI_videos_csv_files
191.6374721044404,0.5990589692589066,JAIYI_videos_csv_files
191.66917391951145,1.5890217126540054,JAIYI_videos_csv_files
191.7008757345825,1.6488077373392451,JAIYI_videos_csv_files
191.7325775496535,1.9991559878779528,JAIYI_videos_csv_files
191.7642793647246,2.003251674488165,JAIYI_videos_csv_files
191.79598117979563,2.359539439424293,JAIYI_videos_csv_files
191.82768299486665,3.292303128562081,JAIYI_videos_csv_files
191.8593848099377,3.442233785926675,JAIYI_videos_csv_files
191.8910866250087,4.194676825376972,JAIYI_videos_csv_files
191.92278844007976,4.692813228761094,JAIYI_videos_csv_files
191.95449025515083,4.3468389102507565,JAIYI_videos_csv_files
191.98619207022188,4.114095350057855,JAIYI_videos_csv_files
192.0178938852929,3.698355787865336,JAIYI_videos_csv_files
192.0495957003639,2.7765434719869555,JAIYI_videos_csv_files
192.08129751543495,2.016881404550805,JAIYI_videos_csv_files
192.11299933050603,4.1334846830563565,JAIYI_videos_csv_files
192.14470114557707,1.855627126964109,JAIYI_videos_csv_files
192.17640296064812,1.797233396311871,JAIYI_videos_csv_files
192.2081047757191,1.370726254471234,JAIYI_videos_csv_files
192.23980659079015,1.3659854994775211,JAIYI_videos_csv_files
192.27150840586123,1.435727847293896,JAIYI_videos_csv_files
192.30321022093227,1.137419212639807,JAIYI_videos_csv_files
192.33491203600332,1.961215720275854,JAIYI_videos_csv_files
192.36661385107436,2.3315340386027463,JAIYI_videos_csv_files
192.39831566614535,1.704792760189061,JAIYI_videos_csv_files
192.4300174812164,2.67484254348202,JAIYI_videos_csv_files
192.46171929628747,3.151911201877921,JAIYI_videos_csv_files
192.49342111135851,3.928111024338182,JAIYI_videos_csv_files
192.52512292642956,4.525436493075431,JAIYI_videos_csv_files
192.5568247415006,4.372894122991185,JAIYI_videos_csv_files
192.5885265565716,4.267732569131639,JAIYI_videos_csv_files
192.62022837164267,2.60773167337805,JAIYI_videos_csv_files
192.6519301867137,1.4993904857185445,JAIYI_videos_csv_files
192.68363200178476,1.085230110528449,JAIYI_videos_csv_files
192.7153338168558,1.1503476656381344,JAIYI_videos_csv_files
192.74703563192685,1.482589051591924,JAIYI_videos_csv_files
192.77873744699787,2.010367887358774,JAIYI_videos_csv_files
192.8104392620689,4.300543660373802,JAIYI_videos_csv_files
192.84214107713996,6.59787676592695,JAIYI_videos_csv_files
192.873842892211,8.709359320688643,JAIYI_videos_csv_files
192.90554470728205,8.270429785482452,JAIYI_videos_csv_files
192.9372465223531,7.265826941659709,JAIYI_videos_csv_files
192.9689483374241,5.221971441392584,JAIYI_videos_csv_files
193.00065015249515,3.213419197115732,JAIYI_videos_csv_files
193.0323519675662,3.499758138740781,JAIYI_videos_csv_files
193.06405378263725,4.017537511904791,JAIYI_videos_csv_files
193.0957555977083,4.233206134944733,JAIYI_videos_csv_files
193.12745741277936,4.262842871931664,JAIYI_videos_csv_files
193.1591592278504,4.183203468612426,JAIYI_videos_csv_files
193.1908610429214,4.67634584862961,JAIYI_videos_csv_files
193.22256285799244,5.072424286075434,JAIYI_videos_csv_files
193.2542646730635,5.1230144473115065,JAIYI_videos_csv_files
193.28596648813453,6.760044327096053,JAIYI_videos_csv_files
193.3176683032056,4.175471486988908,JAIYI_videos_csv_files
193.34937011827665,4.589162046799236,JAIYI_videos_csv_files
193.38107193334764,3.085885226831581,JAIYI_videos_csv_files
193.4127737484187,3.229821145428113,JAIYI_videos_csv_files
193.44447556348973,2.5209265673369723,JAIYI_videos_csv_files
193.4761773785608,2.914892451801911,JAIYI_videos_csv_files
193.50787919363185,4.344069984259208,JAIYI_videos_csv_files
193.53958100870287,5.535207286988812,JAIYI_videos_csv_files
193.57128282377388,6.463882023332873,JAIYI_videos_csv_files
193.60298463884493,10.358623621624476,JAIYI_videos_csv_files
193.634686453916,10.361879528450649,JAIYI_videos_csv_files
193.66638826898705,7.44020743463203,JAIYI_videos_csv_files
193.69809008405807,6.227573290792529,JAIYI_videos_csv_files
193.7297918991291,4.259683482267014,JAIYI_videos_csv_files
193.76149371420013,3.1423408275515,JAIYI_videos_csv_files
193.79319552927117,3.429202931299292,JAIYI_videos_csv_files
193.82489734434225,3.305043760766903,JAIYI_videos_csv_files
193.8565991594133,3.573956465716522,JAIYI_videos_csv_files
193.8883009744843,5.011152992492399,JAIYI_videos_csv_files
193.92000278955535,6.733393908544081,JAIYI_videos_csv_files
193.95170460462637,7.749737549697252,JAIYI_videos_csv_files
193.98340641969745,6.6428503430880905,JAIYI_videos_csv_files
194.0151082347685,5.651889006891922,JAIYI_videos_csv_files
194.0468100498395,5.007943233187831,JAIYI_videos_csv_files
194.07851186491055,5.470534862388181,JAIYI_videos_csv_files
194.1102136799816,7.138953161250867,JAIYI_videos_csv_files
194.1419154950526,8.054568479658544,JAIYI_videos_csv_files
194.1736173101237,12.36536089043103,JAIYI_videos_csv_files
194.2053191251947,19.237008493698603,JAIYI_videos_csv_files
194.23702094026575,19.603844533311204,JAIYI_videos_csv_files
194.2687227553368,22.027471064485574,JAIYI_videos_csv_files
194.30042457040784,21.45065050816457,JAIYI_videos_csv_files
194.3321263854789,13.735562922933546,JAIYI_videos_csv_files
194.3638282005499,11.564080547040716,JAIYI_videos_csv_files
194.39553001562095,8.255907540133514,JAIYI_videos_csv_files
194.427231830692,4.970717802415728,JAIYI_videos_csv_files
194.45893364576304,3.303356462050044,JAIYI_videos_csv_files
194.49063546083408,4.845026874077514,JAIYI_videos_csv_files
194.5223372759051,6.028631066446517,JAIYI_videos_csv_files
194.55403909097615,4.653181640539814,JAIYI_videos_csv_files
194.5857409060472,5.27016232041354,JAIYI_videos_csv_files
194.61744272111824,4.9054007851636205,JAIYI_videos_csv_files
194.64914453618928,4.208241932973947,JAIYI_videos_csv_files
194.68084635126033,4.583701666218256,JAIYI_videos_csv_files
194.71254816633137,4.026281964631343,JAIYI_videos_csv_files
194.7442499814024,3.5085568835477257,JAIYI_videos_csv_files
194.77595179647344,2.3971512754248567,JAIYI_videos_csv_files
194.80765361154448,4.051829046105561,JAIYI_videos_csv_files
194.83935542661553,8.095046468496616,JAIYI_videos_csv_files
194.87105724168657,7.906529956195165,JAIYI_videos_csv_files
194.9027590567576,8.061965910110105,JAIYI_videos_csv_files
194.93446087182863,3.875357868879853,JAIYI_videos_csv_files
194.96616268689968,2.2393021572248752,JAIYI_videos_csv_files
194.99786450197072,0.5268948440858174,JAIYI_videos_csv_files
195.02956631704177,0.6574385544883908,JAIYI_videos_csv_files
195.0612681321128,0.6844793354306761,JAIYI_videos_csv_files
195.09296994718383,2.119101218117891,JAIYI_videos_csv_files
195.12467176225488,5.201814989402549,JAIYI_videos_csv_files
195.15637357732592,6.6967234578067085,JAIYI_videos_csv_files
195.18807539239697,4.351608938171759,JAIYI_videos_csv_files
195.219777207468,5.063370735276849,JAIYI_videos_csv_files
195.25147902253903,4.128589060368892,JAIYI_videos_csv_files
195.28318083761008,5.684242991724982,JAIYI_videos_csv_files
195.31488265268112,5.157364262253661,JAIYI_videos_csv_files
195.34658446775217,4.2651736738911294,JAIYI_videos_csv_files
195.3782862828232,14.10842031245952,JAIYI_videos_csv_files
195.40998809789423,11.627947367562648,JAIYI_videos_csv_files
195.4416899129653,8.141208570052953,JAIYI_videos_csv_files
195.47339172803632,6.24802128017611,JAIYI_videos_csv_files
195.50509354310736,5.286638692620822,JAIYI_videos_csv_files
195.5367953581784,4.526209594516822,JAIYI_videos_csv_files
195.56849717324943,4.480209028536735,JAIYI_videos_csv_files
195.6001989883205,3.272566912064297,JAIYI_videos_csv_files
195.63190080339157,2.402037071541269,JAIYI_videos_csv_files
195.66360261846256,2.730640114844413,JAIYI_videos_csv_files
195.6953044335336,4.365231698974403,JAIYI_videos_csv_files
195.72700624860465,9.438348434147992,JAIYI_videos_csv_files
195.7587080636757,12.661474589339416,JAIYI_videos_csv_files
195.79040987874671,19.93494795657608,JAIYI_videos_csv_files
195.8221116938178,23.40334525998217,JAIYI_videos_csv_files
195.8538135088888,24.72133852871804,JAIYI_videos_csv_files
195.88551532395985,17.876323407841276,JAIYI_videos_csv_files
195.9172171390309,8.562066102469208,JAIYI_videos_csv_files
195.9489189541019,4.275624982865027,JAIYI_videos_csv_files
195.980620769173,3.1816462606295888,JAIYI_videos_csv_files
196.01232258424403,1.7598625587440548,JAIYI_videos_csv_files
196.04402439931505,3.960424174835849,JAIYI_videos_csv_files
196.0757262143861,4.164549151824374,JAIYI_videos_csv_files
196.1074280294571,3.866646692305855,JAIYI_videos_csv_files
196.13912984452816,2.507757586587094,JAIYI_videos_csv_files
196.17083165959923,2.621098986348865,JAIYI_videos_csv_files
196.20253347467028,3.972874989171269,JAIYI_videos_csv_files
196.2342352897413,5.331939879156653,JAIYI_videos_csv_files
196.2659371048123,4.24298906097237,JAIYI_videos_csv_files
196.29763891988335,4.614612208864739,JAIYI_videos_csv_files
196.32934073495443,4.489372858068509,JAIYI_videos_csv_files
196.36104255002547,6.237803349204687,JAIYI_videos_csv_files
196.39274436509652,6.309951791292211,JAIYI_videos_csv_files
196.4244461801675,6.209199089318262,JAIYI_videos_csv_files
196.45614799523855,4.044944778322187,JAIYI_videos_csv_files
196.48784981030963,3.1655285943892126,JAIYI_videos_csv_files
196.51955162538067,2.0316557067081296,JAIYI_videos_csv_files
196.55125344045172,1.4761095532704518,JAIYI_videos_csv_files
196.58295525552276,1.375266503656624,JAIYI_videos_csv_files
196.61465707059375,1.4252685430226146,JAIYI_videos_csv_files
196.6463588856648,1.5861140108140457,JAIYI_videos_csv_files
196.67806070073587,1.8038180047836647,JAIYI_videos_csv_files
196.70976251580691,2.06161038062758,JAIYI_videos_csv_files
196.74146433087796,2.294226612407156,JAIYI_videos_csv_files
196.773166145949,2.1216996282659566,JAIYI_videos_csv_files
196.80486796102,3.257618982083071,JAIYI_videos_csv_files
196.83656977609107,2.451465800495671,JAIYI_videos_csv_files
196.8682715911621,3.0367102203904484,JAIYI_videos_csv_files
196.89997340623316,4.189847786722709,JAIYI_videos_csv_files
196.9316752213042,3.647636619289953,JAIYI_videos_csv_files
196.96337703637525,3.5108363547642174,JAIYI_videos_csv_files
196.99507885144627,3.491324385364185,JAIYI_videos_csv_files
197.0267806665173,3.5806312886587337,JAIYI_videos_csv_files
197.05848248158836,3.4224738570824704,JAIYI_videos_csv_files
197.0901842966594,3.059831838507356,JAIYI_videos_csv_files
197.12188611173045,3.1480222951699006,JAIYI_videos_csv_files
197.1535879268015,4.005557448604123,JAIYI_videos_csv_files
197.1852897418725,2.454313659285104,JAIYI_videos_csv_files
197.21699155694355,1.006306238662373,JAIYI_videos_csv_files
197.2486933720146,1.5468027837553322,JAIYI_videos_csv_files
197.28039518708565,1.3891895317236094,JAIYI_videos_csv_files
197.3120970021567,1.8258867468580329,JAIYI_videos_csv_files
197.34379881722776,1.917211514520244,JAIYI_videos_csv_files
197.37550063229875,1.911356384045189,JAIYI_videos_csv_files
197.4072024473698,2.387175989419104,JAIYI_videos_csv_files
197.43890426244084,2.502963373333855,JAIYI_videos_csv_files
197.4706060775119,2.6155656163817382,JAIYI_videos_csv_files
197.50230789258293,2.427167536238421,JAIYI_videos_csv_files
197.534009707654,2.703838821943308,JAIYI_videos_csv_files
197.565711522725,2.8900541984328485,JAIYI_videos_csv_files
197.59741333779604,3.5869102064798803,JAIYI_videos_csv_files
197.6291151528671,3.900349516265096,JAIYI_videos_csv_files
197.66081696793813,5.07861040394699,JAIYI_videos_csv_files
197.6925187830092,5.724099955399932,JAIYI_videos_csv_files
197.72422059808025,6.23465472553733,JAIYI_videos_csv_files
197.75592241315127,6.373132790710279,JAIYI_videos_csv_files
197.78762422822228,8.465398489495268,JAIYI_videos_csv_files
197.81932604329333,11.5077837299911,JAIYI_videos_csv_files
197.8510278583644,14.37483808243707,JAIYI_videos_csv_files
197.88272967343545,16.204329297675386,JAIYI_videos_csv_files
197.91443148850647,15.518930293453115,JAIYI_videos_csv_files
197.9461333035775,31.852767414426463,JAIYI_videos_csv_files
197.97783511864853,37.28292543572185,JAIYI_videos_csv_files
198.00953693371957,34.32965827042839,JAIYI_videos_csv_files
198.04123874879065,34.944814324453965,JAIYI_videos_csv_files
198.0729405638617,39.639937375455126,JAIYI_videos_csv_files
198.1046423789327,46.429608762602506,JAIYI_videos_csv_files
198.13634419400375,52.144197916322334,JAIYI_videos_csv_files
198.16804600907477,56.228251157324,JAIYI_videos_csv_files
198.19974782414585,55.98394599860195,JAIYI_videos_csv_files
198.2314496392169,50.698197728984006,JAIYI_videos_csv_files
198.2631514542879,50.51271123377612,JAIYI_videos_csv_files
198.29485326935895,50.25201361325176,JAIYI_videos_csv_files
198.32655508443,52.03762966264454,JAIYI_videos_csv_files
198.358256899501,52.96344427645249,JAIYI_videos_csv_files
198.3899587145721,52.82934399037176,JAIYI_videos_csv_files
198.4216605296431,50.48272451839458,JAIYI_videos_csv_files
198.45336234471415,42.94433975826142,JAIYI_videos_csv_files
198.4850641597852,33.5901086153317,JAIYI_videos_csv_files
198.51676597485624,31.785239458262986,JAIYI_videos_csv_files
198.5484677899273,31.64829715495279,JAIYI_videos_csv_files
198.5801696049983,31.957454722698408,JAIYI_videos_csv_files
198.61187142006935,38.818085329551984,JAIYI_videos_csv_files
198.6435732351404,41.48811183302039,JAIYI_videos_csv_files
198.67527505021144,43.939423191581575,JAIYI_videos_csv_files
198.70697686528248,48.11093979911651,JAIYI_videos_csv_files
198.7386786803535,45.07626100967878,JAIYI_videos_csv_files
198.77038049542455,35.914429528599335,JAIYI_videos_csv_files
198.8020823104956,33.04944478079317,JAIYI_videos_csv_files
198.83378412556664,27.77064294602571,JAIYI_videos_csv_files
198.86548594063768,25.204092438444164,JAIYI_videos_csv_files
198.89718775570873,22.81686109427734,JAIYI_videos_csv_files
198.92888957077977,19.15997325032822,JAIYI_videos_csv_files
198.9605913858508,24.392210630120253,JAIYI_videos_csv_files
198.99229320092184,25.679368058264803,JAIYI_videos_csv_files
199.02399501599288,23.4384752743236,JAIYI_videos_csv_files
199.05569683106393,23.697304804688105,JAIYI_videos_csv_files
199.08739864613497,32.364250268816285,JAIYI_videos_csv_files
199.119100461206,39.90614443560438,JAIYI_videos_csv_files
199.15080227627703,38.35946901674433,JAIYI_videos_csv_files
199.18250409134808,41.13431572918373,JAIYI_videos_csv_files
199.21420590641912,44.74427979048404,JAIYI_videos_csv_files
199.24590772149017,50.173672826681965,JAIYI_videos_csv_files
199.2776095365612,47.90503344266875,JAIYI_videos_csv_files
199.30931135163223,48.089631167300745,JAIYI_videos_csv_files
199.34101316670328,50.95419502829043,JAIYI_videos_csv_files
199.37271498177432,51.54285021164642,JAIYI_videos_csv_files
199.40441679684537,44.68072972153647,JAIYI_videos_csv_files
199.4361186119164,40.298427318786686,JAIYI_videos_csv_files
199.46782042698743,45.41499847898776,JAIYI_videos_csv_files
199.49952224205848,48.00021239669694,JAIYI_videos_csv_files
199.53122405712952,46.96021701494476,JAIYI_videos_csv_files
199.56292587220057,46.949103921549,JAIYI_videos_csv_files
199.5946276872716,45.45865516240892,JAIYI_videos_csv_files
199.62632950234263,43.68522884417917,JAIYI_videos_csv_files
199.6580313174137,41.00590370243223,JAIYI_videos_csv_files
199.68973313248472,35.456054244001315,JAIYI_videos_csv_files
199.72143494755576,32.44471112338012,JAIYI_videos_csv_files
199.7531367626268,19.099029308524635,JAIYI_videos_csv_files
199.78483857769783,6.495301360997007,JAIYI_videos_csv_files
199.8165403927689,2.962009752662086,JAIYI_videos_csv_files
199.84824220783997,2.1305394241884645,JAIYI_videos_csv_files
199.87994402291096,1.942360737510159,JAIYI_videos_csv_files
199.911645837982,1.8325537622518489,JAIYI_videos_csv_files
199.94334765305305,2.096930039001036,JAIYI_videos_csv_files
199.9750494681241,1.8756188915065248,JAIYI_videos_csv_files
200.00675128319511,3.783998297769597,JAIYI_videos_csv_files
200.0384530982662,3.635728709556092,JAIYI_videos_csv_files
200.0701549133372,3.948621935527313,JAIYI_videos_csv_files
200.10185672840825,7.980351973075877,JAIYI_videos_csv_files
200.1335585434793,13.704160169661693,JAIYI_videos_csv_files
200.1652603585503,20.894152317250743,JAIYI_videos_csv_files
200.1969621736214,21.938080739418982,JAIYI_videos_csv_files
200.22866398869243,13.377032308809827,JAIYI_videos_csv_files
200.26036580376345,6.048906212283471,JAIYI_videos_csv_files
200.2920676188345,1.3229174752318078,JAIYI_videos_csv_files
200.3237694339055,0.7131238316436646,JAIYI_videos_csv_files
200.35547124897656,0.5131423050904513,JAIYI_videos_csv_files
200.38717306404763,0.1612889536103799,JAIYI_videos_csv_files
200.41887487911868,0.0349480546610177,JAIYI_videos_csv_files
200.4505766941897,0.3781218966302499,JAIYI_videos_csv_files
200.4822785092607,0.5480563030726903,JAIYI_videos_csv_files
200.51398032433175,0.7968515571283881,JAIYI_videos_csv_files
200.54568213940283,1.812549307265653,JAIYI_videos_csv_files
200.57738395447387,1.5909510699350895,JAIYI_videos_csv_files
200.60908576954492,2.5591243777773447,JAIYI_videos_csv_files
200.6407875846159,3.2536391346495748,JAIYI_videos_csv_files
200.67248939968695,2.212237634515249,JAIYI_videos_csv_files
200.70419121475803,1.727610489470956,JAIYI_videos_csv_files
200.73589302982907,1.3526606140164867,JAIYI_videos_csv_files
200.76759484490012,2.637237972822423,JAIYI_videos_csv_files
200.79929665997116,1.3920267407565448,JAIYI_videos_csv_files
200.83099847504215,2.8293194361313554,JAIYI_videos_csv_files
200.8627002901132,1.945310616229811,JAIYI_videos_csv_files
200.89440210518427,1.6492550994127877,JAIYI_videos_csv_files
200.92610392025531,1.8797902037023635,JAIYI_videos_csv_files
200.95780573532636,2.576612678996793,JAIYI_videos_csv_files
200.9895075503974,3.5880707671962377,JAIYI_videos_csv_files
201.0212093654684,4.787048390046954,JAIYI_videos_csv_files
201.05291118053947,3.98725119632485,JAIYI_videos_csv_files
201.0846129956105,1.6791000283817614,JAIYI_videos_csv_files
201.11631481068156,2.5834063260577063,JAIYI_videos_csv_files
201.1480166257526,1.737533350886882,JAIYI_videos_csv_files
201.17971844082365,1.557807335942982,JAIYI_videos_csv_files
201.21142025589467,1.80494118596772,JAIYI_videos_csv_files
201.2431220709657,3.1064883772677776,JAIYI_videos_csv_files
201.27482388603676,6.613422673225475,JAIYI_videos_csv_files
201.3065257011078,10.284161467194428,JAIYI_videos_csv_files
201.33822751617885,8.619193667529244,JAIYI_videos_csv_files
201.3699293312499,7.842526634554297,JAIYI_videos_csv_files
201.4016311463209,6.467287869058142,JAIYI_videos_csv_files
201.43333296139195,5.26396620636306,JAIYI_videos_csv_files
201.465034776463,6.72154242702175,JAIYI_videos_csv_files
201.49673659153405,2.761915543845267,JAIYI_videos_csv_files
201.5284384066051,2.042124902515388,JAIYI_videos_csv_files
201.56014022167616,1.4875494280036945,JAIYI_videos_csv_files
201.59184203674715,1.3142599142365343,JAIYI_videos_csv_files
201.6235438518182,1.4101760200923346,JAIYI_videos_csv_files
201.65524566688924,1.3373783599557294,JAIYI_videos_csv_files
201.6869474819603,0.7232026592686416,JAIYI_videos_csv_files
201.71864929703133,0.5388166035492337,JAIYI_videos_csv_files
201.7503511121024,0.4758491597669464,JAIYI_videos_csv_files
201.7820529271734,0.9076447367507156,JAIYI_videos_csv_files
201.81375474224444,2.658365698419864,JAIYI_videos_csv_files
201.8454565573155,9.83014605901553,JAIYI_videos_csv_files
201.87715837238653,6.616272523415936,JAIYI_videos_csv_files
201.9088601874576,5.419513757915168,JAIYI_videos_csv_files
201.94056200252865,6.882227130162836,JAIYI_videos_csv_files
201.97226381759964,6.291767263737484,JAIYI_videos_csv_files
202.00396563267068,4.534456974819931,JAIYI_videos_csv_files
202.03566744774173,2.989518260529588,JAIYI_videos_csv_files
202.0673692628128,2.37789338693281,JAIYI_videos_csv_files
202.09907107788385,1.6277965284594464,JAIYI_videos_csv_files
202.13077289295487,1.6235032557660047,JAIYI_videos_csv_files
202.16247470802588,2.052533475339734,JAIYI_videos_csv_files
202.19417652309693,2.276375016806191,JAIYI_videos_csv_files
202.22587833816797,2.433027475721183,JAIYI_videos_csv_files
202.25758015323905,5.753591819542918,JAIYI_videos_csv_files
202.2892819683101,6.611162294402469,JAIYI_videos_csv_files
202.3209837833811,4.749788198762265,JAIYI_videos_csv_files
202.35268559845215,4.119325715171337,JAIYI_videos_csv_files
202.38438741352317,3.9057326664204615,JAIYI_videos_csv_files
202.41608922859425,4.191578897737744,JAIYI_videos_csv_files
202.4477910436653,3.245752927884311,JAIYI_videos_csv_files
202.4794928587363,3.256245118923129,JAIYI_videos_csv_files
202.51119467380735,4.087772942571171,JAIYI_videos_csv_files
202.5428964888784,5.015659673075162,JAIYI_videos_csv_files
202.5745983039494,5.042692714293007,JAIYI_videos_csv_files
202.6063001190205,4.879756309056317,JAIYI_videos_csv_files
202.6380019340915,5.911424331021013,JAIYI_videos_csv_files
202.66970374916255,6.197320720391196,JAIYI_videos_csv_files
202.7014055642336,8.274409379013251,JAIYI_videos_csv_files
202.73310737930464,9.48974095514421,JAIYI_videos_csv_files
202.7648091943757,8.421772911110768,JAIYI_videos_csv_files
202.7965110094467,6.704143754415936,JAIYI_videos_csv_files
202.82821282451775,5.311297515685238,JAIYI_videos_csv_files
202.8599146395888,2.353671702948895,JAIYI_videos_csv_files
202.89161645465984,1.3912021177579936,JAIYI_videos_csv_files
202.92331826973088,1.2558315804173816,JAIYI_videos_csv_files
202.9550200848019,1.1039841055162094,JAIYI_videos_csv_files
202.98672189987295,1.3917048935472374,JAIYI_videos_csv_files
203.018423714944,1.1215831521112678,JAIYI_videos_csv_files
203.05012553001504,1.1842813880231204,JAIYI_videos_csv_files
203.08182734508608,1.3841337207311015,JAIYI_videos_csv_files
203.11352916015713,0.8391176396262567,JAIYI_videos_csv_files
203.14523097522817,0.6593196396225787,JAIYI_videos_csv_files
203.1769327902992,0.6133044493584102,JAIYI_videos_csv_files
203.20863460537024,0.98796561402694,JAIYI_videos_csv_files
203.24033642044128,1.0880491382483166,JAIYI_videos_csv_files
203.27203823551233,1.5219335105223648,JAIYI_videos_csv_files
203.30374005058337,1.631128376348136,JAIYI_videos_csv_files
203.3354418656544,1.5037386871116707,JAIYI_videos_csv_files
203.36714368072543,1.55979153234657,JAIYI_videos_csv_files
203.39884549579648,1.4285238323086622,JAIYI_videos_csv_files
203.43054731086752,1.497346857069125,JAIYI_videos_csv_files
203.46224912593857,1.8340517882594864,JAIYI_videos_csv_files
203.4939509410096,2.2372816558801074,JAIYI_videos_csv_files
203.52565275608063,2.618198989839234,JAIYI_videos_csv_files
203.55735457115168,2.855738168822029,JAIYI_videos_csv_files
203.58905638622272,2.739881393931017,JAIYI_videos_csv_files
203.62075820129377,2.5104747572068997,JAIYI_videos_csv_files
203.6524600163648,2.079639484297414,JAIYI_videos_csv_files
203.68416183143583,1.621824576197175,JAIYI_videos_csv_files
203.71586364650688,1.2920823701925703,JAIYI_videos_csv_files
203.74756546157792,1.162813697703037,JAIYI_videos_csv_files
203.77926727664897,1.3083788445656055,JAIYI_videos_csv_files
203.81096909172,1.4676910602704825,JAIYI_videos_csv_files
203.84267090679103,1.4927909100666543,JAIYI_videos_csv_files
203.8743727218621,1.4605379707869413,JAIYI_videos_csv_files
203.90607453693312,1.2534613071628826,JAIYI_videos_csv_files
203.93777635200416,0.8818733578617904,JAIYI_videos_csv_files
203.9694781670752,1.0232799366761225,JAIYI_videos_csv_files
204.00117998214623,1.1610161684831208,JAIYI_videos_csv_files
204.0328817972173,1.0921558244957703,JAIYI_videos_csv_files
204.06458361228837,0.9447960682814662,JAIYI_videos_csv_files
204.09628542735936,1.1312026172642011,JAIYI_videos_csv_files
204.1279872424304,1.2509633738748955,JAIYI_videos_csv_files
204.15968905750145,1.0639669657171265,JAIYI_videos_csv_files
204.1913908725725,2.798364063294937,JAIYI_videos_csv_files
204.22309268764351,6.507096037472553,JAIYI_videos_csv_files
204.2547945027146,4.002142670853229,JAIYI_videos_csv_files
204.2864963177856,5.04685873623362,JAIYI_videos_csv_files
204.31819813285665,3.912492617601634,JAIYI_videos_csv_files
204.3498999479277,2.867146243106613,JAIYI_videos_csv_files
204.3816017629987,2.9621528402934256,JAIYI_videos_csv_files
204.4133035780698,11.782691668942054,JAIYI_videos_csv_files
204.44500539314083,13.161798831556148,JAIYI_videos_csv_files
204.47670720821185,5.6612785769414256,JAIYI_videos_csv_files
204.5084090232829,3.619070749921149,JAIYI_videos_csv_files
204.5401108383539,2.732469822256613,JAIYI_videos_csv_files
204.57181265342496,2.480207475801599,JAIYI_videos_csv_files
204.60351446849603,2.1417146972407832,JAIYI_videos_csv_files
204.63521628356708,1.812573280595289,JAIYI_videos_csv_files
204.6669180986381,1.608634686818443,JAIYI_videos_csv_files
204.6986199137091,1.7388375812784642,JAIYI_videos_csv_files
204.73032172878015,1.3298839613272777,JAIYI_videos_csv_files
204.76202354385123,1.8622649926925892,JAIYI_videos_csv_files
204.79372535892227,19.954505851855902,JAIYI_videos_csv_files
204.82542717399332,45.37870585368791,JAIYI_videos_csv_files
204.8571289890643,55.62048852305879,JAIYI_videos_csv_files
204.88883080413535,57.406782996159926,JAIYI_videos_csv_files
204.92053261920643,55.404889963906406,JAIYI_videos_csv_files
204.95223443427747,52.41099789184248,JAIYI_videos_csv_files
204.98393624934852,50.40317552966405,JAIYI_videos_csv_files
205.01563806441956,48.309946343222016,JAIYI_videos_csv_files
205.04733987949055,45.91342130447863,JAIYI_videos_csv_files
205.0790416945616,42.86862348885391,JAIYI_videos_csv_files
205.11074350963267,40.49112944350792,JAIYI_videos_csv_files
205.14244532470371,39.17641124469005,JAIYI_videos_csv_files
205.17414713977476,36.44663158193187,JAIYI_videos_csv_files
205.2058489548458,34.77359350469373,JAIYI_videos_csv_files
205.2375507699168,33.292467722087096,JAIYI_videos_csv_files
205.26925258498787,33.19483598374332,JAIYI_videos_csv_files
205.3009544000589,33.05152010797664,JAIYI_videos_csv_files
205.33265621512996,31.768526123816457,JAIYI_videos_csv_files
205.364358030201,30.988661001980905,JAIYI_videos_csv_files
205.39605984527205,30.65578589420905,JAIYI_videos_csv_files
205.42776166034307,30.13704499627379,JAIYI_videos_csv_files
205.4594634754141,28.063630248420488,JAIYI_videos_csv_files
205.49116529048516,7.612700273659802,JAIYI_videos_csv_files
205.5228671055562,2.579779976654408,JAIYI_videos_csv_files
205.55456892062725,1.559703961337613,JAIYI_videos_csv_files
205.5862707356983,6.994750341429113,JAIYI_videos_csv_files
205.6179725507693,14.37190596805836,JAIYI_videos_csv_files
205.64967436584035,15.192950247635684,JAIYI_videos_csv_files
205.6813761809114,16.00526103306599,JAIYI_videos_csv_files
205.71307799598245,13.09469569597796,JAIYI_videos_csv_files
205.7447798110535,9.70332576823329,JAIYI_videos_csv_files
205.77648162612456,10.67265254037028,JAIYI_videos_csv_files
205.80818344119555,5.547803938798446,JAIYI_videos_csv_files
205.8398852562666,2.484194255836838,JAIYI_videos_csv_files
205.87158707133764,0.7318423789726001,JAIYI_videos_csv_files
205.9032888864087,0.4438488425146529,JAIYI_videos_csv_files
205.93499070147973,0.4113144048043641,JAIYI_videos_csv_files
205.9666925165508,0.4908704121017421,JAIYI_videos_csv_files
205.9983943316218,0.5313707961067907,JAIYI_videos_csv_files
206.03009614669284,1.4771266526430942,JAIYI_videos_csv_files
206.0617979617639,0.5708802999228683,JAIYI_videos_csv_files
206.09349977683493,0.6673831851185967,JAIYI_videos_csv_files
206.125201591906,0.4678168822775412,JAIYI_videos_csv_files
206.15690340697705,0.1458106831812306,JAIYI_videos_csv_files
206.18860522204804,0.8132186614548297,JAIYI_videos_csv_files
206.22030703711908,0.5990936894506307,JAIYI_videos_csv_files
206.25200885219013,0.3414190319524027,JAIYI_videos_csv_files
206.2837106672612,0.3857542152461695,JAIYI_videos_csv_files
206.31541248233225,0.4022082059908698,JAIYI_videos_csv_files
206.34711429740327,0.5969953253929625,JAIYI_videos_csv_files
206.37881611247428,0.7877657345472254,JAIYI_videos_csv_files
206.41051792754533,1.5245815067916888,JAIYI_videos_csv_files
206.44221974261637,4.587635506857005,JAIYI_videos_csv_files
206.47392155768745,4.68693111156571,JAIYI_videos_csv_files
206.5056233727585,4.535609473987015,JAIYI_videos_csv_files
206.5373251878295,4.829007916905457,JAIYI_videos_csv_files
206.56902700290053,5.955323677561132,JAIYI_videos_csv_files
206.60072881797157,6.124659017459377,JAIYI_videos_csv_files
206.63243063304265,6.381611364257312,JAIYI_videos_csv_files
206.6641324481137,6.167505832226694,JAIYI_videos_csv_files
206.6958342631847,5.921060191459129,JAIYI_videos_csv_files
206.72753607825575,6.73915303031247,JAIYI_videos_csv_files
206.75923789332677,7.116477208805193,JAIYI_videos_csv_files
206.7909397083978,8.41053400878474,JAIYI_videos_csv_files
206.8226415234689,16.13358770968817,JAIYI_videos_csv_files
206.8543433385399,25.54134719939715,JAIYI_videos_csv_files
206.88604515361095,37.912953697422864,JAIYI_videos_csv_files
206.917746968682,43.90541679061451,JAIYI_videos_csv_files
206.94944878375304,54.72447952573345,JAIYI_videos_csv_files
206.9811505988241,66.58150273311422,JAIYI_videos_csv_files
207.0128524138951,81.6213796760231,JAIYI_videos_csv_files
207.04455422896615,84.97446499932177,JAIYI_videos_csv_files
207.0762560440372,85.56951266191746,JAIYI_videos_csv_files
207.10795785910824,89.7482615032695,JAIYI_videos_csv_files
207.13965967417928,85.93855191389015,JAIYI_videos_csv_files
207.1713614892503,88.17714466773715,JAIYI_videos_csv_files
207.20306330432135,88.69098707344365,JAIYI_videos_csv_files
207.2347651193924,89.19028033167099,JAIYI_videos_csv_files
207.26646693446344,90.82730206177226,JAIYI_videos_csv_files
207.29816874953448,85.01658795101815,JAIYI_videos_csv_files
207.32987056460553,81.70594473238292,JAIYI_videos_csv_files
207.36157237967657,81.14700185873195,JAIYI_videos_csv_files
207.3932741947476,81.03988595992833,JAIYI_videos_csv_files
207.42497600981864,82.76138892207443,JAIYI_videos_csv_files
207.45667782488968,82.9835581512743,JAIYI_videos_csv_files
207.48837963996073,81.26275176328932,JAIYI_videos_csv_files
207.52008145503177,77.26939561099644,JAIYI_videos_csv_files
207.5517832701028,77.21109565027746,JAIYI_videos_csv_files
207.58348508517383,75.17207282633902,JAIYI_videos_csv_files
207.61518690024488,70.49223935952753,JAIYI_videos_csv_files
207.64688871531592,65.9234126341319,JAIYI_videos_csv_files
207.67859053038697,64.42807177715224,JAIYI_videos_csv_files
207.710292345458,60.23269691747456,JAIYI_videos_csv_files
207.74199416052903,60.79896119230309,JAIYI_videos_csv_files
207.77369597560008,57.19236846131494,JAIYI_videos_csv_files
207.80539779067112,50.00669566124249,JAIYI_videos_csv_files
207.83709960574217,48.32212869497993,JAIYI_videos_csv_files
207.8688014208132,47.1566371757056,JAIYI_videos_csv_files
207.90050323588423,46.458357312130666,JAIYI_videos_csv_files
207.93220505095528,46.51710825785975,JAIYI_videos_csv_files
207.96390686602632,47.28378817892736,JAIYI_videos_csv_files
207.99560868109737,48.006053520681945,JAIYI_videos_csv_files
208.0273104961684,48.17656180984461,JAIYI_videos_csv_files
208.05901231123943,47.82208767306361,JAIYI_videos_csv_files
208.0907141263105,51.25359403837369,JAIYI_videos_csv_files
208.12241594138152,52.19135633640494,JAIYI_videos_csv_files
208.15411775645256,51.05782082571933,JAIYI_videos_csv_files
208.1858195715236,50.98428693806364,JAIYI_videos_csv_files
208.21752138659463,49.7574683689965,JAIYI_videos_csv_files
208.2492232016657,49.277251084094246,JAIYI_videos_csv_files
208.28092501673677,49.4007412903019,JAIYI_videos_csv_files
208.31262683180776,52.25447670474439,JAIYI_videos_csv_files
208.3443286468788,55.75067506116283,JAIYI_videos_csv_files
208.37603046194985,53.62527282172688,JAIYI_videos_csv_files
208.4077322770209,51.80386153260368,JAIYI_videos_csv_files
208.43943409209191,51.40627561123653,JAIYI_videos_csv_files
208.471135907163,49.46377096376481,JAIYI_videos_csv_files
208.502837722234,48.393925549401104,JAIYI_videos_csv_files
208.53453953730505,44.53625472659428,JAIYI_videos_csv_files
208.5662413523761,42.89346274732844,JAIYI_videos_csv_files
208.5979431674471,41.5947140996155,JAIYI_videos_csv_files
208.6296449825182,40.28732518301769,JAIYI_videos_csv_files
208.66134679758923,35.088967009545975,JAIYI_videos_csv_files
208.69304861266025,32.206088299802786,JAIYI_videos_csv_files
208.7247504277313,29.655279203658885,JAIYI_videos_csv_files
208.7564522428023,32.492100950714665,JAIYI_videos_csv_files
208.78815405787336,38.85639216634552,JAIYI_videos_csv_files
208.81985587294443,42.21452200939908,JAIYI_videos_csv_files
208.85155768801548,46.15863959930788,JAIYI_videos_csv_files
208.8832595030865,49.08776373078691,JAIYI_videos_csv_files
208.9149613181575,49.82467878178731,JAIYI_videos_csv_files
208.94666313322855,48.48330147256691,JAIYI_videos_csv_files
208.97836494829963,49.68692409921699,JAIYI_videos_csv_files
209.01006676337067,49.25514164238368,JAIYI_videos_csv_files
209.04176857844172,48.63461721508603,JAIYI_videos_csv_files
209.0734703935127,43.63460674483052,JAIYI_videos_csv_files
209.10517220858375,43.69575786248674,JAIYI_videos_csv_files
209.13687402365483,39.741048573944525,JAIYI_videos_csv_files
209.16857583872587,40.68157074261264,JAIYI_videos_csv_files
209.20027765379692,38.33971041599227,JAIYI_videos_csv_files
209.23197946886796,36.230506081486894,JAIYI_videos_csv_files
209.26368128393895,38.06624204865355,JAIYI_videos_csv_files
209.29538309901,39.93732434398087,JAIYI_videos_csv_files
209.32708491408107,42.50107973129073,JAIYI_videos_csv_files
209.35878672915211,41.94360210280913,JAIYI_videos_csv_files
209.39048854422316,41.92826948882033,JAIYI_videos_csv_files
209.4221903592942,40.97558707469262,JAIYI_videos_csv_files
209.4538921743652,40.88137874839969,JAIYI_videos_csv_files
209.48559398943627,40.60109756881294,JAIYI_videos_csv_files
209.5172958045073,40.030795421086495,JAIYI_videos_csv_files
209.54899761957836,38.67620911554408,JAIYI_videos_csv_files
209.5806994346494,36.406957412115126,JAIYI_videos_csv_files
209.61240124972045,36.52910908526911,JAIYI_videos_csv_files
209.64410306479147,30.5464258353439,JAIYI_videos_csv_files
209.6758048798625,26.02492697930425,JAIYI_videos_csv_files
209.70750669493356,24.31319139512893,JAIYI_videos_csv_files
209.7392085100046,20.25295751129244,JAIYI_videos_csv_files
209.77091032507565,16.82248857949049,JAIYI_videos_csv_files
209.8026121401467,9.840528397944013,JAIYI_videos_csv_files
209.8343139552177,1.9935883098224003,JAIYI_videos_csv_files
209.86601577028875,3.021702818418329,JAIYI_videos_csv_files
209.8977175853598,3.069493837663846,JAIYI_videos_csv_files
209.92941940043085,1.1170186823737227,JAIYI_videos_csv_files
209.9611212155019,0.7703420448768808,JAIYI_videos_csv_files
209.99282303057296,1.4685032562525508,JAIYI_videos_csv_files
210.02452484564395,3.5335998935231685,JAIYI_videos_csv_files
210.056226660715,6.409938240158386,JAIYI_videos_csv_files
210.08792847578604,9.678833079867465,JAIYI_videos_csv_files
210.1196302908571,10.656533396201423,JAIYI_videos_csv_files
210.15133210592813,8.677264887815008,JAIYI_videos_csv_files
210.1830339209992,5.822150067290077,JAIYI_videos_csv_files
210.2147357360702,2.462494730575433,JAIYI_videos_csv_files
210.24643755114124,1.5115622892611331,JAIYI_videos_csv_files
210.2781393662123,5.53889676741791,JAIYI_videos_csv_files
210.30984118128333,1.2158909800590134,JAIYI_videos_csv_files
210.3415429963544,1.9057543133103507,JAIYI_videos_csv_files
210.37324481142545,2.252000994881893,JAIYI_videos_csv_files
210.40494662649644,2.568182433629054,JAIYI_videos_csv_files
210.43664844156748,2.813443505212342,JAIYI_videos_csv_files
210.46835025663853,3.349428275628718,JAIYI_videos_csv_files
210.5000520717096,7.22834904137772,JAIYI_videos_csv_files
210.53175388678065,7.032818735886716,JAIYI_videos_csv_files
210.56345570185167,10.382843322477251,JAIYI_videos_csv_files
210.59515751692268,31.532597662155453,JAIYI_videos_csv_files
210.62685933199373,35.49944454012894,JAIYI_videos_csv_files
210.65856114706477,37.20760669692033,JAIYI_videos_csv_files
210.69026296213585,32.18028084608697,JAIYI_videos_csv_files
210.7219647772069,24.502033200408867,JAIYI_videos_csv_files
210.7536665922779,25.00145308297713,JAIYI_videos_csv_files
210.78536840734893,22.905850519828338,JAIYI_videos_csv_files
210.81707022241997,20.971868051440264,JAIYI_videos_csv_files
210.84877203749105,20.161500648645145,JAIYI_videos_csv_files
210.8804738525621,20.227577084655863,JAIYI_videos_csv_files
210.9121756676331,17.42185272169166,JAIYI_videos_csv_files
210.94387748270415,10.940345890065412,JAIYI_videos_csv_files
210.97557929777517,10.074595739255823,JAIYI_videos_csv_files
211.0072811128462,7.339976489724317,JAIYI_videos_csv_files
211.0389829279173,4.066161720579254,JAIYI_videos_csv_files
211.0706847429883,2.848081372036304,JAIYI_videos_csv_files
211.10238655805935,2.382144975766366,JAIYI_videos_csv_files
211.1340883731304,1.9500937182393905,JAIYI_videos_csv_files
211.1657901882014,1.6505832892776575,JAIYI_videos_csv_files
211.1974920032725,1.3959237822896255,JAIYI_videos_csv_files
211.2291938183435,1.5280784242082528,JAIYI_videos_csv_files
211.26089563341455,1.3143552141875623,JAIYI_videos_csv_files
211.2925974484856,1.2890442197360903,JAIYI_videos_csv_files
211.32429926355664,2.2113716979649163,JAIYI_videos_csv_files
211.35600107862768,1.943290916993375,JAIYI_videos_csv_files
211.3877028936987,,JAIYI_videos_csv_files
211.41940470876975,,JAIYI_videos_csv_files
211.4511065238408,,JAIYI_videos_csv_files
211.48280833891184,,JAIYI_videos_csv_files
211.51451015398288,7.928775573832852,JAIYI_videos_csv_files
211.54621196905393,6.958403375488192,JAIYI_videos_csv_files
211.57791378412497,,JAIYI_videos_csv_files
211.609615599196,2.625409062661862,JAIYI_videos_csv_files
211.64131741426704,2.222736587579703,JAIYI_videos_csv_files
211.67301922933808,0.075805422145545,JAIYI_videos_csv_files
211.70472104440913,1.4523480143848575,JAIYI_videos_csv_files
211.73642285948017,1.5572828944854855,JAIYI_videos_csv_files
211.7681246745512,,JAIYI_videos_csv_files
211.79982648962223,2.1906079478084437,JAIYI_videos_csv_files
211.83152830469328,0.7271389010409085,JAIYI_videos_csv_files
211.86323011976432,5.0333717205365724,JAIYI_videos_csv_files
211.89493193483537,5.265447692960826,JAIYI_videos_csv_files
211.9266337499064,2.940142339548232,JAIYI_videos_csv_files
211.95833556497743,4.046307360610112,JAIYI_videos_csv_files
211.99003738004848,7.674109791643103,JAIYI_videos_csv_files
212.02173919511952,4.768457739979752,JAIYI_videos_csv_files
212.05344101019057,5.647932146235344,JAIYI_videos_csv_files
212.0851428252616,11.014431158749726,JAIYI_videos_csv_files
212.11684464033263,14.6188815921536,JAIYI_videos_csv_files
212.14854645540368,20.698420315424823,JAIYI_videos_csv_files
212.18024827047472,,JAIYI_videos_csv_files
212.21195008554577,0.8027792414684485,JAIYI_videos_csv_files
212.2436519006168,7.555276969122758,JAIYI_videos_csv_files
212.27535371568783,9.5802308593274,JAIYI_videos_csv_files
212.3070555307589,11.882526183603156,JAIYI_videos_csv_files
212.33875734582992,15.38752542587824,JAIYI_videos_csv_files
212.37045916090096,13.379927578802484,JAIYI_videos_csv_files
212.402160975972,13.771012102343176,JAIYI_videos_csv_files
212.43386279104303,6.292914148966579,JAIYI_videos_csv_files
212.4655646061141,5.755419972029734,JAIYI_videos_csv_files
212.49726642118517,11.6950985581352,JAIYI_videos_csv_files
212.52896823625616,17.490134217172244,JAIYI_videos_csv_files
212.5606700513272,17.062888180383528,JAIYI_videos_csv_files
212.59237186639825,17.748172111632396,JAIYI_videos_csv_files
212.6240736814693,11.588601537669163,JAIYI_videos_csv_files
212.65577549654031,10.506896058998024,JAIYI_videos_csv_files
212.6874773116114,12.138621187196552,JAIYI_videos_csv_files
212.7191791266824,13.317490432244698,JAIYI_videos_csv_files
212.75088094175345,13.58058202468784,JAIYI_videos_csv_files
212.7825827568245,12.606892294587968,JAIYI_videos_csv_files
212.8142845718955,4.903779382968796,JAIYI_videos_csv_files
212.8459863869666,0.9457185593960282,JAIYI_videos_csv_files
212.87768820203763,0.9451875377623926,JAIYI_videos_csv_files
212.90939001710865,0.6372157641785926,JAIYI_videos_csv_files
212.9410918321797,1.214700452809237,JAIYI_videos_csv_files
212.9727936472507,1.7686391467806732,JAIYI_videos_csv_files
213.00449546232176,1.201982952238598,JAIYI_videos_csv_files
213.03619727739283,1.662567923158394,JAIYI_videos_csv_files
213.06789909246388,1.6920686547285575,JAIYI_videos_csv_files
213.0996009075349,1.279474836829589,JAIYI_videos_csv_files
213.1313027226059,2.936557486537832,JAIYI_videos_csv_files
213.16300453767695,0.9407004102831152,JAIYI_videos_csv_files
213.19470635274803,0.9359848613449564,JAIYI_videos_csv_files
213.22640816781907,1.411689341423596,JAIYI_videos_csv_files
213.25810998289012,1.848099332854732,JAIYI_videos_csv_files
213.2898117979611,2.140079123345138,JAIYI_videos_csv_files
213.32151361303215,1.5212867282250226,JAIYI_videos_csv_files
213.35321542810323,1.8150480662908255,JAIYI_videos_csv_files
213.38491724317427,1.8029651213341773,JAIYI_videos_csv_files
213.41661905824532,1.8340183311679352,JAIYI_videos_csv_files
213.44832087331636,2.0494808690459867,JAIYI_videos_csv_files
213.48002268838735,2.154270181636601,JAIYI_videos_csv_files
213.5117245034584,1.877068558320606,JAIYI_videos_csv_files
213.54342631852947,1.5256120270199327,JAIYI_videos_csv_files
213.57512813360051,1.1608498473225966,JAIYI_videos_csv_files
213.60682994867156,1.106422453558834,JAIYI_videos_csv_files
213.6385317637426,1.3386602182166991,JAIYI_videos_csv_files
213.6702335788136,1.085812623372201,JAIYI_videos_csv_files
213.70193539388467,3.294995740041256,JAIYI_videos_csv_files
213.7336372089557,3.775088083361011,JAIYI_videos_csv_files
213.76533902402676,3.477956837527055,JAIYI_videos_csv_files
213.7970408390978,4.63905356296875,JAIYI_videos_csv_files
213.82874265416885,4.313817842105312,JAIYI_videos_csv_files
213.86044446923987,3.1616047716365063,JAIYI_videos_csv_files
213.8921462843109,2.0091931816943034,JAIYI_videos_csv_files
213.92384809938196,15.384624333452487,JAIYI_videos_csv_files
213.955549914453,18.78521755645012,JAIYI_videos_csv_files
213.98725172952405,22.343792643122764,JAIYI_videos_csv_files
214.0189535445951,22.85498275838285,JAIYI_videos_csv_files
214.0506553596661,24.030335461807184,JAIYI_videos_csv_files
214.08235717473715,26.46613147368013,JAIYI_videos_csv_files
214.1140589898082,27.059745186309843,JAIYI_videos_csv_files
214.14576080487925,32.54541786265622,JAIYI_videos_csv_files
214.1774626199503,30.160913316771897,JAIYI_videos_csv_files
214.20916443502136,37.10492541963274,JAIYI_videos_csv_files
214.24086625009235,30.121211571171024,JAIYI_videos_csv_files
214.2725680651634,23.954911576048048,JAIYI_videos_csv_files
214.30426988023444,21.39288582017525,JAIYI_videos_csv_files
214.3359716953055,18.42958623867252,JAIYI_videos_csv_files
214.36767351037653,16.95236178440675,JAIYI_videos_csv_files
214.3993753254476,18.243569595077936,JAIYI_videos_csv_files
214.4310771405186,16.50956622554269,JAIYI_videos_csv_files
214.46277895558964,14.13375072418628,JAIYI_videos_csv_files
214.4944807706607,14.263564804100309,JAIYI_videos_csv_files
214.52618258573173,10.898602937786553,JAIYI_videos_csv_files
214.5578844008028,11.56337662280198,JAIYI_videos_csv_files
214.58958621587385,11.525308060051785,JAIYI_videos_csv_files
214.62128803094484,12.53440937800882,JAIYI_videos_csv_files
214.65298984601588,9.955278829035487,JAIYI_videos_csv_files
214.68469166108693,9.943109730487176,JAIYI_videos_csv_files
214.716393476158,4.465424704737769,JAIYI_videos_csv_files
214.74809529122905,1.3787949253062834,JAIYI_videos_csv_files
214.77979710630007,1.472580641420416,JAIYI_videos_csv_files
214.81149892137108,3.5088319638372134,JAIYI_videos_csv_files
214.84320073644213,0.2866405521318923,JAIYI_videos_csv_files
214.87490255151317,0.8756715920737308,JAIYI_videos_csv_files
214.90660436658425,2.405823143837515,JAIYI_videos_csv_files
214.9383061816553,1.630666302941197,JAIYI_videos_csv_files
214.9700079967263,2.194641093966845,JAIYI_videos_csv_files
215.00170981179733,2.483345816449831,JAIYI_videos_csv_files
215.03341162686837,2.3453517541717006,JAIYI_videos_csv_files
215.06511344193945,0.973543716401907,JAIYI_videos_csv_files
215.0968152570105,1.0868374868861708,JAIYI_videos_csv_files
215.1285170720815,1.5773144842964055,JAIYI_videos_csv_files
215.16021888715255,1.5801027374882557,JAIYI_videos_csv_files
215.19192070222357,1.4811498333293789,JAIYI_videos_csv_files
215.2236225172946,1.6899839778128514,JAIYI_videos_csv_files
215.2553243323657,1.4339742252283167,JAIYI_videos_csv_files
215.2870261474367,2.155590047006664,JAIYI_videos_csv_files
215.31872796250775,2.0853859647627515,JAIYI_videos_csv_files
215.3504297775788,2.028494282280643,JAIYI_videos_csv_files
215.3821315926498,1.8018887508814987,JAIYI_videos_csv_files
215.4138334077209,1.5129329937784326,JAIYI_videos_csv_files
215.4455352227919,1.4293767423766062,JAIYI_videos_csv_files
215.47723703786295,1.4138356638519447,JAIYI_videos_csv_files
215.508938852934,2.424856621691163,JAIYI_videos_csv_files
215.54064066800504,2.8458826975099805,JAIYI_videos_csv_files
215.57234248307608,4.136432196356705,JAIYI_videos_csv_files
215.6040442981471,3.865226218666951,JAIYI_videos_csv_files
215.63574611321815,3.2842320393121764,JAIYI_videos_csv_files
215.6674479282892,2.853982436114846,JAIYI_videos_csv_files
215.69914974336024,3.0755010132629392,JAIYI_videos_csv_files
215.73085155843128,3.191013397330938,JAIYI_videos_csv_files
215.7625533735023,3.2595014452742266,JAIYI_videos_csv_files
215.79425518857337,5.479035431236072,JAIYI_videos_csv_files
215.8259570036444,8.612174618218145,JAIYI_videos_csv_files
215.85765881871544,16.841340366547133,JAIYI_videos_csv_files
215.88936063378648,26.041506342949848,JAIYI_videos_csv_files
215.92106244885753,28.15143440854112,JAIYI_videos_csv_files
215.95276426392857,23.14892133283248,JAIYI_videos_csv_files
215.9844660789996,25.94807783525753,JAIYI_videos_csv_files
216.01616789407063,41.77606324750307,JAIYI_videos_csv_files
216.04786970914168,50.76849484187,JAIYI_videos_csv_files
216.07957152421272,49.77150427762463,JAIYI_videos_csv_files
216.11127333928377,43.05209501180048,JAIYI_videos_csv_files
216.1429751543548,31.72064322872733,JAIYI_videos_csv_files
216.17467696942583,29.74113634578235,JAIYI_videos_csv_files
216.20637878449688,21.743210567675227,JAIYI_videos_csv_files
216.23808059956792,12.533975144577084,JAIYI_videos_csv_files
216.26978241463897,6.041435746205905,JAIYI_videos_csv_files
216.30148422971,1.8285422319027684,JAIYI_videos_csv_files
216.33318604478103,2.9468485697916043,JAIYI_videos_csv_files
216.36488785985208,3.0402494395954154,JAIYI_videos_csv_files
216.39658967492312,5.597484848338803,JAIYI_videos_csv_files
216.42829148999417,12.1557422276112,JAIYI_videos_csv_files
216.4599933050652,20.23615093869079,JAIYI_videos_csv_files
216.49169512013623,15.43767488594152,JAIYI_videos_csv_files
216.5233969352073,14.66280213676681,JAIYI_videos_csv_files
216.55509875027832,10.081677502394236,JAIYI_videos_csv_files
216.58680056534936,7.811460108235408,JAIYI_videos_csv_files
216.6185023804204,11.072875235432212,JAIYI_videos_csv_files
216.65020419549143,8.68605498211287,JAIYI_videos_csv_files
216.6819060105625,12.836381571468689,JAIYI_videos_csv_files
216.71360782563357,10.589832145779722,JAIYI_videos_csv_files
216.74530964070456,7.329962679778173,JAIYI_videos_csv_files
216.7770114557756,1.3961215727912444,JAIYI_videos_csv_files
216.80871327084665,0.8128955519250494,JAIYI_videos_csv_files
216.8404150859177,0.9276517219864646,JAIYI_videos_csv_files
216.87211690098871,1.259168161148314,JAIYI_videos_csv_files
216.9038187160598,2.79451031654218,JAIYI_videos_csv_files
216.9355205311308,1.7831309096853167,JAIYI_videos_csv_files
216.96722234620185,17.813357707974987,JAIYI_videos_csv_files
216.9989241612729,27.64766504403936,JAIYI_videos_csv_files
217.0306259763439,38.54575370681634,JAIYI_videos_csv_files
217.062327791415,40.55364265770521,JAIYI_videos_csv_files
217.09402960648603,41.3489554640192,JAIYI_videos_csv_files
217.12573142155705,42.51359326707279,JAIYI_videos_csv_files
217.1574332366281,34.37877444587143,JAIYI_videos_csv_files
217.1891350516991,35.5946443510973,JAIYI_videos_csv_files
217.22083686677016,32.036207320166305,JAIYI_videos_csv_files
217.25253868184123,26.2911227582036,JAIYI_videos_csv_files
217.28424049691228,22.5771825865546,JAIYI_videos_csv_files
217.3159423119833,19.514416390550096,JAIYI_videos_csv_files
217.3476441270543,20.51254740341095,JAIYI_videos_csv_files
217.37934594212535,14.893686114330103,JAIYI_videos_csv_files
217.41104775719643,5.363652541285842,JAIYI_videos_csv_files
217.44274957226747,2.816334969259492,JAIYI_videos_csv_files
217.47445138733852,1.4170910248397202,JAIYI_videos_csv_files
217.5061532024095,1.0814866765198758,JAIYI_videos_csv_files
217.53785501748055,0.7301757371234755,JAIYI_videos_csv_files
217.56955683255163,0.6886491840320198,JAIYI_videos_csv_files
217.60125864762267,1.0207760785788134,JAIYI_videos_csv_files
217.63296046269372,1.8036119214334103,JAIYI_videos_csv_files
217.66466227776476,1.864895512347561,JAIYI_videos_csv_files
217.69636409283575,1.6270723203991768,JAIYI_videos_csv_files
217.7280659079068,0.9817212633708874,JAIYI_videos_csv_files
217.75976772297787,0.7508029768144685,JAIYI_videos_csv_files
217.79146953804891,0.8272944549813397,JAIYI_videos_csv_files
217.82317135311996,1.1131961907467278,JAIYI_videos_csv_files
217.854873168191,1.1178254277231987,JAIYI_videos_csv_files
217.886574983262,1.0355462268925055,JAIYI_videos_csv_files
217.91827679833307,1.1330595767761504,JAIYI_videos_csv_files
217.9499786134041,2.847780661271952,JAIYI_videos_csv_files
217.98168042847516,4.985075813232899,JAIYI_videos_csv_files
218.0133822435462,5.940117360936714,JAIYI_videos_csv_files
218.04508405861725,6.043755749257318,JAIYI_videos_csv_files
218.07678587368827,16.662797999975687,JAIYI_videos_csv_files
218.1084876887593,24.989545788928137,JAIYI_videos_csv_files
218.14018950383036,27.836652130712807,JAIYI_videos_csv_files
218.1718913189014,28.872343073069462,JAIYI_videos_csv_files
218.20359313397245,22.71700831312544,JAIYI_videos_csv_files
218.2352949490435,17.261475397003903,JAIYI_videos_csv_files
218.2669967641145,23.306075786131025,JAIYI_videos_csv_files
218.29869857918555,8.056534945953615,JAIYI_videos_csv_files
218.3304003942566,3.940032679494044,JAIYI_videos_csv_files
218.36210220932765,1.82976041397484,JAIYI_videos_csv_files
218.3938040243987,0.7664654425304435,JAIYI_videos_csv_files
218.42550583946976,5.471050300537483,JAIYI_videos_csv_files
218.45720765454075,5.03317602534616,JAIYI_videos_csv_files
218.4889094696118,4.254869827639249,JAIYI_videos_csv_files
218.52061128468284,3.424452896296197,JAIYI_videos_csv_files
218.5523130997539,4.89012551436933,JAIYI_videos_csv_files
218.58401491482493,2.2973917772921912,JAIYI_videos_csv_files
218.615716729896,2.819606236996965,JAIYI_videos_csv_files
218.647418544967,3.963934137743475,JAIYI_videos_csv_files
218.67912036003804,3.0963893457739937,JAIYI_videos_csv_files
218.7108221751091,3.531683510798924,JAIYI_videos_csv_files
218.74252399018013,5.0691092532618605,JAIYI_videos_csv_files
218.7742258052512,3.9359793264318,JAIYI_videos_csv_files
218.80592762032225,3.942956787317302,JAIYI_videos_csv_files
218.83762943539324,4.10912056694674,JAIYI_videos_csv_files
218.86933125046428,3.993084919080124,JAIYI_videos_csv_files
218.90103306553533,3.344367483955161,JAIYI_videos_csv_files
218.9327348806064,4.811153871572254,JAIYI_videos_csv_files
218.96443669567745,5.7832453737054665,JAIYI_videos_csv_files
218.99613851074847,4.312881913417954,JAIYI_videos_csv_files
219.02784032581948,4.770145875290416,JAIYI_videos_csv_files
219.05954214089053,3.6170762958523897,JAIYI_videos_csv_files
219.09124395596157,2.2687845033295893,JAIYI_videos_csv_files
219.12294577103265,1.2885670401003244,JAIYI_videos_csv_files
219.1546475861037,2.228534161928993,JAIYI_videos_csv_files
219.1863494011747,2.069364916642385,JAIYI_videos_csv_files
219.21805121624573,1.9273416219537416,JAIYI_videos_csv_files
219.24975303131677,0.9655903758447676,JAIYI_videos_csv_files
219.28145484638785,0.3036852642301474,JAIYI_videos_csv_files
219.3131566614589,0.902492802184143,JAIYI_videos_csv_files
219.3448584765299,1.3946526853869925,JAIYI_videos_csv_files
219.37656029160095,6.214879827478321,JAIYI_videos_csv_files
219.40826210667197,8.203305123621838,JAIYI_videos_csv_files
219.439963921743,7.826638213520586,JAIYI_videos_csv_files
219.4716657368141,4.70797652564776,JAIYI_videos_csv_files
219.5033675518851,12.689447019947696,JAIYI_videos_csv_files
219.53506936695615,18.914190309166784,JAIYI_videos_csv_files
219.5667711820272,28.24689053399625,JAIYI_videos_csv_files
219.5984729970982,29.87091848467194,JAIYI_videos_csv_files
219.6301748121693,26.646114606688563,JAIYI_videos_csv_files
219.6618766272403,22.72493088486661,JAIYI_videos_csv_files
219.69357844231135,20.560807952201284,JAIYI_videos_csv_files
219.7252802573824,14.359004135737532,JAIYI_videos_csv_files
219.75698207245344,9.309404349248569,JAIYI_videos_csv_files
219.78868388752448,6.80514337530274,JAIYI_videos_csv_files
219.8203857025955,3.129069576064868,JAIYI_videos_csv_files
219.85208751766655,2.20331204245728,JAIYI_videos_csv_files
219.8837893327376,1.1397357153555203,JAIYI_videos_csv_files
219.91549114780864,0.5155352303206864,JAIYI_videos_csv_files
219.94719296287968,0.3073991419386861,JAIYI_videos_csv_files
219.9788947779507,0.5469434879421051,JAIYI_videos_csv_files
220.01059659302177,3.127939081679823,JAIYI_videos_csv_files
220.0422984080928,6.8947054375202494,JAIYI_videos_csv_files
220.07400022316384,11.440726888100706,JAIYI_videos_csv_files
220.10570203823488,12.134916993448073,JAIYI_videos_csv_files
220.13740385330593,10.055209384120884,JAIYI_videos_csv_files
220.16910566837697,6.307455513607889,JAIYI_videos_csv_files
220.200807483448,5.002011774569196,JAIYI_videos_csv_files
220.23250929851903,4.0039018139262295,JAIYI_videos_csv_files
220.26421111359008,4.021489860000463,JAIYI_videos_csv_files
220.29591292866112,3.9194492641444265,JAIYI_videos_csv_files
220.32761474373217,3.451814231119665,JAIYI_videos_csv_files
220.3593165588032,3.2856318049267617,JAIYI_videos_csv_files
220.39101837387423,2.787253754314042,JAIYI_videos_csv_files
220.42272018894528,2.1557862244527906,JAIYI_videos_csv_files
220.45442200401632,1.8745579618919463,JAIYI_videos_csv_files
220.48612381908737,1.3363664712461651,JAIYI_videos_csv_files
220.5178256341584,1.641014966048128,JAIYI_videos_csv_files
220.54952744922943,2.558228442397698,JAIYI_videos_csv_files
220.58122926430048,2.031329659462895,JAIYI_videos_csv_files
220.61293107937152,1.7557948773839371,JAIYI_videos_csv_files
220.64463289444257,2.099788452415626,JAIYI_videos_csv_files
220.6763347095136,2.096571319321761,JAIYI_videos_csv_files
220.70803652458463,2.120359970665029,JAIYI_videos_csv_files
220.7397383396557,1.920020385650782,JAIYI_videos_csv_files
220.77144015472672,1.9628505956424624,JAIYI_videos_csv_files
220.80314196979776,2.02237929022694,JAIYI_videos_csv_files
220.8348437848688,2.125012704087376,JAIYI_videos_csv_files
220.86654559993983,2.2916223673028355,JAIYI_videos_csv_files
220.8982474150109,2.4378419685352566,JAIYI_videos_csv_files
220.92994923008197,2.6069244605963258,JAIYI_videos_csv_files
220.96165104515296,5.052617919543716,JAIYI_videos_csv_files
220.993352860224,12.713197165840244,JAIYI_videos_csv_files
221.02505467529505,14.4826387413984,JAIYI_videos_csv_files
221.0567564903661,14.989654752373836,JAIYI_videos_csv_files
221.08845830543711,14.652376950511393,JAIYI_videos_csv_files
221.1201601205082,14.07673508543032,JAIYI_videos_csv_files
221.1518619355792,13.416540245729015,JAIYI_videos_csv_files
221.18356375065025,13.487391155324095,JAIYI_videos_csv_files
221.2152655657213,12.476894657311314,JAIYI_videos_csv_files
221.2469673807923,12.2772782499745,JAIYI_videos_csv_files
221.2786691958634,7.099302093279868,JAIYI_videos_csv_files
221.31037101093443,4.468291725823115,JAIYI_videos_csv_files
221.34207282600545,3.2047691072618,JAIYI_videos_csv_files
221.3737746410765,2.499292427772065,JAIYI_videos_csv_files
221.4054764561475,2.447986025554171,JAIYI_videos_csv_files
221.43717827121856,2.775494546847048,JAIYI_videos_csv_files
221.46888008628963,1.642445115094053,JAIYI_videos_csv_files
221.50058190136068,0.932259195132269,JAIYI_videos_csv_files
221.5322837164317,0.4607792847945022,JAIYI_videos_csv_files
221.5639855315027,0.5543739962642508,JAIYI_videos_csv_files
221.59568734657375,0.8601203713377263,JAIYI_videos_csv_files
221.62738916164483,1.0684550446373724,JAIYI_videos_csv_files
221.65909097671587,0.7417849370341368,JAIYI_videos_csv_files
221.69079279178692,1.1177547257533362,JAIYI_videos_csv_files
221.7224946068579,1.6536354208946606,JAIYI_videos_csv_files
221.75419642192895,2.550075502314838,JAIYI_videos_csv_files
221.78589823700003,3.2073206843951887,JAIYI_videos_csv_files
221.81760005207107,3.743147567736997,JAIYI_videos_csv_files
221.84930186714212,3.788959652242808,JAIYI_videos_csv_files
221.88100368221316,3.867164367313453,JAIYI_videos_csv_files
221.91270549728415,5.553515117255973,JAIYI_videos_csv_files
221.9444073123552,12.092373065448486,JAIYI_videos_csv_files
221.97610912742627,13.930011525032844,JAIYI_videos_csv_files
222.00781094249731,13.750365720275871,JAIYI_videos_csv_files
222.03951275756836,11.86651198031687,JAIYI_videos_csv_files
222.0712145726394,7.849556049579307,JAIYI_videos_csv_files
222.1029163877104,5.707661135343271,JAIYI_videos_csv_files
222.13461820278147,3.921185608728496,JAIYI_videos_csv_files
222.1663200178525,2.9495943005332315,JAIYI_videos_csv_files
222.19802183292356,2.166049373303797,JAIYI_videos_csv_files
222.2297236479946,1.3128621958485474,JAIYI_videos_csv_files
222.26142546306565,0.9634889071705316,JAIYI_videos_csv_files
222.29312727813667,1.1279949546716206,JAIYI_videos_csv_files
222.3248290932077,1.1294276412817357,JAIYI_videos_csv_files
222.35653090827876,1.0085105120942988,JAIYI_videos_csv_files
222.3882327233498,0.5771422625675473,JAIYI_videos_csv_files
222.41993453842085,0.2706114355954058,JAIYI_videos_csv_files
222.4516363534919,0.252587751240297,JAIYI_videos_csv_files
222.4833381685629,1.1438811445607164,JAIYI_videos_csv_files
222.51503998363395,1.8149507455456344,JAIYI_videos_csv_files
222.546741798705,2.0273199891171902,JAIYI_videos_csv_files
222.57844361377605,1.842254136653486,JAIYI_videos_csv_files
222.6101454288471,1.171141367218476,JAIYI_videos_csv_files
222.64184724391816,1.163373264492896,JAIYI_videos_csv_files
222.67354905898915,1.1692750691446372,JAIYI_videos_csv_files
222.7052508740602,1.028681950498692,JAIYI_videos_csv_files
222.73695268913124,2.9003792778247925,JAIYI_videos_csv_files
222.7686545042023,2.6572310916998343,JAIYI_videos_csv_files
222.80035631927333,3.785171580951854,JAIYI_videos_csv_files
222.8320581343444,4.51569985022233,JAIYI_videos_csv_files
222.8637599494154,3.9242033603977657,JAIYI_videos_csv_files
222.89546176448644,3.940802983778752,JAIYI_videos_csv_files
222.9271635795575,3.9818659206121056,JAIYI_videos_csv_files
222.95886539462853,3.3176110828551444,JAIYI_videos_csv_files
222.9905672096996,3.747971960164768,JAIYI_videos_csv_files
223.02226902477065,2.137535150850965,JAIYI_videos_csv_files
223.05397083984164,1.3729260907206595,JAIYI_videos_csv_files
223.08567265491268,3.9847395243443495,JAIYI_videos_csv_files
223.11737446998373,7.123505612618367,JAIYI_videos_csv_files
223.1490762850548,19.51794029167361,JAIYI_videos_csv_files
223.18077810012585,27.99892027672041,JAIYI_videos_csv_files
223.21247991519687,34.876650532198,JAIYI_videos_csv_files
223.24418173026788,36.721140420683774,JAIYI_videos_csv_files
223.27588354533893,34.78213289422676,JAIYI_videos_csv_files
223.30758536040997,46.51738843270707,JAIYI_videos_csv_files
223.33928717548105,52.22061653228921,JAIYI_videos_csv_files
223.3709889905521,54.01134001296731,JAIYI_videos_csv_files
223.4026908056231,58.929392216299625,JAIYI_videos_csv_files
223.43439262069413,64.04106757959201,JAIYI_videos_csv_files
223.46609443576517,63.06032887915007,JAIYI_videos_csv_files
223.49779625083625,72.33328843399234,JAIYI_videos_csv_files
223.5294980659073,88.57378182221362,JAIYI_videos_csv_files
223.5611998809783,97.05427093216048,JAIYI_videos_csv_files
223.59290169604935,100.02316014583786,JAIYI_videos_csv_files
223.62460351112037,96.007777824215,JAIYI_videos_csv_files
223.6563053261914,99.43533879372616,JAIYI_videos_csv_files
223.6880071412625,98.56422994660213,JAIYI_videos_csv_files
223.7197089563335,91.42763625892523,JAIYI_videos_csv_files
223.75141077140455,89.36746129770677,JAIYI_videos_csv_files
223.7831125864756,77.68275526872836,JAIYI_videos_csv_files
223.8148144015466,74.70526712431928,JAIYI_videos_csv_files
223.8465162166177,56.1986246022013,JAIYI_videos_csv_files
223.8782180316887,43.7329869961483,JAIYI_videos_csv_files
223.90991984675975,39.96579424705082,JAIYI_videos_csv_files
223.9416216618308,28.906757368416965,JAIYI_videos_csv_files
223.97332347690184,48.72912289198984,JAIYI_videos_csv_files
224.00502529197288,49.53017030012633,JAIYI_videos_csv_files
224.0367271070439,43.03463217391736,JAIYI_videos_csv_files
224.06842892211495,40.58675324607057,JAIYI_videos_csv_files
224.100130737186,39.3430700813901,JAIYI_videos_csv_files
224.13183255225704,40.37281222089203,JAIYI_videos_csv_files
224.16353436732808,42.76636344085895,JAIYI_videos_csv_files
224.1952361823991,43.98712335412512,JAIYI_videos_csv_files
224.22693799747017,46.60249599873458,JAIYI_videos_csv_files
224.2586398125412,49.54523987766019,JAIYI_videos_csv_files
224.29034162761224,51.56555571810685,JAIYI_videos_csv_files
224.32204344268328,49.8220722043281,JAIYI_videos_csv_files
224.35374525775433,48.68883033774815,JAIYI_videos_csv_files
224.38544707282537,49.44453109283981,JAIYI_videos_csv_files
224.4171488878964,51.17501344279783,JAIYI_videos_csv_files
224.44885070296743,51.17752928492821,JAIYI_videos_csv_files
224.48055251803848,51.16303966193886,JAIYI_videos_csv_files
224.51225433310952,50.10998683237955,JAIYI_videos_csv_files
224.54395614818057,49.24678701504375,JAIYI_videos_csv_files
224.5756579632516,48.65937791449561,JAIYI_videos_csv_files
224.60735977832263,48.0999702362955,JAIYI_videos_csv_files
224.63906159339368,47.10374334185407,JAIYI_videos_csv_files
224.67076340846472,47.87258252820505,JAIYI_videos_csv_files
224.70246522353577,47.62849369208544,JAIYI_videos_csv_files
224.7341670386068,48.19089560230648,JAIYI_videos_csv_files
224.76586885367783,49.18239032893359,JAIYI_videos_csv_files
224.79757066874888,49.874626421365406,JAIYI_videos_csv_files
224.82927248381992,49.95359989676773,JAIYI_videos_csv_files
224.86097429889097,47.66935264983142,JAIYI_videos_csv_files
224.892676113962,47.849413463324254,JAIYI_videos_csv_files
224.92437792903303,47.52943307221253,JAIYI_videos_csv_files
224.95607974410407,47.20481498882515,JAIYI_videos_csv_files
224.98778155917512,46.454497913564886,JAIYI_videos_csv_files
225.01948337424616,45.63803992646761,JAIYI_videos_csv_files
225.0511851893172,43.82538157635658,JAIYI_videos_csv_files
225.08288700438823,43.81076821523646,JAIYI_videos_csv_files
225.1145888194593,43.19263578340141,JAIYI_videos_csv_files
225.14629063453032,42.87205550088343,JAIYI_videos_csv_files
225.17799244960136,42.51166271796806,JAIYI_videos_csv_files
225.2096942646724,42.16842300809375,JAIYI_videos_csv_files
225.24139607974345,41.52634957972258,JAIYI_videos_csv_files
225.2730978948145,41.56650159819019,JAIYI_videos_csv_files
225.30479970988551,40.98012436262869,JAIYI_videos_csv_files
225.3365015249566,40.908786454611054,JAIYI_videos_csv_files
225.3682033400276,40.73775961838869,JAIYI_videos_csv_files
225.39990515509865,40.62060861796349,JAIYI_videos_csv_files
225.4316069701697,40.631607875519,JAIYI_videos_csv_files
225.4633087852407,41.90641900291912,JAIYI_videos_csv_files
225.4950106003118,42.33269459568336,JAIYI_videos_csv_files
225.52671241538283,42.726446174613216,JAIYI_videos_csv_files
225.55841423045385,42.92564213369141,JAIYI_videos_csv_files
225.5901160455249,43.46183014650387,JAIYI_videos_csv_files
225.6218178605959,46.101290977899005,JAIYI_videos_csv_files
225.65351967566696,46.738673787503686,JAIYI_videos_csv_files
225.68522149073803,46.10112305749275,JAIYI_videos_csv_files
225.71692330580908,45.754497229797664,JAIYI_videos_csv_files
225.7486251208801,45.89953810877192,JAIYI_videos_csv_files
225.7803269359511,47.17811283103521,JAIYI_videos_csv_files
225.81202875102215,47.33997327715777,JAIYI_videos_csv_files
225.84373056609323,48.05089090582503,JAIYI_videos_csv_files
225.87543238116427,48.05050738441935,JAIYI_videos_csv_files
225.90713419623532,48.68261077996479,JAIYI_videos_csv_files
225.9388360113063,50.27271209184915,JAIYI_videos_csv_files
225.97053782637735,49.50073462012265,JAIYI_videos_csv_files
226.00223964144843,49.83476995166499,JAIYI_videos_csv_files
226.03394145651947,49.67679228354232,JAIYI_videos_csv_files
226.06564327159052,48.76322537901534,JAIYI_videos_csv_files
226.09734508666156,47.70261952588319,JAIYI_videos_csv_files
226.12904690173255,34.846871180334155,JAIYI_videos_csv_files
226.1607487168036,25.4168849102405,JAIYI_videos_csv_files
226.19245053187467,29.58002216773721,JAIYI_videos_csv_files
226.22415234694571,33.12503133666674,JAIYI_videos_csv_files
226.25585416201676,33.430072269637634,JAIYI_videos_csv_files
226.2875559770878,35.89066671563752,JAIYI_videos_csv_files
226.3192577921588,41.19886623203092,JAIYI_videos_csv_files
226.35095960722987,49.59234927019008,JAIYI_videos_csv_files
226.3826614223009,50.002175799440046,JAIYI_videos_csv_files
226.41436323737196,46.96694843014561,JAIYI_videos_csv_files
226.446065052443,37.75750749598046,JAIYI_videos_csv_files
226.47776686751405,34.286946739166794,JAIYI_videos_csv_files
226.50946868258507,29.86770875459729,JAIYI_videos_csv_files
226.5411704976561,24.15306512678423,JAIYI_videos_csv_files
226.57287231272716,19.259492573444525,JAIYI_videos_csv_files
226.6045741277982,14.186978366715914,JAIYI_videos_csv_files
226.63627594286925,10.979271467601189,JAIYI_videos_csv_files
226.6679777579403,10.16038600470791,JAIYI_videos_csv_files
226.6996795730113,9.10757810037181,JAIYI_videos_csv_files
226.73138138808235,8.420570666589935,JAIYI_videos_csv_files
226.7630832031534,7.591017698993564,JAIYI_videos_csv_files
226.79478501822445,8.56884587883726,JAIYI_videos_csv_files
226.8264868332955,12.512216740332269,JAIYI_videos_csv_files
226.85818864836656,19.945840363197725,JAIYI_videos_csv_files
226.88989046343755,27.230570578568496,JAIYI_videos_csv_files
226.9215922785086,29.714667710781505,JAIYI_videos_csv_files
226.95329409357964,31.862836492342225,JAIYI_videos_csv_files
226.9849959086507,20.9443299786328,JAIYI_videos_csv_files
227.01669772372173,20.039006107095723,JAIYI_videos_csv_files
227.0483995387928,20.91534572412859,JAIYI_videos_csv_files
227.0801013538638,16.49013195546202,JAIYI_videos_csv_files
227.11180316893484,10.139925219011172,JAIYI_videos_csv_files
227.1435049840059,8.193349885103304,JAIYI_videos_csv_files
227.17520679907693,7.193368962086675,JAIYI_videos_csv_files
227.206908614148,6.888437238172084,JAIYI_videos_csv_files
227.23861042921905,6.362224175085196,JAIYI_videos_csv_files
227.27031224429004,6.0128889606343625,JAIYI_videos_csv_files
227.30201405936108,7.571237710641692,JAIYI_videos_csv_files
227.33371587443213,16.04852985214678,JAIYI_videos_csv_files
227.3654176895032,19.703856951076023,JAIYI_videos_csv_files
227.39711950457425,27.996065749587363,JAIYI_videos_csv_files
227.42882131964527,26.06632545127655,JAIYI_videos_csv_files
227.46052313471628,20.17455134986581,JAIYI_videos_csv_files
227.49222494978733,17.736518241787785,JAIYI_videos_csv_files
227.52392676485837,14.539057011556018,JAIYI_videos_csv_files
227.55562857992945,7.298005963281814,JAIYI_videos_csv_files
227.5873303950005,5.811056452553343,JAIYI_videos_csv_files
227.6190322100715,4.731719910477144,JAIYI_videos_csv_files
227.65073402514253,5.325541817001311,JAIYI_videos_csv_files
227.68243584021357,5.494548971059079,JAIYI_videos_csv_files
227.71413765528465,2.913798592387595,JAIYI_videos_csv_files
227.7458394703557,3.691784326515132,JAIYI_videos_csv_files
227.7775412854267,7.508780941482187,JAIYI_videos_csv_files
227.80924310049775,15.13806891175268,JAIYI_videos_csv_files
227.84094491556877,19.84891288419653,JAIYI_videos_csv_files
227.8726467306398,16.569350037971464,JAIYI_videos_csv_files
227.9043485457109,3.9693087800757616,JAIYI_videos_csv_files
227.9360503607819,2.2591575947241784,JAIYI_videos_csv_files
227.96775217585295,1.2294696039404955,JAIYI_videos_csv_files
227.999453990924,0.6072971152604897,JAIYI_videos_csv_files
228.031155805995,2.342156258602783,JAIYI_videos_csv_files
228.0628576210661,3.0537509909139,JAIYI_videos_csv_files
228.0945594361371,3.3571818628853483,JAIYI_videos_csv_files
228.12626125120815,3.868250725123061,JAIYI_videos_csv_files
228.1579630662792,2.653150186073627,JAIYI_videos_csv_files
228.18966488135024,1.1831322359914525,JAIYI_videos_csv_files
228.22136669642128,1.9135690705779604,JAIYI_videos_csv_files
228.2530685114923,1.0182578170162373,JAIYI_videos_csv_files
228.28477032656335,0.6929110610407894,JAIYI_videos_csv_files
228.3164721416344,0.2135266559622119,JAIYI_videos_csv_files
228.34817395670544,0.3833522220132286,JAIYI_videos_csv_files
228.37987577177648,0.991270740533896,JAIYI_videos_csv_files
228.4115775868475,1.1124849717924268,JAIYI_videos_csv_files
228.44327940191857,1.3408403403905187,JAIYI_videos_csv_files
228.4749812169896,1.8951597429075635,JAIYI_videos_csv_files
228.50668303206064,1.984805355095174,JAIYI_videos_csv_files
228.53838484713168,1.7883556047768003,JAIYI_videos_csv_files
228.57008666220273,1.5349107551331334,JAIYI_videos_csv_files
228.60178847727377,1.3454175850606434,JAIYI_videos_csv_files
228.6334902923448,1.3994901886657896,JAIYI_videos_csv_files
228.66519210741583,0.5203775753301979,JAIYI_videos_csv_files
228.69689392248688,2.6125326117651624,JAIYI_videos_csv_files
228.72859573755792,2.0468993675028924,JAIYI_videos_csv_files
228.76029755262897,1.243162331742329,JAIYI_videos_csv_files
228.7919993677,0.9932433264820012,JAIYI_videos_csv_files
228.82370118277103,1.2368911498971888,JAIYI_videos_csv_files
228.85540299784208,1.2775494661078135,JAIYI_videos_csv_files
228.88710481291312,0.8586885103724858,JAIYI_videos_csv_files
228.91880662798417,0.7143499498015385,JAIYI_videos_csv_files
228.9505084430552,0.7583957258196534,JAIYI_videos_csv_files
228.98221025812623,0.8881820035238562,JAIYI_videos_csv_files
229.01391207319728,0.9911434795708176,JAIYI_videos_csv_files
229.04561388826832,1.114945988397411,JAIYI_videos_csv_files
229.07731570333937,1.7377695910822042,JAIYI_videos_csv_files
229.1090175184104,14.492930675719512,JAIYI_videos_csv_files
229.14071933348143,23.923894198208707,JAIYI_videos_csv_files
229.17242114855247,25.659115180596668,JAIYI_videos_csv_files
229.20412296362352,25.939583861252004,JAIYI_videos_csv_files
229.23582477869456,25.68651505485695,JAIYI_videos_csv_files
229.2675265937656,24.81974308922397,JAIYI_videos_csv_files
229.29922840883663,22.20188387775371,JAIYI_videos_csv_files
229.3309302239077,8.361213489669664,JAIYI_videos_csv_files
229.36263203897872,6.323992821191305,JAIYI_videos_csv_files
229.39433385404976,4.874811156544096,JAIYI_videos_csv_files
229.4260356691208,4.409599549350431,JAIYI_videos_csv_files
229.45773748419185,3.879196508355264,JAIYI_videos_csv_files
229.4894392992629,2.4235922955992253,JAIYI_videos_csv_files
229.52114111433391,1.762405623290108,JAIYI_videos_csv_files
229.55284292940496,1.6586681885641767,JAIYI_videos_csv_files
229.584544744476,3.150789269595178,JAIYI_videos_csv_files
229.61624655954705,1.6410486320847475,JAIYI_videos_csv_files
229.6479483746181,1.6616710205635823,JAIYI_videos_csv_files
229.6796501896891,1.247719594888804,JAIYI_videos_csv_files
229.7113520047602,1.0920800386478324,JAIYI_videos_csv_files
229.7430538198312,1.0241221126955284,JAIYI_videos_csv_files
229.77475563490225,1.9079511993892653,JAIYI_videos_csv_files
229.8064574499733,2.0423655062412007,JAIYI_videos_csv_files
229.8381592650443,1.368507189054195,JAIYI_videos_csv_files
229.86986108011536,1.3157022011842294,JAIYI_videos_csv_files
229.90156289518643,1.293461448922132,JAIYI_videos_csv_files
229.93326471025748,1.3175221760008702,JAIYI_videos_csv_files
229.9649665253285,1.3476750574906942,JAIYI_videos_csv_files
229.9966683403995,1.3345037741872914,JAIYI_videos_csv_files
230.02837015547055,1.0857112809125813,JAIYI_videos_csv_files
230.06007197054163,1.245025296158639,JAIYI_videos_csv_files
230.09177378561267,0.9102914555480548,JAIYI_videos_csv_files
230.12347560068372,0.5927820847994446,JAIYI_videos_csv_files
230.1551774157547,0.385768634659232,JAIYI_videos_csv_files
230.18687923082575,0.5501853017677434,JAIYI_videos_csv_files
230.21858104589683,0.1927764821376243,JAIYI_videos_csv_files
230.25028286096787,1.223438832353788,JAIYI_videos_csv_files
230.28198467603892,1.1243790827910858,JAIYI_videos_csv_files
230.31368649110996,1.0509940507673938,JAIYI_videos_csv_files
230.34538830618095,1.0572081698829958,JAIYI_videos_csv_files
230.377090121252,1.0578138768040166,JAIYI_videos_csv_files
230.40879193632307,1.053367811742321,JAIYI_videos_csv_files
230.44049375139411,1.0561626834281397,JAIYI_videos_csv_files
230.47219556646516,1.0950981387228398,JAIYI_videos_csv_files
230.5038973815362,0.971487644987706,JAIYI_videos_csv_files
230.5355991966072,1.0377477519468037,JAIYI_videos_csv_files
230.56730101167827,1.0532770427467546,JAIYI_videos_csv_files
230.5990028267493,3.014431720882972,JAIYI_videos_csv_files
230.63070464182036,2.7254850709257363,JAIYI_videos_csv_files
230.6624064568914,1.6464870896718755,JAIYI_videos_csv_files
230.69410827196245,1.3276676856168332,JAIYI_videos_csv_files
230.72581008703347,0.6443394059895304,JAIYI_videos_csv_files
230.7575119021045,0.8549728493071727,JAIYI_videos_csv_files
230.78921371717556,0.7130678776327881,JAIYI_videos_csv_files
230.8209155322466,0.9885613955743228,JAIYI_videos_csv_files
230.85261734731765,0.9990199018147864,JAIYI_videos_csv_files
230.8843191623887,1.098228648678106,JAIYI_videos_csv_files
230.9160209774597,1.0725135895796027,JAIYI_videos_csv_files
230.94772279253075,0.972442125934894,JAIYI_videos_csv_files
230.9794246076018,1.029386453678529,JAIYI_videos_csv_files
231.01112642267285,1.0845455456677264,JAIYI_videos_csv_files
231.0428282377439,1.1443573510454093,JAIYI_videos_csv_files
231.07453005281496,1.600648051105947,JAIYI_videos_csv_files
231.10623186788595,1.3818138690996995,JAIYI_videos_csv_files
231.137933682957,2.4027290718272893,JAIYI_videos_csv_files
231.16963549802804,1.3891840482647635,JAIYI_videos_csv_files
231.2013373130991,1.06160998257704,JAIYI_videos_csv_files
231.23303912817013,0.6891875040824792,JAIYI_videos_csv_files
231.2647409432412,0.889334452981488,JAIYI_videos_csv_files
231.2964427583122,1.0658249053213926,JAIYI_videos_csv_files
231.32814457338324,1.096686060614329,JAIYI_videos_csv_files
231.3598463884543,1.110005446270266,JAIYI_videos_csv_files
231.39154820352533,1.080609361170298,JAIYI_videos_csv_files
231.4232500185964,1.0635737022848606,JAIYI_videos_csv_files
231.45495183366745,1.0817312859079482,JAIYI_videos_csv_files
231.48665364873844,0.8430532152049924,JAIYI_videos_csv_files
231.51835546380948,0.728348632816634,JAIYI_videos_csv_files
231.55005727888053,0.6151394418344134,JAIYI_videos_csv_files
231.5817590939516,0.6528656924424641,JAIYI_videos_csv_files
231.61346090902265,0.7086608020071156,JAIYI_videos_csv_files
231.64516272409367,0.8702032487738779,JAIYI_videos_csv_files
231.67686453916468,0.8062915641161614,JAIYI_videos_csv_files
231.70856635423573,1.1078435786861431,JAIYI_videos_csv_files
231.74026816930677,1.0637125639340297,JAIYI_videos_csv_files
231.77196998437785,1.0126231416539635,JAIYI_videos_csv_files
231.8036717994489,0.916988389808624,JAIYI_videos_csv_files
231.8353736145199,0.917115459384756,JAIYI_videos_csv_files
231.86707542959093,0.9026002181327996,JAIYI_videos_csv_files
231.89877724466197,0.869971096362947,JAIYI_videos_csv_files
231.93047905973305,0.8051172979139223,JAIYI_videos_csv_files
231.9621808748041,1.0449334060036444,JAIYI_videos_csv_files
231.9938826898751,0.7328557885630277,JAIYI_videos_csv_files
232.02558450494615,0.6450291579938255,JAIYI_videos_csv_files
232.05728632001717,0.6558314679643887,JAIYI_videos_csv_files
232.0889881350882,0.429805077180519,JAIYI_videos_csv_files
232.1206899501593,0.7549120974092126,JAIYI_videos_csv_files
232.1523917652303,0.7760960101417075,JAIYI_videos_csv_files
232.18409358030135,0.968025395064447,JAIYI_videos_csv_files
232.2157953953724,1.2554407313903,JAIYI_videos_csv_files
232.2474972104434,1.32310528072607,JAIYI_videos_csv_files
232.2791990255145,1.3135009756650202,JAIYI_videos_csv_files
232.3109008405855,1.3334906918065694,JAIYI_videos_csv_files
232.34260265565655,1.3422408590605688,JAIYI_videos_csv_files
232.3743044707276,1.2209912701591543,JAIYI_videos_csv_files
232.40600628579864,0.3536859824246869,JAIYI_videos_csv_files
232.43770810086968,0.3195360329964661,JAIYI_videos_csv_files
232.4694099159407,0.994872067939534,JAIYI_videos_csv_files
232.50111173101175,1.3947749171037591,JAIYI_videos_csv_files
232.5328135460828,1.0516076988697347,JAIYI_videos_csv_files
232.56451536115384,0.8760116504430583,JAIYI_videos_csv_files
232.59621717622488,0.1746666837046567,JAIYI_videos_csv_files
232.6279189912959,1.4581937469328403,JAIYI_videos_csv_files
232.65962080636697,0.8824669112391499,JAIYI_videos_csv_files
232.691322621438,0.7409158636228463,JAIYI_videos_csv_files
232.72302443650904,0.748555579036477,JAIYI_videos_csv_files
232.75472625158008,0.7973228247237752,JAIYI_videos_csv_files
232.78642806665113,0.8180786263077067,JAIYI_videos_csv_files
232.81812988172217,0.8639190610138322,JAIYI_videos_csv_files
232.8498316967932,0.8938456116777707,JAIYI_videos_csv_files
232.88153351186423,1.2380196507114465,JAIYI_videos_csv_files
232.91323532693528,1.0699064867022248,JAIYI_videos_csv_files
232.94493714200632,1.2000196391321098,JAIYI_videos_csv_files
232.97663895707737,1.1562318579787627,JAIYI_videos_csv_files
233.0083407721484,0.8279359865496387,JAIYI_videos_csv_files
233.04004258721943,0.7909279065875523,JAIYI_videos_csv_files
233.07174440229048,1.5212999991690823,JAIYI_videos_csv_files
233.10344621736152,1.1924187023316426,JAIYI_videos_csv_files
233.13514803243257,0.943253467940668,JAIYI_videos_csv_files
233.1668498475036,0.8636255721846693,JAIYI_videos_csv_files
233.19855166257463,0.8543954489770132,JAIYI_videos_csv_files
233.23025347764568,0.8472582449425843,JAIYI_videos_csv_files
233.26195529271672,0.8935283147595231,JAIYI_videos_csv_files
233.29365710778777,0.9661988162694626,JAIYI_videos_csv_files
233.3253589228588,0.59902823889539,JAIYI_videos_csv_files
233.35706073792983,0.3938644890177109,JAIYI_videos_csv_files
233.38876255300087,0.491015601222758,JAIYI_videos_csv_files
233.42046436807192,0.3810843288242768,JAIYI_videos_csv_files
233.45216618314296,0.6092410842635876,JAIYI_videos_csv_files
233.483867998214,2.497797926426641,JAIYI_videos_csv_files
233.51556981328503,0.8875356147566458,JAIYI_videos_csv_files
233.5472716283561,0.6745118309933208,JAIYI_videos_csv_files
233.57897344342712,1.2280265418817653,JAIYI_videos_csv_files
233.61067525849816,1.4855888450318293,JAIYI_videos_csv_files
233.6423770735692,1.661198749515119,JAIYI_videos_csv_files
233.67407888864025,1.231582189166004,JAIYI_videos_csv_files
233.7057807037113,0.3220696817512153,JAIYI_videos_csv_files
233.73748251878231,0.0489230032574772,JAIYI_videos_csv_files
233.76918433385336,0.1731445528495976,JAIYI_videos_csv_files
233.8008861489244,0.3189013751801495,JAIYI_videos_csv_files
233.83258796399545,1.2864164988061455,JAIYI_videos_csv_files
233.8642897790665,0.9330226829303114,JAIYI_videos_csv_files
233.8959915941375,0.790852916937971,JAIYI_videos_csv_files
233.9276934092086,0.6042294255300754,JAIYI_videos_csv_files
233.9593952242796,0.6040555326237517,JAIYI_videos_csv_files
233.99109703935065,0.5984380904747681,JAIYI_videos_csv_files
234.0227988544217,0.8991819761275361,JAIYI_videos_csv_files
234.0545006694927,1.4748800895526375,JAIYI_videos_csv_files
234.08620248456376,3.5787276108893744,JAIYI_videos_csv_files
234.11790429963483,2.7001070535417147,JAIYI_videos_csv_files
234.14960611470585,2.6538659013293007,JAIYI_videos_csv_files
234.1813079297769,1.6973593424163451,JAIYI_videos_csv_files
234.2130097448479,1.566566456654967,JAIYI_videos_csv_files
234.24471155991895,1.6357885245968684,JAIYI_videos_csv_files
234.27641337499003,1.484569669032311,JAIYI_videos_csv_files
234.30811519006107,1.7475774583698005,JAIYI_videos_csv_files
234.3398170051321,3.895424021347597,JAIYI_videos_csv_files
234.3715188202031,2.459340987292936,JAIYI_videos_csv_files
234.40322063527415,2.0431277003199835,JAIYI_videos_csv_files
234.43492245034523,4.980540557914082,JAIYI_videos_csv_files
234.46662426541627,2.860860282851142,JAIYI_videos_csv_files
234.49832608048732,1.6998351519391506,JAIYI_videos_csv_files
234.53002789555836,4.993557590462484,JAIYI_videos_csv_files
234.56172971062935,1.6925835702802576,JAIYI_videos_csv_files
234.5934315257004,0.8803159137461315,JAIYI_videos_csv_files
234.62513334077147,1.202668561009182,JAIYI_videos_csv_files
234.65683515584251,1.402230510980995,JAIYI_videos_csv_files
234.68853697091356,1.6008276785568862,JAIYI_videos_csv_files
234.7202387859846,1.643989538652021,JAIYI_videos_csv_files
234.7519406010556,1.111972005024272,JAIYI_videos_csv_files
234.78364241612667,1.0781351912624868,JAIYI_videos_csv_files
234.8153442311977,1.368810451767824,JAIYI_videos_csv_files
234.84704604626876,1.313909673953293,JAIYI_videos_csv_files
234.8787478613398,5.708668592512901,JAIYI_videos_csv_files
234.91044967641085,9.616133238479312,JAIYI_videos_csv_files
234.94215149148187,8.897773958903638,JAIYI_videos_csv_files
234.9738533065529,3.9333916807559817,JAIYI_videos_csv_files
235.00555512162396,2.281041927569346,JAIYI_videos_csv_files
235.037256936695,5.06349673044233,JAIYI_videos_csv_files
235.06895875176605,5.1191191396538365,JAIYI_videos_csv_files
235.1006605668371,4.855610589502802,JAIYI_videos_csv_files
235.1323623819081,7.050655005244649,JAIYI_videos_csv_files
235.16406419697915,11.0895555114881,JAIYI_videos_csv_files
235.1957660120502,13.328342735219785,JAIYI_videos_csv_files
235.22746782712125,13.382265795653254,JAIYI_videos_csv_files
235.2591696421923,6.02694486128972,JAIYI_videos_csv_files
235.29087145726336,3.6145647698516337,JAIYI_videos_csv_files
235.32257327233435,2.962302400038162,JAIYI_videos_csv_files
235.3542750874054,3.834005035968499,JAIYI_videos_csv_files
235.38597690247644,4.168712733588915,JAIYI_videos_csv_files
235.4176787175475,3.519853173010769,JAIYI_videos_csv_files
235.44938053261853,4.643022276047517,JAIYI_videos_csv_files
235.4810823476896,4.524629974050539,JAIYI_videos_csv_files
235.5127841627606,4.5423923077921,JAIYI_videos_csv_files
235.54448597783164,4.585242796248024,JAIYI_videos_csv_files
235.5761877929027,4.618228988552932,JAIYI_videos_csv_files
235.60788960797373,4.608558931565281,JAIYI_videos_csv_files
235.6395914230448,4.340413882374261,JAIYI_videos_csv_files
235.67129323811585,24.18459914501608,JAIYI_videos_csv_files
235.70299505318684,32.04493178686494,JAIYI_videos_csv_files
235.73469686825788,34.7744491550353,JAIYI_videos_csv_files
235.76639868332893,30.9998188853219,JAIYI_videos_csv_files
235.7981004984,25.672748867998088,JAIYI_videos_csv_files
235.82980231347105,24.234419215377155,JAIYI_videos_csv_files
235.86150412854207,15.748625398554188,JAIYI_videos_csv_files
235.89320594361308,8.148105527971914,JAIYI_videos_csv_files
235.92490775868413,4.61542053617642,JAIYI_videos_csv_files
235.95660957375517,2.7322937662674325,JAIYI_videos_csv_files
235.98831138882625,1.7128978140441244,JAIYI_videos_csv_files
236.0200132038973,1.0092790178887032,JAIYI_videos_csv_files
236.0517150189683,0.7557864069991608,JAIYI_videos_csv_files
236.08341683403933,1.2643760607683,JAIYI_videos_csv_files
236.11511864911037,2.254096408172877,JAIYI_videos_csv_files
236.14682046418145,3.2858197343909823,JAIYI_videos_csv_files
236.1785222792525,3.668983339884353,JAIYI_videos_csv_files
236.2102240943235,4.934613107425032,JAIYI_videos_csv_files
236.24192590939455,5.4852228104202,JAIYI_videos_csv_files
236.27362772446557,5.834221012362193,JAIYI_videos_csv_files
236.3053295395366,6.104899030499444,JAIYI_videos_csv_files
236.3370313546077,9.105504463521395,JAIYI_videos_csv_files
236.3687331696787,18.6680846858068,JAIYI_videos_csv_files
236.40043498474975,24.674837377657276,JAIYI_videos_csv_files
236.4321367998208,49.13977441572831,JAIYI_videos_csv_files
236.4638386148918,48.816125209581294,JAIYI_videos_csv_files
236.4955404299629,55.40661809075616,JAIYI_videos_csv_files
236.5272422450339,64.17071660858707,JAIYI_videos_csv_files
236.55894406010495,66.13169010002719,JAIYI_videos_csv_files
236.590645875176,73.20804938366821,JAIYI_videos_csv_files
236.62234769024704,72.4735776891708,JAIYI_videos_csv_files
236.65404950531808,73.74350701353221,JAIYI_videos_csv_files
236.6857513203891,78.46659189828078,JAIYI_videos_csv_files
236.71745313546015,76.95096949632965,JAIYI_videos_csv_files
236.7491549505312,76.72334334561491,JAIYI_videos_csv_files
236.78085676560224,72.21214155859425,JAIYI_videos_csv_files
236.81255858067328,55.63316469191578,JAIYI_videos_csv_files
236.8442603957443,50.39751178087237,JAIYI_videos_csv_files
236.87596221081537,50.56977303932569,JAIYI_videos_csv_files
236.9076640258864,47.54369571005481,JAIYI_videos_csv_files
236.93936584095744,43.43113345287277,JAIYI_videos_csv_files
236.97106765602848,35.17232899222501,JAIYI_videos_csv_files
237.00276947109953,30.281909572688686,JAIYI_videos_csv_files
237.03447128617057,13.212225882491143,JAIYI_videos_csv_files
237.0661731012416,29.188239211319125,JAIYI_videos_csv_files
237.09787491631263,25.45032020210571,JAIYI_videos_csv_files
237.12957673138368,26.419591269230395,JAIYI_videos_csv_files
237.16127854645472,25.162900693720072,JAIYI_videos_csv_files
237.19298036152577,30.098792808382917,JAIYI_videos_csv_files
237.2246821765968,31.13891577738948,JAIYI_videos_csv_files
237.25638399166783,33.32967043225213,JAIYI_videos_csv_files
237.28808580673888,33.69857647959776,JAIYI_videos_csv_files
237.31978762180992,37.13630422266622,JAIYI_videos_csv_files
237.35148943688097,39.99988491413959,JAIYI_videos_csv_files
237.383191251952,41.51717753537908,JAIYI_videos_csv_files
237.41489306702303,41.81071445932216,JAIYI_videos_csv_files
237.44659488209408,42.50662962246452,JAIYI_videos_csv_files
237.47829669716512,41.739882447534406,JAIYI_videos_csv_files
237.50999851223617,42.08450706572484,JAIYI_videos_csv_files
237.5417003273072,39.01082279779912,JAIYI_videos_csv_files
237.57340214237823,37.31143728549959,JAIYI_videos_csv_files
237.60510395744927,37.36431342301564,JAIYI_videos_csv_files
237.63680577252032,37.93227310067674,JAIYI_videos_csv_files
237.66850758759136,38.93481208261665,JAIYI_videos_csv_files
237.7002094026624,39.13345648593019,JAIYI_videos_csv_files
237.73191121773343,42.21024420357089,JAIYI_videos_csv_files
237.7636130328045,42.31759972687395,JAIYI_videos_csv_files
237.79531484787552,43.29221495402165,JAIYI_videos_csv_files
237.82701666294656,43.14592890982768,JAIYI_videos_csv_files
237.8587184780176,41.97429666006743,JAIYI_videos_csv_files
237.89042029308865,41.2595716454682,JAIYI_videos_csv_files
237.9221221081597,41.96679248357683,JAIYI_videos_csv_files
237.95382392323071,42.05164773337221,JAIYI_videos_csv_files
237.98552573830176,41.88188239219944,JAIYI_videos_csv_files
238.0172275533728,43.76951034353884,JAIYI_videos_csv_files
238.04892936844385,44.16661427436937,JAIYI_videos_csv_files
238.0806311835149,44.40200270247198,JAIYI_videos_csv_files
238.1123329985859,44.5957973763063,JAIYI_videos_csv_files
238.144034813657,44.99567805733963,JAIYI_videos_csv_files
238.175736628728,45.18588494119216,JAIYI_videos_csv_files
238.20743844379905,45.32191061473161,JAIYI_videos_csv_files
238.2391402588701,44.41489002781653,JAIYI_videos_csv_files
238.2708420739411,45.08277915156613,JAIYI_videos_csv_files
238.30254388901216,45.11837232049525,JAIYI_videos_csv_files
238.33424570408323,45.97644834725237,JAIYI_videos_csv_files
238.36594751915425,47.19786497897571,JAIYI_videos_csv_files
238.3976493342253,47.97991576439198,JAIYI_videos_csv_files
238.4293511492963,48.36034101337336,JAIYI_videos_csv_files
238.46105296436735,49.12127805264166,JAIYI_videos_csv_files
238.49275477943843,50.00492206556349,JAIYI_videos_csv_files
238.52445659450947,49.94544767989786,JAIYI_videos_csv_files
238.5561584095805,49.50973192990018,JAIYI_videos_csv_files
238.5878602246515,49.412288817854375,JAIYI_videos_csv_files
238.61956203972255,49.91971122505419,JAIYI_videos_csv_files
238.65126385479363,52.57313334895713,JAIYI_videos_csv_files
238.68296566986467,54.329572800805366,JAIYI_videos_csv_files
238.71466748493572,55.44353973299518,JAIYI_videos_csv_files
238.74636930000673,55.82432611437182,JAIYI_videos_csv_files
238.77807111507775,56.34500654965229,JAIYI_videos_csv_files
238.8097729301488,56.958695111441045,JAIYI_videos_csv_files
238.84147474521987,57.67504113505096,JAIYI_videos_csv_files
238.87317656029091,57.92024648634621,JAIYI_videos_csv_files
238.90487837536196,61.7245606870886,JAIYI_videos_csv_files
238.93658019043295,61.9627677220241,JAIYI_videos_csv_files
238.968282005504,60.69017236828776,JAIYI_videos_csv_files
238.99998382057507,62.95571793364172,JAIYI_videos_csv_files
239.0316856356461,64.60685945273504,JAIYI_videos_csv_files
239.06338745071716,64.1428024473149,JAIYI_videos_csv_files
239.0950892657882,60.9336355970709,JAIYI_videos_csv_files
239.12679108085925,56.70783077473086,JAIYI_videos_csv_files
239.15849289593027,44.73172334834732,JAIYI_videos_csv_files
239.1901947110013,41.763559633441965,JAIYI_videos_csv_files
239.22189652607236,41.411044050115606,JAIYI_videos_csv_files
239.2535983411434,44.40863692469241,JAIYI_videos_csv_files
239.28530015621445,48.7368618639012,JAIYI_videos_csv_files
239.3170019712855,50.55107748031678,JAIYI_videos_csv_files
239.3487037863565,57.69584186875981,JAIYI_videos_csv_files
239.38040560142755,70.48648576923985,JAIYI_videos_csv_files
239.4121074164986,90.96741404494244,JAIYI_videos_csv_files
239.44380923156965,96.29181866355344,JAIYI_videos_csv_files
239.4755110466407,89.83070464086872,JAIYI_videos_csv_files
239.50721286171176,89.2067236246515,JAIYI_videos_csv_files
239.53891467678275,83.24742908188158,JAIYI_videos_csv_files
239.5706164918538,73.93235102619008,JAIYI_videos_csv_files
239.60231830692484,59.583941148631936,JAIYI_videos_csv_files
239.6340201219959,50.6091173614124,JAIYI_videos_csv_files
239.66572193706693,44.44352467470184,JAIYI_videos_csv_files
239.697423752138,42.73003903649516,JAIYI_videos_csv_files
239.729125567209,41.44993976593477,JAIYI_videos_csv_files
239.76082738228004,38.49886541436036,JAIYI_videos_csv_files
239.7925291973511,36.54100138902081,JAIYI_videos_csv_files
239.82423101242213,35.68197199337029,JAIYI_videos_csv_files
239.8559328274932,35.167204693468626,JAIYI_videos_csv_files
239.88763464256425,33.05750186697296,JAIYI_videos_csv_files
239.91933645763524,27.30776644952987,JAIYI_videos_csv_files
239.95103827270628,29.06792809403312,JAIYI_videos_csv_files
239.98274008777733,27.44657339756052,JAIYI_videos_csv_files
240.0144419028484,25.07810702372661,JAIYI_videos_csv_files
240.04614371791945,27.87574784342374,JAIYI_videos_csv_files
240.07784553299047,32.44632543397097,JAIYI_videos_csv_files
240.10954734806148,35.32195167413047,JAIYI_videos_csv_files
240.14124916313253,38.86438752645313,JAIYI_videos_csv_files
240.17295097820357,38.37091450054668,JAIYI_videos_csv_files
240.20465279327465,39.53953965823245,JAIYI_videos_csv_files
240.2363546083457,31.02343873430418,JAIYI_videos_csv_files
240.2680564234167,28.434382253204024,JAIYI_videos_csv_files
240.29975823848773,27.14827914520454,JAIYI_videos_csv_files
240.33146005355877,25.154994968541697,JAIYI_videos_csv_files
240.36316186862985,24.05047358224272,JAIYI_videos_csv_files
240.3948636837009,23.606116817153303,JAIYI_videos_csv_files
240.4265654987719,23.89243809425445,JAIYI_videos_csv_files
240.45826731384295,23.874327035475925,JAIYI_videos_csv_files
240.48996912891397,25.09063066297976,JAIYI_videos_csv_files
240.521670943985,28.14171362953333,JAIYI_videos_csv_files
240.5533727590561,25.67060347636158,JAIYI_videos_csv_files
240.5850745741271,21.413405229552698,JAIYI_videos_csv_files
240.61677638919815,18.444049812410015,JAIYI_videos_csv_files
240.6484782042692,16.15873152902679,JAIYI_videos_csv_files
240.6801800193402,9.9419242210017,JAIYI_videos_csv_files
240.7118818344113,6.795619759590436,JAIYI_videos_csv_files
240.7435836494823,7.957014599422663,JAIYI_videos_csv_files
240.77528546455335,8.450675788203064,JAIYI_videos_csv_files
240.8069872796244,11.332878934502356,JAIYI_videos_csv_files
240.83868909469544,12.627400458266363,JAIYI_videos_csv_files
240.87039090976648,13.445094352403803,JAIYI_videos_csv_files
240.9020927248375,13.832864122556664,JAIYI_videos_csv_files
240.93379453990855,14.208415481686544,JAIYI_videos_csv_files
240.9654963549796,14.4253633873526,JAIYI_videos_csv_files
240.99719817005064,28.34736480283211,JAIYI_videos_csv_files
241.02889998512168,27.67980763578172,JAIYI_videos_csv_files
241.0606018001927,22.52084256793352,JAIYI_videos_csv_files
241.09230361526377,18.734242585940315,JAIYI_videos_csv_files
241.1240054303348,14.928071346497562,JAIYI_videos_csv_files
241.15570724540584,9.738708966379296,JAIYI_videos_csv_files
241.18740906047688,8.498903469321215,JAIYI_videos_csv_files
241.21911087554793,3.846107065808021,JAIYI_videos_csv_files
241.25081269061897,5.392017655754684,JAIYI_videos_csv_files
241.28251450569,9.25626588537949,JAIYI_videos_csv_files
241.31421632076103,10.399329707696175,JAIYI_videos_csv_files
241.34591813583208,11.5017758600082,JAIYI_videos_csv_files
241.37761995090312,14.120525185370749,JAIYI_videos_csv_files
241.40932176597417,10.5484680189567,JAIYI_videos_csv_files
241.4410235810452,15.485101406909983,JAIYI_videos_csv_files
241.47272539611623,14.159085761599322,JAIYI_videos_csv_files
241.50442721118728,11.494211708733426,JAIYI_videos_csv_files
241.53612902625832,9.509332914307716,JAIYI_videos_csv_files
241.56783084132937,8.897635439819153,JAIYI_videos_csv_files
241.5995326564004,5.582964986842228,JAIYI_videos_csv_files
241.63123447147143,4.044048461387083,JAIYI_videos_csv_files
241.66293628654248,4.883334315740344,JAIYI_videos_csv_files
241.69463810161352,5.335211107436638,JAIYI_videos_csv_files
241.72633991668457,5.539529849898726,JAIYI_videos_csv_files
241.7580417317556,6.057416634451602,JAIYI_videos_csv_files
241.78974354682663,5.308565762942703,JAIYI_videos_csv_files
241.82144536189767,9.75149587372408,JAIYI_videos_csv_files
241.85314717696872,9.9446830797715,JAIYI_videos_csv_files
241.88484899203976,11.754633908222072,JAIYI_videos_csv_files
241.9165508071108,11.0184066445005,JAIYI_videos_csv_files
241.94825262218183,11.135666727000864,JAIYI_videos_csv_files
241.9799544372529,13.424107961559978,JAIYI_videos_csv_files
242.01165625232392,9.81066551874859,JAIYI_videos_csv_files
242.04335806739496,4.09505884226889,JAIYI_videos_csv_files
242.075059882466,5.136887957631564,JAIYI_videos_csv_files
242.10676169753705,5.791310524440944,JAIYI_videos_csv_files
242.1384635126081,3.8497928740227567,JAIYI_videos_csv_files
242.17016532767911,4.896655299986327,JAIYI_videos_csv_files
242.20186714275016,3.2830700313441485,JAIYI_videos_csv_files
242.2335689578212,2.015334016311835,JAIYI_videos_csv_files
242.26527077289225,2.0649432222683224,JAIYI_videos_csv_files
242.2969725879633,1.974771008841249,JAIYI_videos_csv_files
242.3286744030343,1.5720004711728126,JAIYI_videos_csv_files
242.3603762181054,1.375439853926057,JAIYI_videos_csv_files
242.3920780331764,1.0355655561807529,JAIYI_videos_csv_files
242.42377984824745,1.33816727431141,JAIYI_videos_csv_files
242.4554816633185,2.53217292663794,JAIYI_videos_csv_files
242.4871834783895,1.2806365967168307,JAIYI_videos_csv_files
242.51888529346056,0.99138863916772,JAIYI_videos_csv_files
242.55058710853163,1.5987801892189617,JAIYI_videos_csv_files
242.58228892360265,1.6824808212395692,JAIYI_videos_csv_files
242.6139907386737,1.5553287827659923,JAIYI_videos_csv_files
242.6456925537447,1.30898658878173,JAIYI_videos_csv_files
242.67739436881575,1.178433796599685,JAIYI_videos_csv_files
242.70909618388683,0.8236155786418135,JAIYI_videos_csv_files
242.74079799895787,0.275084821151715,JAIYI_videos_csv_files
242.7724998140289,0.3180160939831469,JAIYI_videos_csv_files
242.8042016290999,0.9376959024043175,JAIYI_videos_csv_files
242.83590344417095,1.260886629881382,JAIYI_videos_csv_files
242.86760525924203,0.7477023245142677,JAIYI_videos_csv_files
242.89930707431307,0.9473162400298448,JAIYI_videos_csv_files
242.93100888938412,1.3249093002559882,JAIYI_videos_csv_files
242.96271070445513,1.154331564409957,JAIYI_videos_csv_files
242.99441251952615,1.1818612125933603,JAIYI_videos_csv_files
243.0261143345972,1.3472055368401503,JAIYI_videos_csv_files
243.05781614966827,1.2061435838258,JAIYI_videos_csv_files
243.08951796473931,1.0307625732053507,JAIYI_videos_csv_files
243.12121977981036,1.0128438233040156,JAIYI_videos_csv_files
243.15292159488135,0.9846283896719672,JAIYI_videos_csv_files
243.1846234099524,1.3928311550143688,JAIYI_videos_csv_files
243.21632522502347,1.2107377695380566,JAIYI_videos_csv_files
243.2480270400945,0.9613202695528632,JAIYI_videos_csv_files
243.27972885516556,1.5146027737029035,JAIYI_videos_csv_files
243.3114306702366,0.6080812597539089,JAIYI_videos_csv_files
243.3431324853076,0.595969460559791,JAIYI_videos_csv_files
243.37483430037867,0.4089862161783344,JAIYI_videos_csv_files
243.4065361154497,0.5543007304914268,JAIYI_videos_csv_files
243.43823793052076,0.6140015301969766,JAIYI_videos_csv_files
243.4699397455918,0.6053874910648842,JAIYI_videos_csv_files
243.50164156066285,0.5638565480887872,JAIYI_videos_csv_files
243.53334337573384,0.5968652057443607,JAIYI_videos_csv_files
243.5650451908049,0.716903870878822,JAIYI_videos_csv_files
243.59674700587595,0.8400793581663789,JAIYI_videos_csv_files
243.628448820947,1.3300511011933975,JAIYI_videos_csv_files
243.66015063601805,1.6877270330410434,JAIYI_videos_csv_files
243.6918524510891,0.8170018635623568,JAIYI_videos_csv_files
243.72355426616016,0.6212769403144843,JAIYI_videos_csv_files
243.75525608123115,0.6417496855125241,JAIYI_videos_csv_files
243.7869578963022,0.6287273654037131,JAIYI_videos_csv_files
243.81865971137324,0.6048699478880033,JAIYI_videos_csv_files
243.8503615264443,0.4430505111599103,JAIYI_videos_csv_files
243.88206334151533,0.2542835252980457,JAIYI_videos_csv_files
243.9137651565864,0.1761950548243885,JAIYI_videos_csv_files
243.9454669716574,0.1962812243773238,JAIYI_videos_csv_files
243.97716878672844,0.5390034976503906,JAIYI_videos_csv_files
244.0088706017995,0.6701631434174062,JAIYI_videos_csv_files
244.04057241687053,0.7278872945031566,JAIYI_videos_csv_files
244.0722742319416,0.8800422229847448,JAIYI_videos_csv_files
244.10397604701265,1.0845739427860088,JAIYI_videos_csv_files
244.13567786208364,1.236799991954101,JAIYI_videos_csv_files
244.16737967715468,1.1222178364971642,JAIYI_videos_csv_files
244.19908149222573,1.215352014170984,JAIYI_videos_csv_files
244.2307833072968,1.2800311688225487,JAIYI_videos_csv_files
244.26248512236785,1.3040545405209087,JAIYI_videos_csv_files
244.29418693743887,1.5721941601341658,JAIYI_videos_csv_files
244.32588875250988,1.506387447725705,JAIYI_videos_csv_files
244.35759056758093,1.5579748274407963,JAIYI_videos_csv_files
244.38929238265197,1.9402059628997288,JAIYI_videos_csv_files
244.42099419772305,2.4313003067336254,JAIYI_videos_csv_files
244.4526960127941,2.835783938083615,JAIYI_videos_csv_files
244.4843978278651,3.4420267645724776,JAIYI_videos_csv_files
244.51609964293613,3.95298377812841,JAIYI_videos_csv_files
244.54780145800717,4.769065054466375,JAIYI_videos_csv_files
244.57950327307825,6.101084640636765,JAIYI_videos_csv_files
244.6112050881493,6.765199943565171,JAIYI_videos_csv_files
244.6429069032203,7.020556675916448,JAIYI_videos_csv_files
244.67460871829135,16.521789298523778,JAIYI_videos_csv_files
244.70631053336237,17.671872913596477,JAIYI_videos_csv_files
244.7380123484334,17.715755786172043,JAIYI_videos_csv_files
244.7697141635045,15.922273463090796,JAIYI_videos_csv_files
244.8014159785755,15.035897388704274,JAIYI_videos_csv_files
244.83311779364655,11.084286746588742,JAIYI_videos_csv_files
244.8648196087176,4.74813588908131,JAIYI_videos_csv_files
244.8965214237886,2.8957946717217955,JAIYI_videos_csv_files
244.9282232388597,2.785648852891318,JAIYI_videos_csv_files
244.9599250539307,3.3544170607655235,JAIYI_videos_csv_files
244.99162686900175,2.9954078058787283,JAIYI_videos_csv_files
245.0233286840728,2.898315293938241,JAIYI_videos_csv_files
245.05503049914384,2.6008737725198423,JAIYI_videos_csv_files
245.08673231421488,1.4652169958143044,JAIYI_videos_csv_files
245.1184341292859,2.168447971255316,JAIYI_videos_csv_files
245.15013594435695,2.1424778145983163,JAIYI_videos_csv_files
245.181837759428,3.491214706638694,JAIYI_videos_csv_files
245.21353957449904,3.175197689055524,JAIYI_videos_csv_files
245.24524138957008,5.266312122388432,JAIYI_videos_csv_files
245.2769432046411,5.157488144020076,JAIYI_videos_csv_files
245.30864501971217,5.468254696364378,JAIYI_videos_csv_files
245.3403468347832,2.8301639206960103,JAIYI_videos_csv_files
245.37204864985424,3.5096497433536595,JAIYI_videos_csv_files
245.40375046492528,2.2402876074046065,JAIYI_videos_csv_files
245.43545227999633,2.0832174254646616,JAIYI_videos_csv_files
245.46715409506737,3.374383845477757,JAIYI_videos_csv_files
245.4988559101384,4.179280605979988,JAIYI_videos_csv_files
245.53055772520943,4.045947525769847,JAIYI_videos_csv_files
245.56225954028048,3.5992441597720344,JAIYI_videos_csv_files
245.59396135535152,3.5042037836304467,JAIYI_videos_csv_files
245.62566317042257,3.530344020775781,JAIYI_videos_csv_files
245.6573649854936,3.8339583633284513,JAIYI_videos_csv_files
245.68906680056463,4.441363390950858,JAIYI_videos_csv_files
245.72076861563568,4.60154915983178,JAIYI_videos_csv_files
245.75247043070672,4.635797361058689,JAIYI_videos_csv_files
245.78417224577777,4.63919728572174,JAIYI_videos_csv_files
245.8158740608488,4.643050812815446,JAIYI_videos_csv_files
245.84757587591983,4.641475986814651,JAIYI_videos_csv_files
245.87927769099088,5.449784164821425,JAIYI_videos_csv_files
245.91097950606192,7.006271080477132,JAIYI_videos_csv_files
245.94268132113297,11.93894763770722,JAIYI_videos_csv_files
245.974383136204,11.087796099195554,JAIYI_videos_csv_files
246.00608495127503,6.0217547468677965,JAIYI_videos_csv_files
246.03778676634607,9.172521866401004,JAIYI_videos_csv_files
246.06948858141712,9.07989396747817,JAIYI_videos_csv_files
246.10119039648816,8.70564545538226,JAIYI_videos_csv_files
246.1328922115592,9.168160452978109,JAIYI_videos_csv_files
246.16459402663023,9.702625655373538,JAIYI_videos_csv_files
246.1962958417013,6.880197309820418,JAIYI_videos_csv_files
246.22799765677232,3.05833293315986,JAIYI_videos_csv_files
246.25969947184336,2.835448312018982,JAIYI_videos_csv_files
246.2914012869144,8.894191250687932,JAIYI_videos_csv_files
246.32310310198545,11.954040640602956,JAIYI_videos_csv_files
246.3548049170565,13.465581931882582,JAIYI_videos_csv_files
246.38650673212751,17.746641429701196,JAIYI_videos_csv_files
246.41820854719856,16.636502191663865,JAIYI_videos_csv_files
246.4499103622696,12.5929374276525,JAIYI_videos_csv_files
246.48161217734065,11.096511726853254,JAIYI_videos_csv_files
246.5133139924117,11.803404689213954,JAIYI_videos_csv_files
246.5450158074827,10.232917835795032,JAIYI_videos_csv_files
246.5767176225538,10.054583477676577,JAIYI_videos_csv_files
246.6084194376248,6.832965811451239,JAIYI_videos_csv_files
246.64012125269585,11.35883045210812,JAIYI_videos_csv_files
246.6718230677669,11.378566211740512,JAIYI_videos_csv_files
246.7035248828379,13.33293156014428,JAIYI_videos_csv_files
246.73522669790896,19.925975931605823,JAIYI_videos_csv_files
246.76692851298003,18.9001891243622,JAIYI_videos_csv_files
246.79863032805105,14.612903692706965,JAIYI_videos_csv_files
246.8303321431221,10.906888747865937,JAIYI_videos_csv_files
246.8620339581931,12.555923573252686,JAIYI_videos_csv_files
246.89373577326415,5.145335142789039,JAIYI_videos_csv_files
246.92543758833523,0.3847065121263506,JAIYI_videos_csv_files
246.95713940340627,0.6826422660325423,JAIYI_videos_csv_files
246.9888412184773,7.972059364241095,JAIYI_videos_csv_files
247.0205430335483,6.486363052220663,JAIYI_videos_csv_files
247.05224484861935,4.042693309898832,JAIYI_videos_csv_files
247.08394666369043,1.8236465239370123,JAIYI_videos_csv_files
247.11564847876147,16.34931290439306,JAIYI_videos_csv_files
247.14735029383252,32.057242355918866,JAIYI_videos_csv_files
247.17905210890353,39.96091663086836,JAIYI_videos_csv_files
247.21075392397455,42.71639966654033,JAIYI_videos_csv_files
247.2424557390456,50.01324384821304,JAIYI_videos_csv_files
247.27415755411667,49.923544880872505,JAIYI_videos_csv_files
247.30585936918771,35.493008291668126,JAIYI_videos_csv_files
247.33756118425876,22.52261186309286,JAIYI_videos_csv_files
247.36926299932975,16.19283714810237,JAIYI_videos_csv_files
247.4009648144008,10.813992122052149,JAIYI_videos_csv_files
247.43266662947187,8.170393579570257,JAIYI_videos_csv_files
247.4643684445429,7.086825621058601,JAIYI_videos_csv_files
247.49607025961396,4.5747049753936615,JAIYI_videos_csv_files
247.527772074685,4.857204817807423,JAIYI_videos_csv_files
247.559473889756,4.728063048519494,JAIYI_videos_csv_files
247.59117570482707,3.4438129289617447,JAIYI_videos_csv_files
247.6228775198981,5.530025904266335,JAIYI_videos_csv_files
247.65457933496916,6.079059369472259,JAIYI_videos_csv_files
247.6862811500402,4.404997043500541,JAIYI_videos_csv_files
247.71798296511125,8.948877109235411,JAIYI_videos_csv_files
247.74968478018224,11.390159471984402,JAIYI_videos_csv_files
247.7813865952533,11.731880086240889,JAIYI_videos_csv_files
247.81308841032435,12.142540973807474,JAIYI_videos_csv_files
247.8447902253954,12.277255377166345,JAIYI_videos_csv_files
247.87649204046645,12.071749766788823,JAIYI_videos_csv_files
247.9081938555375,8.355944506717382,JAIYI_videos_csv_files
247.9398956706085,6.503353105303333,JAIYI_videos_csv_files
247.97159748567955,6.7973166981586655,JAIYI_videos_csv_files
248.0032993007506,7.730021029796026,JAIYI_videos_csv_files
248.03500111582164,6.808022423945285,JAIYI_videos_csv_files
248.0667029308927,8.823100919118428,JAIYI_videos_csv_files
248.09840474596373,9.259254638471566,JAIYI_videos_csv_files
248.13010656103475,9.641998343444936,JAIYI_videos_csv_files
248.1618083761058,10.656498411198717,JAIYI_videos_csv_files
248.19351019117684,9.786297356687212,JAIYI_videos_csv_files
248.2252120062479,8.781374945632468,JAIYI_videos_csv_files
248.25691382131893,9.09687223169074,JAIYI_videos_csv_files
248.28861563639,8.131311305713398,JAIYI_videos_csv_files
248.32031745146105,5.607271959303011,JAIYI_videos_csv_files
248.35201926653204,5.088380809348587,JAIYI_videos_csv_files
248.38372108160308,3.77361343624108,JAIYI_videos_csv_files
248.41542289667413,4.360306360543606,JAIYI_videos_csv_files
248.4471247117452,3.238396689432897,JAIYI_videos_csv_files
248.47882652681625,3.8270097678239554,JAIYI_videos_csv_files
248.51052834188727,3.844074915718799,JAIYI_videos_csv_files
248.54223015695828,4.076289419826699,JAIYI_videos_csv_files
248.57393197202933,4.17048832478558,JAIYI_videos_csv_files
248.60563378710037,4.079561455398112,JAIYI_videos_csv_files
248.63733560217145,4.685733273429357,JAIYI_videos_csv_files
248.6690374172425,6.265292345240561,JAIYI_videos_csv_files
248.7007392323135,9.016067708145089,JAIYI_videos_csv_files
248.73244104738453,7.770582697890973,JAIYI_videos_csv_files
248.76414286245557,5.340822415324325,JAIYI_videos_csv_files
248.79584467752665,5.933115996728108,JAIYI_videos_csv_files
248.8275464925977,9.373109971340291,JAIYI_videos_csv_files
248.8592483076687,8.67331191903258,JAIYI_videos_csv_files
248.89095012273975,8.347692358470592,JAIYI_videos_csv_files
248.92265193781077,8.6427783257763,JAIYI_videos_csv_files
248.9543537528818,8.70656414013756,JAIYI_videos_csv_files
248.9860555679529,8.197069742740284,JAIYI_videos_csv_files
249.0177573830239,8.18716240118785,JAIYI_videos_csv_files
249.04945919809495,4.691983429794724,JAIYI_videos_csv_files
249.081161013166,3.690849455930908,JAIYI_videos_csv_files
249.112862828237,2.9753008863994745,JAIYI_videos_csv_files
249.1445646433081,2.147003543446292,JAIYI_videos_csv_files
249.1762664583791,0.999385819756073,JAIYI_videos_csv_files
249.20796827345015,10.6824287266803,JAIYI_videos_csv_files
249.2396700885212,11.543819119398004,JAIYI_videos_csv_files
249.27137190359224,12.280012421380034,JAIYI_videos_csv_files
249.30307371866328,11.52426436698038,JAIYI_videos_csv_files
249.3347755337343,10.412202426180988,JAIYI_videos_csv_files
249.36647734880535,10.174789955874855,JAIYI_videos_csv_files
249.3981791638764,9.960403375271673,JAIYI_videos_csv_files
249.42988097894744,9.99218965755738,JAIYI_videos_csv_files
249.46158279401848,10.21484341508468,JAIYI_videos_csv_files
249.4932846090895,5.114706398381862,JAIYI_videos_csv_files
249.52498642416057,4.329158692668892,JAIYI_videos_csv_files
249.5566882392316,6.112548774807825,JAIYI_videos_csv_files
249.58839005430264,8.782009494171305,JAIYI_videos_csv_files
249.62009186937368,15.681459980650247,JAIYI_videos_csv_files
249.65179368444473,15.138789675253353,JAIYI_videos_csv_files
249.68349549951577,10.825730062329567,JAIYI_videos_csv_files
249.7151973145868,9.08407937637412,JAIYI_videos_csv_files
249.74689912965783,8.216643564367478,JAIYI_videos_csv_files
249.77860094472888,8.093431870584993,JAIYI_videos_csv_files
249.81030275979992,8.363033568876745,JAIYI_videos_csv_files
249.84200457487097,11.221756101051817,JAIYI_videos_csv_files
249.873706389942,7.616495759158907,JAIYI_videos_csv_files
249.90540820501303,5.796380771715001,JAIYI_videos_csv_files
249.93711002008408,5.117408781093822,JAIYI_videos_csv_files
249.96881183515512,4.77476730936601,JAIYI_videos_csv_files
250.00051365022617,1.0287998746189515,JAIYI_videos_csv_files
250.0322154652972,4.4549796674203614,JAIYI_videos_csv_files
250.06391728036823,2.9704054039822765,JAIYI_videos_csv_files
250.09561909543928,1.492485496969676,JAIYI_videos_csv_files
250.12732091051032,1.5997957573612698,JAIYI_videos_csv_files
250.15902272558137,2.3574534428833966,JAIYI_videos_csv_files
250.1907245406524,2.9155784212606006,JAIYI_videos_csv_files
250.22242635572343,3.9056248955551736,JAIYI_videos_csv_files
250.25412817079447,10.40072152393238,JAIYI_videos_csv_files
250.28582998586552,9.77526057053146,JAIYI_videos_csv_files
250.31753180093656,6.429892890362791,JAIYI_videos_csv_files
250.3492336160076,5.979079863035905,JAIYI_videos_csv_files
250.38093543107863,6.039482551499345,JAIYI_videos_csv_files
250.4126372461497,2.224760826437927,JAIYI_videos_csv_files
250.44433906122072,1.05275265501032,JAIYI_videos_csv_files
250.47604087629176,2.2078596557369945,JAIYI_videos_csv_files
250.5077426913628,5.390133750821167,JAIYI_videos_csv_files
250.53944450643385,7.174478448489981,JAIYI_videos_csv_files
250.5711463215049,7.968115422592184,JAIYI_videos_csv_files
250.60284813657591,7.822852517021826,JAIYI_videos_csv_files
250.63454995164696,8.633730346732854,JAIYI_videos_csv_files
250.666251766718,9.384456912087382,JAIYI_videos_csv_files
250.69795358178905,9.398032326707694,JAIYI_videos_csv_files
250.7296553968601,7.294981448015584,JAIYI_videos_csv_files
250.7613572119311,5.439933021374576,JAIYI_videos_csv_files
250.7930590270022,2.4413998890548503,JAIYI_videos_csv_files
250.8247608420732,2.7819163883984217,JAIYI_videos_csv_files
250.85646265714425,1.2319444767490484,JAIYI_videos_csv_files
250.8881644722153,0.9329848354370148,JAIYI_videos_csv_files
250.9198662872863,2.031479375248046,JAIYI_videos_csv_files
250.95156810235736,4.413353113410289,JAIYI_videos_csv_files
250.98326991742843,5.040428274892963,JAIYI_videos_csv_files
251.01497173249945,4.985957743308701,JAIYI_videos_csv_files
251.0466735475705,5.150661874208875,JAIYI_videos_csv_files
251.0783753626415,2.1394104066587047,JAIYI_videos_csv_files
251.11007717771255,3.547709314472228,JAIYI_videos_csv_files
251.14177899278363,4.855052726301,JAIYI_videos_csv_files
251.17348080785467,6.830658201976856,JAIYI_videos_csv_files
251.2051826229257,6.436174062736783,JAIYI_videos_csv_files
251.2368844379967,4.9642333143987365,JAIYI_videos_csv_files
251.26858625306775,6.101402796086643,JAIYI_videos_csv_files
251.30028806813883,1.5357360686484542,JAIYI_videos_csv_files
251.33198988320987,3.280023411558408,JAIYI_videos_csv_files
251.36369169828092,5.155026805492921,JAIYI_videos_csv_files
251.39539351335193,4.629148643702605,JAIYI_videos_csv_files
251.42709532842295,5.432573890548501,JAIYI_videos_csv_files
251.458797143494,5.696926841184922,JAIYI_videos_csv_files
251.49049895856507,6.474416709062104,JAIYI_videos_csv_files
251.52220077363611,7.435686024742804,JAIYI_videos_csv_files
251.55390258870716,4.564976900341668,JAIYI_videos_csv_files
251.58560440377815,2.6955197351106888,JAIYI_videos_csv_files
251.6173062188492,3.0104625030150225,JAIYI_videos_csv_files
251.64900803392027,3.924746919240883,JAIYI_videos_csv_files
251.6807098489913,1.2914811512718811,JAIYI_videos_csv_files
251.71241166406236,3.29366157009765,JAIYI_videos_csv_files
251.7441134791334,3.3161095180871305,JAIYI_videos_csv_files
251.7758152942044,1.837904031532977,JAIYI_videos_csv_files
251.80751710927547,2.034411911045437,JAIYI_videos_csv_files
251.8392189243465,1.4098692863549318,JAIYI_videos_csv_files
251.87092073941756,1.448589153599698,JAIYI_videos_csv_files
251.9026225544886,3.486161226010108,JAIYI_videos_csv_files
251.93432436955965,5.455230957689986,JAIYI_videos_csv_files
251.96602618463064,4.244575343210407,JAIYI_videos_csv_files
251.9977279997017,2.8090568301713668,JAIYI_videos_csv_files
252.02942981477275,3.746697183834462,JAIYI_videos_csv_files
252.0611316298438,4.1354283460162495,JAIYI_videos_csv_files
252.09283344491485,1.2000213843859466,JAIYI_videos_csv_files
252.1245352599859,1.4817161870724225,JAIYI_videos_csv_files
252.1562370750569,3.1617385180375157,JAIYI_videos_csv_files
252.18793889012795,1.2684280553589469,JAIYI_videos_csv_files
252.219640705199,0.9993599218061028,JAIYI_videos_csv_files
252.25134252027004,1.1965967051884658,JAIYI_videos_csv_files
252.2830443353411,1.3665490903765478,JAIYI_videos_csv_files
252.31474615041213,1.6895761469671409,JAIYI_videos_csv_files
252.34644796548315,2.2520397323857173,JAIYI_videos_csv_files
252.3781497805542,2.4231854459498474,JAIYI_videos_csv_files
252.40985159562524,0.9292798609027476,JAIYI_videos_csv_files
252.4415534106963,0.6405563391838268,JAIYI_videos_csv_files
252.47325522576733,0.8516268980279069,JAIYI_videos_csv_files
252.5049570408384,1.1478208919478294,JAIYI_videos_csv_files
252.5366588559094,0.8038280375182915,JAIYI_videos_csv_files
252.56836067098044,0.7304893537535885,JAIYI_videos_csv_files
252.60006248605148,1.9785699327465376,JAIYI_videos_csv_files
252.63176430112253,1.8232424615683076,JAIYI_videos_csv_files
252.6634661161936,1.8695011611581147,JAIYI_videos_csv_files
252.69516793126465,2.008272114164922,JAIYI_videos_csv_files
252.72686974633564,1.581167577852692,JAIYI_videos_csv_files
252.75857156140668,1.2811777621304168,JAIYI_videos_csv_files
252.79027337647773,1.3285122266382774,JAIYI_videos_csv_files
252.82197519154877,1.1032955022633046,JAIYI_videos_csv_files
252.85367700661985,0.8735305047739651,JAIYI_videos_csv_files
252.8853788216909,0.755574960801435,JAIYI_videos_csv_files
252.9170806367619,0.792433254585765,JAIYI_videos_csv_files
252.94878245183293,0.8655680281987441,JAIYI_videos_csv_files
252.98048426690397,7.289985512076536,JAIYI_videos_csv_files
253.01218608197505,11.766563188292436,JAIYI_videos_csv_files
253.0438878970461,35.390783318697764,JAIYI_videos_csv_files
253.0755897121171,42.55889239467383,JAIYI_videos_csv_files
253.10729152718815,47.2693996161016,JAIYI_videos_csv_files
253.13899334225917,53.792702075930784,JAIYI_videos_csv_files
253.1706951573302,59.22727604670354,JAIYI_videos_csv_files
253.2023969724013,59.695793028541424,JAIYI_videos_csv_files
253.2340987874723,58.67863076455836,JAIYI_videos_csv_files
253.26580060254335,69.94297027411658,JAIYI_videos_csv_files
253.2975024176144,74.49382118993006,JAIYI_videos_csv_files
253.3292042326854,73.31762691737237,JAIYI_videos_csv_files
253.3609060477565,71.6254730102653,JAIYI_videos_csv_files
253.3926078628275,69.5805727548293,JAIYI_videos_csv_files
253.42430967789855,68.8741108413861,JAIYI_videos_csv_files
253.4560114929696,67.24832867458422,JAIYI_videos_csv_files
253.48771330804064,63.74529308867383,JAIYI_videos_csv_files
253.51941512311168,61.40165038462524,JAIYI_videos_csv_files
253.5511169381827,58.82333285422472,JAIYI_videos_csv_files
253.58281875325375,57.07419410355727,JAIYI_videos_csv_files
253.6145205683248,53.79004477396758,JAIYI_videos_csv_files
253.64622238339584,52.81081153021388,JAIYI_videos_csv_files
253.67792419846688,52.227465673041614,JAIYI_videos_csv_files
253.7096260135379,48.35461391920584,JAIYI_videos_csv_files
253.74132782860897,46.06088849343657,JAIYI_videos_csv_files
253.77302964368,44.51676556269189,JAIYI_videos_csv_files
253.80473145875104,43.76986785363737,JAIYI_videos_csv_files
253.83643327382208,45.08811445875962,JAIYI_videos_csv_files
253.86813508889313,46.19927275263659,JAIYI_videos_csv_files
253.89983690396417,45.37731935954281,JAIYI_videos_csv_files
253.9315387190352,42.91754572551503,JAIYI_videos_csv_files
253.96324053410623,33.71644706083136,JAIYI_videos_csv_files
253.99494234917728,36.15839038016953,JAIYI_videos_csv_files
254.02664416424832,37.96807623966315,JAIYI_videos_csv_files
254.05834597931937,41.63993548514586,JAIYI_videos_csv_files
254.0900477943904,39.56762641205768,JAIYI_videos_csv_files
254.12174960946143,41.58439020159978,JAIYI_videos_csv_files
254.15345142453248,41.410221227954445,JAIYI_videos_csv_files
254.18515323960352,43.53929608196989,JAIYI_videos_csv_files
254.21685505467457,48.14191466007637,JAIYI_videos_csv_files
254.2485568697456,50.28298015284081,JAIYI_videos_csv_files
254.28025868481663,53.23058282514484,JAIYI_videos_csv_files
254.31196049988768,56.32846084576123,JAIYI_videos_csv_files
254.34366231495872,36.91612668195329,JAIYI_videos_csv_files
254.37536413002977,37.87231946173496,JAIYI_videos_csv_files
254.4070659451008,38.504651790035936,JAIYI_videos_csv_files
254.43876776017183,34.35500712564214,JAIYI_videos_csv_files
254.47046957524287,25.31129154931784,JAIYI_videos_csv_files
254.50217139031392,16.776648763057977,JAIYI_videos_csv_files
254.53387320538496,14.96969791954036,JAIYI_videos_csv_files
254.565575020456,16.71750451682393,JAIYI_videos_csv_files
254.59727683552703,21.52868569431032,JAIYI_videos_csv_files
254.6289786505981,26.43359113667984,JAIYI_videos_csv_files
254.66068046566912,30.2254618957548,JAIYI_videos_csv_files
254.69238228074016,33.66543935841855,JAIYI_videos_csv_files
254.7240840958112,40.46124361830182,JAIYI_videos_csv_files
254.75578591088225,41.7353662945607,JAIYI_videos_csv_files
254.7874877259533,39.7097444900636,JAIYI_videos_csv_files
254.81918954102431,35.34826728902688,JAIYI_videos_csv_files
254.85089135609536,30.75565837559589,JAIYI_videos_csv_files
254.8825931711664,23.287226595758323,JAIYI_videos_csv_files
254.91429498623745,16.971030005711967,JAIYI_videos_csv_files
254.9459968013085,14.780290038387951,JAIYI_videos_csv_files
254.9776986163795,11.29071809233137,JAIYI_videos_csv_files
255.0094004314506,9.623591547296728,JAIYI_videos_csv_files
255.0411022465216,8.991866982320598,JAIYI_videos_csv_files
255.07280406159265,8.203672640751343,JAIYI_videos_csv_files
255.1045058766637,10.542017118496172,JAIYI_videos_csv_files
255.1362076917347,14.081672644017686,JAIYI_videos_csv_files
255.16790950680576,16.90918626963788,JAIYI_videos_csv_files
255.19961132187683,18.182741747184167,JAIYI_videos_csv_files
255.23131313694785,18.9384657709599,JAIYI_videos_csv_files
255.2630149520189,18.153902746214072,JAIYI_videos_csv_files
255.2947167670899,18.541018794063618,JAIYI_videos_csv_files
255.32641858216095,15.587120373722362,JAIYI_videos_csv_files
255.35812039723203,7.910699559197473,JAIYI_videos_csv_files
255.38982221230307,6.393904108009459,JAIYI_videos_csv_files
255.4215240273741,6.590360485912872,JAIYI_videos_csv_files
255.4532258424451,6.317432491463774,JAIYI_videos_csv_files
255.48492765751615,6.21051514098689,JAIYI_videos_csv_files
255.51662947258723,5.308788753742021,JAIYI_videos_csv_files
255.54833128765827,6.334449515393325,JAIYI_videos_csv_files
255.58003310272932,10.772484594278156,JAIYI_videos_csv_files
255.61173491780033,13.192444088322768,JAIYI_videos_csv_files
255.64343673287135,14.286487230280256,JAIYI_videos_csv_files
255.6751385479424,15.449659467998249,JAIYI_videos_csv_files
255.70684036301347,16.723800603188035,JAIYI_videos_csv_files
255.73854217808451,17.695747585414715,JAIYI_videos_csv_files
255.77024399315556,8.744371834115235,JAIYI_videos_csv_files
255.80194580822655,5.424906907199461,JAIYI_videos_csv_files
255.8336476232976,3.8246735626038095,JAIYI_videos_csv_files
255.86534943836867,2.971599261634874,JAIYI_videos_csv_files
255.8970512534397,3.1032732665609086,JAIYI_videos_csv_files
255.92875306851076,3.5570907484542302,JAIYI_videos_csv_files
255.9604548835818,4.198145738789874,JAIYI_videos_csv_files
255.9921566986528,5.2792465749422375,JAIYI_videos_csv_files
256.0238585137239,9.232016459163235,JAIYI_videos_csv_files
256.0555603287949,14.856006897022493,JAIYI_videos_csv_files
256.0872621438659,13.642678247276496,JAIYI_videos_csv_files
256.118963958937,15.261415890176046,JAIYI_videos_csv_files
256.150665774008,14.32890733452906,JAIYI_videos_csv_files
256.1823675890791,15.270171091920794,JAIYI_videos_csv_files
256.2140694041501,15.419236711025812,JAIYI_videos_csv_files
256.2457712192212,13.855215974845262,JAIYI_videos_csv_files
256.2774730342922,10.291188363949848,JAIYI_videos_csv_files
256.3091748493632,7.662784572397423,JAIYI_videos_csv_files
256.3408766644343,4.094281309977962,JAIYI_videos_csv_files
256.3725784795053,6.06484847990173,JAIYI_videos_csv_files
256.4042802945764,6.048218079330163,JAIYI_videos_csv_files
256.4359821096474,5.591369612428589,JAIYI_videos_csv_files
256.4676839247184,5.317755352884616,JAIYI_videos_csv_files
256.4993857397895,5.862152898331432,JAIYI_videos_csv_files
256.5310875548605,5.896223583081293,JAIYI_videos_csv_files
256.5627893699316,8.592662353890193,JAIYI_videos_csv_files
256.5944911850026,9.033269633494308,JAIYI_videos_csv_files
256.62619300007367,13.552009462066373,JAIYI_videos_csv_files
256.6578948151447,17.90903804408389,JAIYI_videos_csv_files
256.6895966302157,18.211888698393484,JAIYI_videos_csv_files
256.7212984452868,16.434608134993905,JAIYI_videos_csv_files
256.7530002603578,10.98366684514296,JAIYI_videos_csv_files
256.78470207542887,5.196913421497739,JAIYI_videos_csv_files
256.8164038904999,4.0237689868048445,JAIYI_videos_csv_files
256.8481057055709,5.951699103258218,JAIYI_videos_csv_files
256.879807520642,7.036405891919627,JAIYI_videos_csv_files
256.911509335713,6.900528314296439,JAIYI_videos_csv_files
256.94321115078407,6.232319463909351,JAIYI_videos_csv_files
256.9749129658551,6.292343328852638,JAIYI_videos_csv_files
257.00661478092616,6.801771076125776,JAIYI_videos_csv_files
257.0383165959972,14.947304501176012,JAIYI_videos_csv_files
257.0700184110682,19.13486167448592,JAIYI_videos_csv_files
257.10172022613926,18.17074834576426,JAIYI_videos_csv_files
257.1334220412103,16.13819119768607,JAIYI_videos_csv_files
257.16512385628135,13.790006246880314,JAIYI_videos_csv_files
257.19682567135237,13.20507175454436,JAIYI_videos_csv_files
257.2285274864234,3.7208957471844912,JAIYI_videos_csv_files
257.26022930149446,3.627484116244304,JAIYI_videos_csv_files
257.2919311165655,3.244775148836929,JAIYI_videos_csv_files
257.32363293163655,3.707254413976882,JAIYI_videos_csv_files
257.35533474670757,3.549635290246265,JAIYI_videos_csv_files
257.38703656177864,3.5167774771342466,JAIYI_videos_csv_files
257.41873837684966,3.447968348837596,JAIYI_videos_csv_files
257.4504401919207,3.7376679982831633,JAIYI_videos_csv_files
257.48214200699175,3.837091459226539,JAIYI_videos_csv_files
257.51384382206277,4.11850542110578,JAIYI_videos_csv_files
257.54554563713384,7.836770837027645,JAIYI_videos_csv_files
257.57724745220486,8.606970344170566,JAIYI_videos_csv_files
257.60894926727593,7.157871754401641,JAIYI_videos_csv_files
257.64065108234695,4.934952124955056,JAIYI_videos_csv_files
257.67235289741797,3.5913842511239764,JAIYI_videos_csv_files
257.70405471248904,2.9357220574758243,JAIYI_videos_csv_files
257.73575652756006,0.1619872247362094,JAIYI_videos_csv_files
257.76745834263113,1.5535737513494896,JAIYI_videos_csv_files
257.79916015770215,1.2531507210373536,JAIYI_videos_csv_files
257.83086197277316,0.5703562592847254,JAIYI_videos_csv_files
257.86256378784424,0.7055362390717753,JAIYI_videos_csv_files
257.89426560291525,1.1219606250750167,JAIYI_videos_csv_files
257.9259674179863,1.3371353049304948,JAIYI_videos_csv_files
257.95766923305735,1.451849773884652,JAIYI_videos_csv_files
257.9893710481284,1.546018777208896,JAIYI_videos_csv_files
258.02107286319944,0.7304724737401814,JAIYI_videos_csv_files
258.05277467827045,1.8188553259955684,JAIYI_videos_csv_files
258.0844764933415,1.0682252200106994,JAIYI_videos_csv_files
258.11617830841254,0.9678665347575292,JAIYI_videos_csv_files
258.1478801234836,1.4146279848889038,JAIYI_videos_csv_files
258.17958193855463,1.9496102708858587,JAIYI_videos_csv_files
258.21128375362565,3.0074239184613454,JAIYI_videos_csv_files
258.2429855686967,1.9987553668119276,JAIYI_videos_csv_files
258.27468738376774,1.1227382543941118,JAIYI_videos_csv_files
258.3063891988388,0.7968649480376978,JAIYI_videos_csv_files
258.33809101390983,0.970703203216168,JAIYI_videos_csv_files
258.3697928289809,1.605084912890257,JAIYI_videos_csv_files
258.4014946440519,2.023334582449676,JAIYI_videos_csv_files
258.43319645912294,3.6172655967631537,JAIYI_videos_csv_files
258.464898274194,4.206297050997026,JAIYI_videos_csv_files
258.49660008926503,4.210010565278177,JAIYI_videos_csv_files
258.5283019043361,5.187170470082171,JAIYI_videos_csv_files
258.5600037194071,5.9321414215378026,JAIYI_videos_csv_files
258.59170553447814,6.089454704779176,JAIYI_videos_csv_files
258.6234073495492,4.380831609533725,JAIYI_videos_csv_files
258.6551091646202,4.129362118215687,JAIYI_videos_csv_files
258.6868109796913,4.986033130209665,JAIYI_videos_csv_files
258.7185127947623,3.546039258414967,JAIYI_videos_csv_files
258.7502146098334,2.5069718719857184,JAIYI_videos_csv_files
258.7819164249044,2.239000226285886,JAIYI_videos_csv_files
258.8136182399754,2.132644814392544,JAIYI_videos_csv_files
258.8453200550465,4.384381643210677,JAIYI_videos_csv_files
258.8770218701175,9.70946953099524,JAIYI_videos_csv_files
258.9087236851886,9.29105033631936,JAIYI_videos_csv_files
258.9404255002596,2.196903235818492,JAIYI_videos_csv_files
258.9721273153306,0.2321833386590304,JAIYI_videos_csv_files
259.0038291304017,0.3066715712297273,JAIYI_videos_csv_files
259.0355309454727,0.2533410799979119,JAIYI_videos_csv_files
259.0672327605438,1.1306863931891136,JAIYI_videos_csv_files
259.0989345756148,1.1575341548267273,JAIYI_videos_csv_files
259.1306363906859,1.0274180611298658,JAIYI_videos_csv_files
259.1623382057569,2.147317203638932,JAIYI_videos_csv_files
259.1940400208279,0.8439039110868313,JAIYI_videos_csv_files
259.225741835899,1.3004077682686916,JAIYI_videos_csv_files
259.25744365097,1.095593114663735,JAIYI_videos_csv_files
259.2891454660411,1.4084036389657528,JAIYI_videos_csv_files
259.3208472811121,1.2258833914279046,JAIYI_videos_csv_files
259.3525490961831,1.409040108371047,JAIYI_videos_csv_files
259.3842509112542,1.309741072020948,JAIYI_videos_csv_files
259.4159527263252,2.874758187615637,JAIYI_videos_csv_files
259.4476545413963,1.8954345030906856,JAIYI_videos_csv_files
259.4793563564673,1.6174506271545614,JAIYI_videos_csv_files
259.51105817153837,1.7628728298816017,JAIYI_videos_csv_files
259.5427599866094,1.967832941147236,JAIYI_videos_csv_files
259.5744618016804,2.0781002640343966,JAIYI_videos_csv_files
259.6061636167515,2.4853275053891406,JAIYI_videos_csv_files
259.6378654318225,3.499133097785465,JAIYI_videos_csv_files
259.66956724689356,4.915055448199073,JAIYI_videos_csv_files
259.7012690619646,5.950602135966568,JAIYI_videos_csv_files
259.7329708770356,6.0386659055090535,JAIYI_videos_csv_files
259.76467269210667,8.170383752409434,JAIYI_videos_csv_files
259.7963745071777,9.804949583393562,JAIYI_videos_csv_files
259.82807632224876,12.56671287683906,JAIYI_videos_csv_files
259.8597781373198,20.73149894486574,JAIYI_videos_csv_files
259.89147995239085,39.30579980683244,JAIYI_videos_csv_files
259.92318176746187,50.64204496704315,JAIYI_videos_csv_files
259.9548835825329,70.11722827259374,JAIYI_videos_csv_files
259.98658539760396,73.25960024825628,JAIYI_videos_csv_files
260.018287212675,71.6626455896469,JAIYI_videos_csv_files
260.04998902774605,65.7559627625942,JAIYI_videos_csv_files
260.08169084281707,64.72542456493765,JAIYI_videos_csv_files
260.1133926578881,66.09787354509162,JAIYI_videos_csv_files
260.14509447295916,74.06909877147517,JAIYI_videos_csv_files
260.1767962880302,79.47122675613166,JAIYI_videos_csv_files
260.20849810310125,82.26972630444493,JAIYI_videos_csv_files
260.24019991817227,78.19821025175567,JAIYI_videos_csv_files
260.27190173324334,70.4120570917187,JAIYI_videos_csv_files
260.30360354831436,66.3523725385048,JAIYI_videos_csv_files
260.3353053633854,63.56467277077934,JAIYI_videos_csv_files
260.36700717845645,59.41811237827393,JAIYI_videos_csv_files
260.39870899352746,51.727466578143655,JAIYI_videos_csv_files
260.43041080859854,49.58806749772695,JAIYI_videos_csv_files
260.46211262366955,46.64892778674725,JAIYI_videos_csv_files
260.49381443874057,44.81566670853236,JAIYI_videos_csv_files
260.52551625381165,43.91003598780794,JAIYI_videos_csv_files
260.55721806888266,43.05067719222759,JAIYI_videos_csv_files
260.58891988395374,42.04030011680792,JAIYI_videos_csv_files
260.62062169902475,39.41839480660388,JAIYI_videos_csv_files
260.6523235140958,40.63064139590916,JAIYI_videos_csv_files
260.68402532916684,41.61598224285468,JAIYI_videos_csv_files
260.71572714423786,49.76759232249263,JAIYI_videos_csv_files
260.74742895930893,56.38777352905182,JAIYI_videos_csv_files
260.77913077437995,59.02824942878125,JAIYI_videos_csv_files
260.810832589451,65.10453661931165,JAIYI_videos_csv_files
260.84253440452204,67.70746546449601,JAIYI_videos_csv_files
260.87423621959306,67.34573517009677,JAIYI_videos_csv_files
260.90593803466413,64.68774705189499,JAIYI_videos_csv_files
260.93763984973515,54.875417195399706,JAIYI_videos_csv_files
260.9693416648062,48.93301866293768,JAIYI_videos_csv_files
261.00104347987724,46.28265530436845,JAIYI_videos_csv_files
261.0327452949483,48.71332642580301,JAIYI_videos_csv_files
261.06444711001933,49.31709350616124,JAIYI_videos_csv_files
261.09614892509035,48.73503401350428,JAIYI_videos_csv_files
261.1278507401614,48.636981643058014,JAIYI_videos_csv_files
261.15955255523244,49.00432930891257,JAIYI_videos_csv_files
261.1912543703035,48.96862446089007,JAIYI_videos_csv_files
261.2229561853745,55.69120115403286,JAIYI_videos_csv_files
261.25465800044554,59.69942741628352,JAIYI_videos_csv_files
261.2863598155166,63.26240652202728,JAIYI_videos_csv_files
261.31806163058764,65.99127065071319,JAIYI_videos_csv_files
261.3497634456587,67.30678054391016,JAIYI_videos_csv_files
261.3814652607297,72.88997764242163,JAIYI_videos_csv_files
261.4131670758008,78.93424314990507,JAIYI_videos_csv_files
261.4448688908718,74.11210290772489,JAIYI_videos_csv_files
261.47657070594283,69.27264445547301,JAIYI_videos_csv_files
261.5082725210139,65.03769273731567,JAIYI_videos_csv_files
261.5399743360849,57.61347174623828,JAIYI_videos_csv_files
261.571676151156,44.988969473222696,JAIYI_videos_csv_files
261.603377966227,43.80938889796622,JAIYI_videos_csv_files
261.63507978129803,39.61050644900043,JAIYI_videos_csv_files
261.6667815963691,40.39211124131759,JAIYI_videos_csv_files
261.6984834114401,41.65224181899612,JAIYI_videos_csv_files
261.7301852265112,42.6063775909672,JAIYI_videos_csv_files
261.7618870415822,44.23431523835197,JAIYI_videos_csv_files
261.7935888566533,44.16374374585535,JAIYI_videos_csv_files
261.8252906717243,45.59231696708888,JAIYI_videos_csv_files
261.8569924867953,53.95064673091534,JAIYI_videos_csv_files
261.8886943018664,59.21108702214203,JAIYI_videos_csv_files
261.9203961169374,53.61657970785157,JAIYI_videos_csv_files
261.9520979320085,54.40423264772608,JAIYI_videos_csv_files
261.9837997470795,56.41259180845276,JAIYI_videos_csv_files
262.0155015621506,60.429808735228846,JAIYI_videos_csv_files
262.0472033772216,58.65966066975569,JAIYI_videos_csv_files
262.0789051922926,61.71494900262279,JAIYI_videos_csv_files
262.1106070073637,58.671988303553725,JAIYI_videos_csv_files
262.1423088224347,44.69439288408749,JAIYI_videos_csv_files
262.1740106375058,34.63258857539995,JAIYI_videos_csv_files
262.2057124525768,32.68926167000921,JAIYI_videos_csv_files
262.2374142676478,30.691019851189573,JAIYI_videos_csv_files
262.2691160827189,29.931728504217755,JAIYI_videos_csv_files
262.3008178977899,28.1052697860515,JAIYI_videos_csv_files
262.332519712861,27.37274067758977,JAIYI_videos_csv_files
262.364221527932,27.93563188318952,JAIYI_videos_csv_files
262.39592334300306,17.778340150691196,JAIYI_videos_csv_files
262.4276251580741,12.82468475454212,JAIYI_videos_csv_files
262.4593269731451,11.192685188947843,JAIYI_videos_csv_files
262.49102878821617,8.470922735745711,JAIYI_videos_csv_files
262.5227306032872,9.49523686048482,JAIYI_videos_csv_files
262.55443241835826,14.358027999328051,JAIYI_videos_csv_files
262.5861342334293,19.652195553806123,JAIYI_videos_csv_files
262.6178360485003,22.67433408883962,JAIYI_videos_csv_files
262.64953786357137,26.804542778610347,JAIYI_videos_csv_files
262.6812396786424,31.589623457748484,JAIYI_videos_csv_files
262.71294149371346,27.91267340276054,JAIYI_videos_csv_files
262.7446433087845,25.213564714700965,JAIYI_videos_csv_files
262.77634512385555,24.105407052666106,JAIYI_videos_csv_files
262.80804693892657,23.382629743773684,JAIYI_videos_csv_files
262.8397487539976,22.99937275388657,JAIYI_videos_csv_files
262.87145056906866,23.08035442050518,JAIYI_videos_csv_files
262.9031523841397,22.48912373551589,JAIYI_videos_csv_files
262.93485419921075,25.74742738661603,JAIYI_videos_csv_files
262.96655601428176,22.424988091593853,JAIYI_videos_csv_files
262.9982578293528,19.07368023205068,JAIYI_videos_csv_files
263.02995964442385,17.43136798438841,JAIYI_videos_csv_files
263.06166145949487,17.934615946030537,JAIYI_videos_csv_files
263.09336327456595,18.965083758709188,JAIYI_videos_csv_files
263.12506508963696,19.530839659293303,JAIYI_videos_csv_files
263.15676690470804,8.140294262299802,JAIYI_videos_csv_files
263.18846871977905,6.831006674553504,JAIYI_videos_csv_files
263.22017053485007,4.649078771460271,JAIYI_videos_csv_files
263.25187234992114,4.347637806838733,JAIYI_videos_csv_files
263.28357416499216,5.338337366031992,JAIYI_videos_csv_files
263.31527598006323,6.00853613950079,JAIYI_videos_csv_files
263.34697779513425,7.175420698235604,JAIYI_videos_csv_files
263.37867961020527,7.743988527442543,JAIYI_videos_csv_files
263.41038142527634,9.479410113527718,JAIYI_videos_csv_files
263.44208324034736,12.126073218242237,JAIYI_videos_csv_files
263.47378505541843,24.514687220269707,JAIYI_videos_csv_files
263.50548687048945,28.743455710531563,JAIYI_videos_csv_files
263.5371886855605,26.176165502189747,JAIYI_videos_csv_files
263.56889050063154,21.603830945204106,JAIYI_videos_csv_files
263.60059231570256,17.69062116373751,JAIYI_videos_csv_files
263.63229413077363,18.16416621502733,JAIYI_videos_csv_files
263.66399594584465,18.098446364248435,JAIYI_videos_csv_files
263.6956977609157,15.11079622533184,JAIYI_videos_csv_files
263.72739957598674,14.659995372316944,JAIYI_videos_csv_files
263.75910139105775,14.326176879640368,JAIYI_videos_csv_files
263.7908032061288,12.737663811852553,JAIYI_videos_csv_files
263.82250502119985,13.384894575534966,JAIYI_videos_csv_files
263.8542068362709,11.990919239777469,JAIYI_videos_csv_files
263.88590865134194,11.922002604142138,JAIYI_videos_csv_files
263.917610466413,12.118060189573695,JAIYI_videos_csv_files
263.949312281484,12.225290183132495,JAIYI_videos_csv_files
263.98101409655504,12.25977469715469,JAIYI_videos_csv_files
264.0127159116261,9.594148240808776,JAIYI_videos_csv_files
264.04441772669713,12.540046725188825,JAIYI_videos_csv_files
264.0761195417682,12.152868124427146,JAIYI_videos_csv_files
264.1078213568392,15.83162520458547,JAIYI_videos_csv_files
264.13952317191024,15.854845021571762,JAIYI_videos_csv_files
264.1712249869813,14.67483506976792,JAIYI_videos_csv_files
264.20292680205233,11.483660954073382,JAIYI_videos_csv_files
264.2346286171234,11.66227667114554,JAIYI_videos_csv_files
264.2663304321944,5.443435696431028,JAIYI_videos_csv_files
264.2980322472655,10.857197922913736,JAIYI_videos_csv_files
264.3297340623365,11.660771033731884,JAIYI_videos_csv_files
264.36143587740753,12.337643610410208,JAIYI_videos_csv_files
264.3931376924786,11.821900720334504,JAIYI_videos_csv_files
264.4248395075496,10.926618621241,JAIYI_videos_csv_files
264.4565413226207,10.575274626857134,JAIYI_videos_csv_files
264.4882431376917,10.513597044137605,JAIYI_videos_csv_files
264.5199449527627,10.675898965836833,JAIYI_videos_csv_files
264.5516467678338,9.975301775239789,JAIYI_videos_csv_files
264.5833485829048,11.815931918527882,JAIYI_videos_csv_files
264.6150503979759,9.672245110141969,JAIYI_videos_csv_files
264.6467522130469,13.935154587074647,JAIYI_videos_csv_files
264.678454028118,12.166701959093132,JAIYI_videos_csv_files
264.710155843189,12.646825693437618,JAIYI_videos_csv_files
264.74185765826,11.336229040791824,JAIYI_videos_csv_files
264.7735594733311,7.788770338712178,JAIYI_videos_csv_files
264.8052612884021,3.0336559378879504,JAIYI_videos_csv_files
264.8369631034732,1.7573890822017897,JAIYI_videos_csv_files
264.8686649185442,1.887643962749401,JAIYI_videos_csv_files
264.9003667336152,2.101722207085454,JAIYI_videos_csv_files
264.9320685486863,2.8038486361947887,JAIYI_videos_csv_files
264.9637703637573,3.045878227784968,JAIYI_videos_csv_files
264.9954721788284,3.172381996486124,JAIYI_videos_csv_files
265.0271739938994,3.3043998943507,JAIYI_videos_csv_files
265.05887580897047,2.525458405495172,JAIYI_videos_csv_files
265.0905776240415,2.4646930844197787,JAIYI_videos_csv_files
265.1222794391125,2.8936939091024065,JAIYI_videos_csv_files
265.1539812541836,3.227349952805459,JAIYI_videos_csv_files
265.1856830692546,3.9019296858091095,JAIYI_videos_csv_files
265.21738488432567,10.88291738994085,JAIYI_videos_csv_files
265.2490866993967,19.685454310237706,JAIYI_videos_csv_files
265.2807885144677,25.858558568376168,JAIYI_videos_csv_files
265.3124903295388,25.803388880716163,JAIYI_videos_csv_files
265.3441921446098,19.394278997673947,JAIYI_videos_csv_files
265.37589395968087,17.435355505435002,JAIYI_videos_csv_files
265.4075957747519,15.101884192140544,JAIYI_videos_csv_files
265.43929758982296,6.474080629930482,JAIYI_videos_csv_files
265.470999404894,4.762134356596557,JAIYI_videos_csv_files
265.502701219965,4.968344427731669,JAIYI_videos_csv_files
265.53440303503606,4.696984271220996,JAIYI_videos_csv_files
265.5661048501071,4.108692298146839,JAIYI_videos_csv_files
265.59780666517815,3.702727128182703,JAIYI_videos_csv_files
265.62950848024917,5.920204626369165,JAIYI_videos_csv_files
265.6612102953202,6.6581207666062525,JAIYI_videos_csv_files
265.69291211039126,6.083245597594648,JAIYI_videos_csv_files
265.7246139254623,15.32804866475757,JAIYI_videos_csv_files
265.75631574053335,7.263001461623248,JAIYI_videos_csv_files
265.78801755560437,1.6351297765258552,JAIYI_videos_csv_files
265.81971937067544,0.4908692713355825,JAIYI_videos_csv_files
265.85142118574646,0.6567893454974821,JAIYI_videos_csv_files
265.8831230008175,0.6618025181487474,JAIYI_videos_csv_files
265.91482481588855,1.652961644493058,JAIYI_videos_csv_files
265.94652663095957,4.664565397786905,JAIYI_videos_csv_files
265.97822844603064,5.290948360915275,JAIYI_videos_csv_files
266.00993026110166,4.735704201232267,JAIYI_videos_csv_files
266.0416320761727,5.07167226082696,JAIYI_videos_csv_files
266.07333389124375,8.248915808679216,JAIYI_videos_csv_files
266.10503570631477,10.55514402037031,JAIYI_videos_csv_files
266.13673752138584,15.732264107350398,JAIYI_videos_csv_files
266.16843933645686,14.738333966132826,JAIYI_videos_csv_files
266.20014115152793,17.88219085908609,JAIYI_videos_csv_files
266.23184296659895,13.109665064923185,JAIYI_videos_csv_files
266.26354478166996,7.246295153588545,JAIYI_videos_csv_files
266.29524659674104,3.5802257199367404,JAIYI_videos_csv_files
266.32694841181205,2.687226370227466,JAIYI_videos_csv_files
266.3586502268831,2.3190392298463456,JAIYI_videos_csv_files
266.39035204195415,1.2566968083534673,JAIYI_videos_csv_files
266.42205385702516,0.4566519006987234,JAIYI_videos_csv_files
266.45375567209624,0.4582884935273362,JAIYI_videos_csv_files
266.48545748716725,0.5100648999702121,JAIYI_videos_csv_files
266.5171593022383,0.6113441154403929,JAIYI_videos_csv_files
266.54886111730934,0.7855422066527854,JAIYI_videos_csv_files
266.5805629323804,1.6650429273674467,JAIYI_videos_csv_files
266.61226474745143,1.3494195318793347,JAIYI_videos_csv_files
266.64396656252245,1.0051598717823835,JAIYI_videos_csv_files
266.6756683775935,1.871561701955764,JAIYI_videos_csv_files
266.70737019266454,1.123580867151191,JAIYI_videos_csv_files
266.7390720077356,0.6114449307705274,JAIYI_videos_csv_files
266.77077382280663,0.3777862536980618,JAIYI_videos_csv_files
266.8024756378777,0.1651657176705904,JAIYI_videos_csv_files
266.8341774529487,0.2705559663555618,JAIYI_videos_csv_files
266.86587926801974,0.1990684869322636,JAIYI_videos_csv_files
266.8975810830908,0.5206637901478987,JAIYI_videos_csv_files
266.92928289816183,0.7143257617410073,JAIYI_videos_csv_files
266.9609847132329,2.1358885706275905,JAIYI_videos_csv_files
266.9926865283039,2.265868690590854,JAIYI_videos_csv_files
267.02438834337494,2.326722803649689,JAIYI_videos_csv_files
267.056090158446,2.436980256029275,JAIYI_videos_csv_files
267.087791973517,2.0028599465401378,JAIYI_videos_csv_files
267.1194937885881,1.7892645756590524,JAIYI_videos_csv_files
267.1511956036591,1.7198407712111203,JAIYI_videos_csv_files
267.1828974187302,1.57648387848933,JAIYI_videos_csv_files
267.2145992338012,2.700960305216167,JAIYI_videos_csv_files
267.2463010488722,3.55586687591794,JAIYI_videos_csv_files
267.2780028639433,4.003958704354606,JAIYI_videos_csv_files
267.3097046790143,3.040745312851536,JAIYI_videos_csv_files
267.3414064940854,2.667080843621238,JAIYI_videos_csv_files
267.3731083091564,2.766561398989832,JAIYI_videos_csv_files
267.4048101242274,2.790059703872706,JAIYI_videos_csv_files
267.4365119392985,1.8382397733065865,JAIYI_videos_csv_files
267.4682137543695,1.78200595614204,JAIYI_videos_csv_files
267.4999155694406,2.266928635695306,JAIYI_videos_csv_files
267.5316173845116,3.004019896064366,JAIYI_videos_csv_files
267.5633191995827,3.2857131132163997,JAIYI_videos_csv_files
267.5950210146537,3.2190213022866017,JAIYI_videos_csv_files
267.6267228297247,3.285439484238553,JAIYI_videos_csv_files
267.6584246447958,3.214095925083253,JAIYI_videos_csv_files
267.6901264598668,3.51244554913633,JAIYI_videos_csv_files
267.7218282749379,3.833857265349647,JAIYI_videos_csv_files
267.7535300900089,3.8376637734593153,JAIYI_videos_csv_files
267.7852319050799,2.6580684030781825,JAIYI_videos_csv_files
267.816933720151,1.0925567472113182,JAIYI_videos_csv_files
267.848635535222,0.7324755301572743,JAIYI_videos_csv_files
267.8803373502931,1.0562947093786077,JAIYI_videos_csv_files
267.9120391653641,1.125254916198675,JAIYI_videos_csv_files
267.94374098043517,0.9073457671921884,JAIYI_videos_csv_files
267.9754427955062,0.9302269484769689,JAIYI_videos_csv_files
268.0071446105772,1.2838978933329903,JAIYI_videos_csv_files
268.0388464256483,2.138883631933942,JAIYI_videos_csv_files
268.0705482407193,3.76960242060845,JAIYI_videos_csv_files
268.10225005579036,3.7539217156822966,JAIYI_videos_csv_files
268.1339518708614,3.3370431016600155,JAIYI_videos_csv_files
268.1656536859324,3.4819184384225985,JAIYI_videos_csv_files
268.19735550100347,5.456600759635055,JAIYI_videos_csv_files
268.2290573160745,5.315239042521047,JAIYI_videos_csv_files
268.26075913114556,5.348372860976824,JAIYI_videos_csv_files
268.2924609462166,5.33308453198073,JAIYI_videos_csv_files
268.32416276128765,5.130919350254489,JAIYI_videos_csv_files
268.35586457635867,1.9356561386562636,JAIYI_videos_csv_files
268.3875663914297,1.940860894906542,JAIYI_videos_csv_files
268.41926820650076,2.2246193645082357,JAIYI_videos_csv_files
268.4509700215718,1.741611634745849,JAIYI_videos_csv_files
268.48267183664285,3.8782335309601534,JAIYI_videos_csv_files
268.51437365171387,2.1381288269660206,JAIYI_videos_csv_files
268.5460754667849,1.112394465351357,JAIYI_videos_csv_files
268.57777728185596,0.8663362525302795,JAIYI_videos_csv_files
268.609479096927,1.6950930578944885,JAIYI_videos_csv_files
268.64118091199805,4.650391554026496,JAIYI_videos_csv_files
268.67288272706907,6.749702720667147,JAIYI_videos_csv_files
268.70458454214014,7.39214195719241,JAIYI_videos_csv_files
268.73628635721116,5.821564731839729,JAIYI_videos_csv_files
268.7679881722822,4.764938279012445,JAIYI_videos_csv_files
268.79968998735325,4.302061548273995,JAIYI_videos_csv_files
268.83139180242426,4.055696260872468,JAIYI_videos_csv_files
268.86309361749534,4.138089446348642,JAIYI_videos_csv_files
268.89479543256635,4.113728646227997,JAIYI_videos_csv_files
268.92649724763737,2.408981086870309,JAIYI_videos_csv_files
268.95819906270845,7.7150371076918045,JAIYI_videos_csv_files
268.98990087777946,8.930533091133022,JAIYI_videos_csv_files
269.02160269285054,10.10295876843072,JAIYI_videos_csv_files
269.05330450792155,13.37808671490128,JAIYI_videos_csv_files
269.0850063229926,11.011405575945988,JAIYI_videos_csv_files
269.11670813806364,10.301120285509873,JAIYI_videos_csv_files
269.14840995313466,4.246493599031959,JAIYI_videos_csv_files
269.18011176820573,1.7350789779933211,JAIYI_videos_csv_files
269.21181358327675,2.513482876364155,JAIYI_videos_csv_files
269.2435153983478,1.759299371060649,JAIYI_videos_csv_files
269.27521721341884,1.7999156876056472,JAIYI_videos_csv_files
269.30691902848986,1.6278286322916342,JAIYI_videos_csv_files
269.33862084356093,2.1485562557005737,JAIYI_videos_csv_files
269.37032265863195,2.25100650900377,JAIYI_videos_csv_files
269.402024473703,2.1517410972214845,JAIYI_videos_csv_files
269.43372628877404,1.8928359455142367,JAIYI_videos_csv_files
269.4654281038451,2.665444809523264,JAIYI_videos_csv_files
269.49712991891613,2.825990206018787,JAIYI_videos_csv_files
269.52883173398715,2.9800224106160145,JAIYI_videos_csv_files
269.5605335490582,8.792534077688275,JAIYI_videos_csv_files
269.59223536412924,12.110129815214547,JAIYI_videos_csv_files
269.6239371792003,2.0211454171143943,JAIYI_videos_csv_files
269.6556389942713,0.973268998243758,JAIYI_videos_csv_files
269.68734080934234,0.0749652999189401,JAIYI_videos_csv_files
269.7190426244134,0.1378850368946309,JAIYI_videos_csv_files
269.75074443948444,0.8038112712824019,JAIYI_videos_csv_files
269.7824462545555,0.7707183612863467,JAIYI_videos_csv_files
269.8141480696265,0.280496235876814,JAIYI_videos_csv_files
269.8458498846976,1.84689429988046,JAIYI_videos_csv_files
269.8775516997686,2.083493212627141,JAIYI_videos_csv_files
269.90925351483963,1.84270711185023,JAIYI_videos_csv_files
269.9409553299107,1.125223965987933,JAIYI_videos_csv_files
269.9726571449817,0.6137644801853145,JAIYI_videos_csv_files
270.0043589600528,0.8353288484180756,JAIYI_videos_csv_files
270.0360607751238,1.22265996268057,JAIYI_videos_csv_files
270.06776259019483,1.1995796893628483,JAIYI_videos_csv_files
270.0994644052659,1.748968224195654,JAIYI_videos_csv_files
270.1311662203369,1.6692377317413671,JAIYI_videos_csv_files
270.162868035408,1.3546683273842903,JAIYI_videos_csv_files
270.194569850479,1.027336580391986,JAIYI_videos_csv_files
270.2262716655501,0.9566140071785576,JAIYI_videos_csv_files
270.2579734806211,1.7737021496874756,JAIYI_videos_csv_files
270.2896752956921,1.9141110807509216,JAIYI_videos_csv_files
270.3213771107632,1.7336992626518763,JAIYI_videos_csv_files
270.3530789258342,0.852764411375613,JAIYI_videos_csv_files
270.3847807409053,0.8178448786806278,JAIYI_videos_csv_files
270.4164825559763,1.306721762057505,JAIYI_videos_csv_files
270.4481843710473,0.6571185110458533,JAIYI_videos_csv_files
270.4798861861184,0.4007913619414307,JAIYI_videos_csv_files
270.5115880011894,0.5475883588789763,JAIYI_videos_csv_files
270.5432898162605,1.1295117107878616,JAIYI_videos_csv_files
270.5749916313315,0.5633121188982915,JAIYI_videos_csv_files
270.6066934464026,0.2671169926478014,JAIYI_videos_csv_files
270.6383952614736,0.2054449587773422,JAIYI_videos_csv_files
270.6700970765446,0.2711663729859918,JAIYI_videos_csv_files
270.7017988916157,,JAIYI_videos_csv_files
270.7335007066867,2.1562009135996885,JAIYI_videos_csv_files
270.7652025217578,1.8018729423551612,JAIYI_videos_csv_files
270.7969043368288,1.6417547599442197,JAIYI_videos_csv_files
270.8286061518998,1.4252239590581424,JAIYI_videos_csv_files
270.8603079669709,0.987319889471324,JAIYI_videos_csv_files
270.8920097820419,0.6599363908955873,JAIYI_videos_csv_files
270.92371159711297,0.3983268222649065,JAIYI_videos_csv_files
270.955413412184,0.1719189413515797,JAIYI_videos_csv_files
270.98711522725506,0.143189036696802,JAIYI_videos_csv_files
271.0188170423261,0.1255772374116483,JAIYI_videos_csv_files
271.0505188573971,0.2384131410524853,JAIYI_videos_csv_files
271.08222067246817,0.6054721623664868,JAIYI_videos_csv_files
271.1139224875392,0.730593622784821,JAIYI_videos_csv_files
271.14562430261026,1.7253001037006048,JAIYI_videos_csv_files
271.1773261176813,1.1264848164256334,JAIYI_videos_csv_files
271.20902793275235,2.005362838167325,JAIYI_videos_csv_files
271.24072974782337,2.1933886223707373,JAIYI_videos_csv_files
271.2724315628944,1.7357265783034224,JAIYI_videos_csv_files
271.30413337796546,1.2748624544600624,JAIYI_videos_csv_files
271.3358351930365,0.9804712042897612,JAIYI_videos_csv_files
271.36753700810755,0.7413451213818457,JAIYI_videos_csv_files
271.39923882317856,0.7553725227085804,JAIYI_videos_csv_files
271.4309406382496,0.7451452081770478,JAIYI_videos_csv_files
271.46264245332065,0.7830103598279359,JAIYI_videos_csv_files
271.49434426839167,0.8048737836610587,JAIYI_videos_csv_files
271.52604608346275,0.7238861796913553,JAIYI_videos_csv_files
271.55774789853376,0.6138704604837355,JAIYI_videos_csv_files
271.58944971360484,1.2880117852086463,JAIYI_videos_csv_files
271.62115152867585,1.1857915151340883,JAIYI_videos_csv_files
271.65285334374687,1.4236966447103006,JAIYI_videos_csv_files
271.68455515881794,1.4394454714099083,JAIYI_videos_csv_files
271.71625697388896,1.6376104907140536,JAIYI_videos_csv_files
271.74795878896003,1.6560630292931546,JAIYI_videos_csv_files
271.77966060403105,1.5337279715537413,JAIYI_videos_csv_files
271.81136241910207,1.7134295948681506,JAIYI_videos_csv_files
271.84306423417314,2.0302248957785443,JAIYI_videos_csv_files
271.87476604924416,2.056700028621729,JAIYI_videos_csv_files
271.90646786431523,1.8762264558155133,JAIYI_videos_csv_files
271.93816967938625,0.8222332175595807,JAIYI_videos_csv_files
271.9698714944573,19.391745611364723,JAIYI_videos_csv_files
272.00157330952834,39.12044680995734,JAIYI_videos_csv_files
272.03327512459936,44.104591304881495,JAIYI_videos_csv_files
272.06497693967043,48.09048829557211,JAIYI_videos_csv_files
272.09667875474145,49.942360792838834,JAIYI_videos_csv_files
272.1283805698125,35.87948759438876,JAIYI_videos_csv_files
272.16008238488354,21.10308930178109,JAIYI_videos_csv_files
272.19178419995455,15.430589122253185,JAIYI_videos_csv_files
272.2234860150256,10.03414477033966,JAIYI_videos_csv_files
272.25518783009665,8.030734782284984,JAIYI_videos_csv_files
272.2868896451677,5.546110782512604,JAIYI_videos_csv_files
272.31859146023874,4.530162880597055,JAIYI_videos_csv_files
272.3502932753098,2.607149261119712,JAIYI_videos_csv_files
272.3819950903808,0.989012960156557,JAIYI_videos_csv_files
272.41369690545184,0.9572380864662496,JAIYI_videos_csv_files
272.4453987205229,1.2227482092823831,JAIYI_videos_csv_files
272.47710053559393,0.9230915938671408,JAIYI_videos_csv_files
272.508802350665,0.7091518918996899,JAIYI_videos_csv_files
272.540504165736,0.5145809267782749,JAIYI_videos_csv_files
272.57220598080704,1.011729875912552,JAIYI_videos_csv_files
272.6039077958781,1.5803482399412443,JAIYI_videos_csv_files
272.63560961094913,0.934391644240119,JAIYI_videos_csv_files
272.6673114260202,1.6006562973380027,JAIYI_videos_csv_files
272.6990132410912,0.4234771898523686,JAIYI_videos_csv_files
272.7307150561623,1.3521587011170957,JAIYI_videos_csv_files
272.7624168712333,0.6015254604927772,JAIYI_videos_csv_files
272.79411868630433,3.4717261618181543,JAIYI_videos_csv_files
272.8258205013754,2.9909537770788748,JAIYI_videos_csv_files
272.8575223164464,2.239137259659519,JAIYI_videos_csv_files
272.8892241315175,1.92366976469259,JAIYI_videos_csv_files
272.9209259465885,1.7327515708388126,JAIYI_videos_csv_files
272.9526277616595,1.3698583567671014,JAIYI_videos_csv_files
272.9843295767306,0.820189164391957,JAIYI_videos_csv_files
273.0160313918016,0.507818156372613,JAIYI_videos_csv_files
273.0477332068727,0.680618516622784,JAIYI_videos_csv_files
273.0794350219437,1.2300006406781274,JAIYI_videos_csv_files
273.1111368370148,1.4737631010631107,JAIYI_videos_csv_files
273.1428386520858,1.0709337386593063,JAIYI_videos_csv_files
273.1745404671568,2.0153311934736915,JAIYI_videos_csv_files
273.2062422822279,0.6517011536282917,JAIYI_videos_csv_files
273.2379440972989,1.5817589926004187,JAIYI_videos_csv_files
273.26964591237,0.9259193501617428,JAIYI_videos_csv_files
273.301347727441,0.4292025272577973,JAIYI_videos_csv_files
273.333049542512,0.5707132151437713,JAIYI_videos_csv_files
273.3647513575831,1.939399826875041,JAIYI_videos_csv_files
273.3964531726541,0.8361356273980609,JAIYI_videos_csv_files
273.4281549877252,1.9470200924339796,JAIYI_videos_csv_files
273.4598568027962,2.657300751196724,JAIYI_videos_csv_files
273.49155861786727,3.2062667477531304,JAIYI_videos_csv_files
273.5232604329383,3.8720851437144743,JAIYI_videos_csv_files
273.5549622480093,4.611429539859262,JAIYI_videos_csv_files
273.5866640630804,5.824748620201998,JAIYI_videos_csv_files
273.6183658781514,5.9140502715990015,JAIYI_videos_csv_files
273.65006769322247,4.549790181783616,JAIYI_videos_csv_files
273.6817695082935,4.1524303983097735,JAIYI_videos_csv_files
273.7134713233645,0.6151380926083388,JAIYI_videos_csv_files
273.7451731384356,0.6298525921330856,JAIYI_videos_csv_files
273.7768749535066,1.8655394610984344,JAIYI_videos_csv_files
273.80857676857767,1.124683056447524,JAIYI_videos_csv_files
273.8402785836487,1.0901809124627952,JAIYI_videos_csv_files
273.87198039871976,2.0721121063000503,JAIYI_videos_csv_files
273.9036822137908,1.9408568771350097,JAIYI_videos_csv_files
273.9353840288618,3.0038056464324083,JAIYI_videos_csv_files
273.96708584393286,4.35035004768978,JAIYI_videos_csv_files
273.9987876590039,5.079508304102196,JAIYI_videos_csv_files
274.03048947407495,6.955174333528299,JAIYI_videos_csv_files
274.06219128914597,7.446937993302747,JAIYI_videos_csv_files
274.093893104217,6.214618492921244,JAIYI_videos_csv_files
274.12559491928806,5.284701958176735,JAIYI_videos_csv_files
274.1572967343591,5.07840989512574,JAIYI_videos_csv_files
274.18899854943015,4.750721778618903,JAIYI_videos_csv_files
274.22070036450117,4.751872212853412,JAIYI_videos_csv_files
274.25240217957224,4.645519359528617,JAIYI_videos_csv_files
274.28410399464326,5.1517014531185765,JAIYI_videos_csv_files
274.3158058097143,6.262275832015035,JAIYI_videos_csv_files
274.34750762478535,4.48544212836219,JAIYI_videos_csv_files
274.37920943985637,4.669750773497184,JAIYI_videos_csv_files
274.41091125492744,4.9304992432279775,JAIYI_videos_csv_files
274.44261306999846,5.330605071066429,JAIYI_videos_csv_files
274.4743148850695,4.598754114580462,JAIYI_videos_csv_files
274.50601670014055,3.649849145913461,JAIYI_videos_csv_files
274.53771851521157,2.6499438379699805,JAIYI_videos_csv_files
274.56942033028264,2.944454755787015,JAIYI_videos_csv_files
274.60112214535366,2.9749592093668893,JAIYI_videos_csv_files
274.63282396042473,3.809986941578309,JAIYI_videos_csv_files
274.66452577549575,3.8747155551817114,JAIYI_videos_csv_files
274.69622759056676,4.657441347911045,JAIYI_videos_csv_files
274.72792940563784,6.258008898274106,JAIYI_videos_csv_files
274.75963122070885,11.64707571803468,JAIYI_videos_csv_files
274.7913330357799,,JAIYI_videos_csv_files
274.82303485085095,1.7071624238573833,JAIYI_videos_csv_files
274.85473666592196,1.7434315094758277,JAIYI_videos_csv_files
274.88643848099304,1.9633470641292807,JAIYI_videos_csv_files
274.91814029606405,1.9724797456364904,JAIYI_videos_csv_files
274.9498421111351,1.8301744516263243,JAIYI_videos_csv_files
274.98154392620614,1.7813117854343448,JAIYI_videos_csv_files
275.0132457412772,1.917450504314768,JAIYI_videos_csv_files
275.04494755634823,2.032179607879888,JAIYI_videos_csv_files
275.07664937141925,2.016260008260945,JAIYI_videos_csv_files
275.1083511864903,2.0491299564156367,JAIYI_videos_csv_files
275.14005300156134,2.145994290279845,JAIYI_videos_csv_files
275.1717548166324,1.9674220247625296,JAIYI_videos_csv_files
275.20345663170343,1.6565680265262657,JAIYI_videos_csv_files
275.23515844677445,1.751502986958961,JAIYI_videos_csv_files
275.2668602618455,1.4477317216589165,JAIYI_videos_csv_files
275.29856207691654,1.184910745655729,JAIYI_videos_csv_files
275.3302638919876,1.2968503971073293,JAIYI_videos_csv_files
275.36196570705863,1.337178061468644,JAIYI_videos_csv_files
275.3936675221297,1.3421931757163987,JAIYI_videos_csv_files
275.4253693372007,1.3756220044362597,JAIYI_videos_csv_files
275.45707115227174,1.4752666225037991,JAIYI_videos_csv_files
275.4887729673428,1.5377501597810148,JAIYI_videos_csv_files
275.5204747824138,1.937965102201702,JAIYI_videos_csv_files
275.5521765974849,2.0146546284320217,JAIYI_videos_csv_files
275.5838784125559,1.5153463734034422,JAIYI_videos_csv_files
275.61558022762694,1.7370923358309485,JAIYI_videos_csv_files
275.647282042698,1.591715748150488,JAIYI_videos_csv_files
275.678983857769,1.88443314765014,JAIYI_videos_csv_files
275.7106856728401,1.5475393993282691,JAIYI_videos_csv_files
275.7423874879111,1.378405625298328,JAIYI_videos_csv_files
275.7740893029822,1.2734331742933287,JAIYI_videos_csv_files
275.8057911180532,1.37423553794731,JAIYI_videos_csv_files
275.8374929331242,1.5902223838128984,JAIYI_videos_csv_files
275.8691947481953,1.6865795844998048,JAIYI_videos_csv_files
275.9008965632663,1.9497038332456031,JAIYI_videos_csv_files
275.9325983783374,2.036607356350174,JAIYI_videos_csv_files
275.9643001934084,2.138063905699353,JAIYI_videos_csv_files
275.9960020084795,2.377981478520933,JAIYI_videos_csv_files
276.0277038235505,2.673662444747114,JAIYI_videos_csv_files
276.0594056386215,2.9657167852837145,JAIYI_videos_csv_files
276.0911074536926,3.072425276080573,JAIYI_videos_csv_files
276.1228092687636,2.814164930926648,JAIYI_videos_csv_files
276.1545110838347,2.312354109234841,JAIYI_videos_csv_files
276.1862128989057,2.098117868214278,JAIYI_videos_csv_files
276.2179147139767,1.4487442816601273,JAIYI_videos_csv_files
276.2496165290478,1.338672215858465,JAIYI_videos_csv_files
276.2813183441188,1.4935085565982926,JAIYI_videos_csv_files
276.3130201591899,1.6325244905761598,JAIYI_videos_csv_files
276.3447219742609,9.833548453179,JAIYI_videos_csv_files
276.37642378933197,17.686536838289097,JAIYI_videos_csv_files
276.408125604403,29.13573603518025,JAIYI_videos_csv_files
276.439827419474,35.56901810095613,JAIYI_videos_csv_files
276.4715292345451,40.80996549360583,JAIYI_videos_csv_files
276.5032310496161,46.96189009807509,JAIYI_videos_csv_files
276.53493286468716,58.46752134259439,JAIYI_videos_csv_files
276.5666346797582,71.51025008199267,JAIYI_videos_csv_files
276.5983364948292,80.80227927152679,JAIYI_videos_csv_files
276.63003830990027,90.4288126193484,JAIYI_videos_csv_files
276.6617401249713,89.31596150362184,JAIYI_videos_csv_files
276.69344194004236,92.92927606041376,JAIYI_videos_csv_files
276.7251437551134,97.11898566987644,JAIYI_videos_csv_files
276.75684557018445,100.16490326345452,JAIYI_videos_csv_files
276.78854738525547,96.17994134416954,JAIYI_videos_csv_files
276.8202492003265,94.3247649547716,JAIYI_videos_csv_files
276.85195101539756,95.64335163654432,JAIYI_videos_csv_files
276.8836528304686,90.92127711989916,JAIYI_videos_csv_files
276.91535464553965,89.94450816422211,JAIYI_videos_csv_files
276.94705646061067,89.86692365395551,JAIYI_videos_csv_files
276.9787582756817,93.3936740896772,JAIYI_videos_csv_files
277.01046009075276,94.62388880740176,JAIYI_videos_csv_files
277.0421619058238,95.37411792730352,JAIYI_videos_csv_files
277.07386372089485,98.0750994492646,JAIYI_videos_csv_files
277.10556553596587,98.53423334173247,JAIYI_videos_csv_files
277.13726735103694,100.38869151380494,JAIYI_videos_csv_files
277.16896916610796,103.15528481984111,JAIYI_videos_csv_files
277.200670981179,104.51371363675024,JAIYI_videos_csv_files
277.23237279625005,106.7070781883965,JAIYI_videos_csv_files
277.26407461132106,110.91825541470422,JAIYI_videos_csv_files
277.29577642639214,109.62945966296378,JAIYI_videos_csv_files
277.32747824146315,108.62896509640024,JAIYI_videos_csv_files
277.35918005653417,108.48011294628566,JAIYI_videos_csv_files
277.39088187160525,108.53308604420958,JAIYI_videos_csv_files
277.42258368667626,111.0851986348338,JAIYI_videos_csv_files
277.45428550174734,106.25543506178708,JAIYI_videos_csv_files
277.48598731681835,94.25814705131953,JAIYI_videos_csv_files
277.5176891318894,86.30870323440598,JAIYI_videos_csv_files
277.54939094696044,75.95554277233666,JAIYI_videos_csv_files
277.58109276203146,64.76166035927105,JAIYI_videos_csv_files
277.61279457710253,56.01216250331096,JAIYI_videos_csv_files
277.64449639217355,54.13105976193884,JAIYI_videos_csv_files
277.6761982072446,55.74922467691214,JAIYI_videos_csv_files
277.70790002231564,53.71092299619369,JAIYI_videos_csv_files
277.73960183738666,50.982116927025245,JAIYI_videos_csv_files
277.77130365245773,28.486195112876626,JAIYI_videos_csv_files
277.80300546752875,10.345099931418003,JAIYI_videos_csv_files
277.8347072825998,3.2304406378773667,JAIYI_videos_csv_files
277.86640909767084,2.287283229594597,JAIYI_videos_csv_files
277.8981109127419,2.4006393068582184,JAIYI_videos_csv_files
277.92981272781293,2.0945014474672607,JAIYI_videos_csv_files
277.96151454288395,2.129909529568359,JAIYI_videos_csv_files
277.993216357955,2.754085250103215,JAIYI_videos_csv_files
278.02491817302604,2.561835118012751,JAIYI_videos_csv_files
278.0566199880971,1.1635767870833584,JAIYI_videos_csv_files
278.0883218031681,2.3387142266960987,JAIYI_videos_csv_files
278.12002361823914,4.514012564531457,JAIYI_videos_csv_files
278.1517254333102,4.312694047232389,JAIYI_videos_csv_files
278.18342724838124,3.871956356718657,JAIYI_videos_csv_files
278.2151290634523,3.085803627822224,JAIYI_videos_csv_files
278.2468308785233,1.627371437326401,JAIYI_videos_csv_files
278.2785326935944,6.045805764801881,JAIYI_videos_csv_files
278.3102345086654,4.166138931980502,JAIYI_videos_csv_files
278.34193632373643,1.7353364135876592,JAIYI_videos_csv_files
278.3736381388075,2.2933515491327454,JAIYI_videos_csv_files
278.4053399538785,2.4365258205015285,JAIYI_videos_csv_files
278.4370417689496,4.11329300766681,JAIYI_videos_csv_files
278.4687435840206,3.442886397809587,JAIYI_videos_csv_files
278.50044539909163,3.142593615403757,JAIYI_videos_csv_files
278.5321472141627,1.4195759393279928,JAIYI_videos_csv_files
278.5638490292337,2.3808829062503847,JAIYI_videos_csv_files
278.5955508443048,3.745209850664141,JAIYI_videos_csv_files
278.6272526593758,5.283611002155866,JAIYI_videos_csv_files
278.6589544744469,6.856894450992308,JAIYI_videos_csv_files
278.6906562895179,7.78341418038706,JAIYI_videos_csv_files
278.7223581045889,7.328435173974075,JAIYI_videos_csv_files
278.75405991966,7.323905009121228,JAIYI_videos_csv_files
278.785761734731,6.378611219002452,JAIYI_videos_csv_files
278.8174635498021,5.8339692263774285,JAIYI_videos_csv_files
278.8491653648731,5.297432317788242,JAIYI_videos_csv_files
278.8808671799441,4.830338809888632,JAIYI_videos_csv_files
278.9125689950152,2.534581730282691,JAIYI_videos_csv_files
278.9442708100862,2.9482872491975187,JAIYI_videos_csv_files
278.9759726251573,4.057075690955413,JAIYI_videos_csv_files
279.0076744402283,3.4922456807302624,JAIYI_videos_csv_files
279.0393762552994,2.643213769800356,JAIYI_videos_csv_files
279.0710780703704,2.302049330214037,JAIYI_videos_csv_files
279.1027798854414,0.3810301816545781,JAIYI_videos_csv_files
279.1344817005125,0.4745768952387295,JAIYI_videos_csv_files
279.1661835155835,1.328323184965629,JAIYI_videos_csv_files
279.1978853306546,3.4382520369092315,JAIYI_videos_csv_files
279.2295871457256,3.521714216635581,JAIYI_videos_csv_files
279.2612889607966,3.624641682758499,JAIYI_videos_csv_files
279.2929907758677,3.792069784149922,JAIYI_videos_csv_files
279.3246925909387,4.090983171077541,JAIYI_videos_csv_files
279.35639440600977,4.478714409432127,JAIYI_videos_csv_files
279.3880962210808,4.618826782217985,JAIYI_videos_csv_files
279.41979803615186,4.578277072018371,JAIYI_videos_csv_files
279.4514998512229,4.481128322317661,JAIYI_videos_csv_files
279.4832016662939,3.960603697068348,JAIYI_videos_csv_files
279.51490348136497,2.0734991378084864,JAIYI_videos_csv_files
279.546605296436,3.3016961904652056,JAIYI_videos_csv_files
279.57830711150706,1.8636921632116172,JAIYI_videos_csv_files
279.6100089265781,5.014361577763191,JAIYI_videos_csv_files
279.6417107416491,4.636325784567422,JAIYI_videos_csv_files
279.67341255672017,5.329200476752459,JAIYI_videos_csv_files
279.7051143717912,6.065102938995467,JAIYI_videos_csv_files
279.73681618686226,5.35611127070259,JAIYI_videos_csv_files
279.7685180019333,6.914602066512253,JAIYI_videos_csv_files
279.80021981700435,7.56809872791442,JAIYI_videos_csv_files
279.83192163207536,8.133323389955022,JAIYI_videos_csv_files
279.8636234471464,9.4428339708856,JAIYI_videos_csv_files
279.89532526221745,8.91508663575967,JAIYI_videos_csv_files
279.92702707728847,8.155573778476516,JAIYI_videos_csv_files
279.95872889235955,8.340601890785301,JAIYI_videos_csv_files
279.99043070743056,8.200583699116928,JAIYI_videos_csv_files
280.0221325225016,6.884611883644282,JAIYI_videos_csv_files
280.05383433757265,5.840713775795823,JAIYI_videos_csv_files
280.08553615264367,6.097935267503286,JAIYI_videos_csv_files
280.11723796771474,5.71362800414275,JAIYI_videos_csv_files
280.14893978278576,5.150078379648239,JAIYI_videos_csv_files
280.18064159785683,5.382875142344023,JAIYI_videos_csv_files
280.21234341292785,5.792067516076463,JAIYI_videos_csv_files
280.24404522799887,5.560788219795176,JAIYI_videos_csv_files
280.27574704306994,5.1708246987787625,JAIYI_videos_csv_files
280.30744885814096,4.695494968940752,JAIYI_videos_csv_files
280.33915067321203,4.3160049510004095,JAIYI_videos_csv_files
280.37085248828305,3.661226586997151,JAIYI_videos_csv_files
280.4025543033541,3.536444468391017,JAIYI_videos_csv_files
280.43425611842514,3.3633472326957183,JAIYI_videos_csv_files
280.46595793349616,3.446980691021296,JAIYI_videos_csv_files
280.49765974856723,3.508716559137794,JAIYI_videos_csv_files
280.52936156363825,3.5654072479632544,JAIYI_videos_csv_files
280.5610633787093,4.020055725880479,JAIYI_videos_csv_files
280.59276519378034,3.797160496617537,JAIYI_videos_csv_files
280.62446700885135,1.8708926426738492,JAIYI_videos_csv_files
280.6561688239224,5.485988937889473,JAIYI_videos_csv_files
280.68787063899345,5.712380323118249,JAIYI_videos_csv_files
280.7195724540645,5.637564551587362,JAIYI_videos_csv_files
280.75127426913554,6.24925511214554,JAIYI_videos_csv_files
280.7829760842066,6.523416366945059,JAIYI_videos_csv_files
280.8146778992776,5.884602468981181,JAIYI_videos_csv_files
280.84637971434864,6.51090013626385,JAIYI_videos_csv_files
280.8780815294197,6.373865074001459,JAIYI_videos_csv_files
280.90978334449073,6.038172444335888,JAIYI_videos_csv_files
280.9414851595618,6.945241676709331,JAIYI_videos_csv_files
280.9731869746328,8.909759351569363,JAIYI_videos_csv_files
281.00488878970384,9.52110901107142,JAIYI_videos_csv_files
281.0365906047749,8.854265082793011,JAIYI_videos_csv_files
281.06829241984593,8.867209551061878,JAIYI_videos_csv_files
281.099994234917,8.610976978102114,JAIYI_videos_csv_files
281.131696049988,8.361419824953666,JAIYI_videos_csv_files
281.1633978650591,8.675839747834416,JAIYI_videos_csv_files
281.1950996801301,7.913809214148959,JAIYI_videos_csv_files
281.22680149520113,6.454049324400192,JAIYI_videos_csv_files
281.2585033102722,2.7529945155290294,JAIYI_videos_csv_files
281.2902051253432,4.384385402046807,JAIYI_videos_csv_files
281.3219069404143,2.822565717581851,JAIYI_videos_csv_files
281.3536087554853,4.391724490613711,JAIYI_videos_csv_files
281.3853105705563,4.896559434034374,JAIYI_videos_csv_files
281.4170123856274,5.497730163097171,JAIYI_videos_csv_files
281.4487142006984,8.050490660794447,JAIYI_videos_csv_files
281.4804160157695,8.236277451722644,JAIYI_videos_csv_files
281.5121178308405,7.64861207770613,JAIYI_videos_csv_files
281.5438196459116,6.8106581808143165,JAIYI_videos_csv_files
281.5755214609826,6.136928131940801,JAIYI_videos_csv_files
281.6072232760536,5.948964188862298,JAIYI_videos_csv_files
281.6389250911247,5.980287778656502,JAIYI_videos_csv_files
281.6706269061957,5.594385879460647,JAIYI_videos_csv_files
281.7023287212668,5.412181284710012,JAIYI_videos_csv_files
281.7340305363378,4.6888175907650895,JAIYI_videos_csv_files
281.7657323514088,4.063343859128344,JAIYI_videos_csv_files
281.7974341664799,5.308307891324226,JAIYI_videos_csv_files
281.8291359815509,6.115045716822631,JAIYI_videos_csv_files
281.860837796622,5.355787716318568,JAIYI_videos_csv_files
281.892539611693,5.014655062912855,JAIYI_videos_csv_files
281.92424142676407,5.255428961269544,JAIYI_videos_csv_files
281.9559432418351,5.006704005184617,JAIYI_videos_csv_files
281.9876450569061,5.8147213713599735,JAIYI_videos_csv_files
282.0193468719772,9.104894774625452,JAIYI_videos_csv_files
282.0510486870482,6.856740321016652,JAIYI_videos_csv_files
282.08275050211927,6.444897732500755,JAIYI_videos_csv_files
282.1144523171903,8.46156002154161,JAIYI_videos_csv_files
282.1461541322613,9.939652409770488,JAIYI_videos_csv_files
282.1778559473324,10.463341348543086,JAIYI_videos_csv_files
282.2095577624034,9.962576388578766,JAIYI_videos_csv_files
282.24125957747447,9.2844639907826,JAIYI_videos_csv_files
282.2729613925455,8.822970951249049,JAIYI_videos_csv_files
282.30466320761656,8.321853328076594,JAIYI_videos_csv_files
282.3363650226876,5.681062182029772,JAIYI_videos_csv_files
282.3680668377586,7.318901808958958,JAIYI_videos_csv_files
282.39976865282966,6.004402126781797,JAIYI_videos_csv_files
282.4314704679007,5.759678996639763,JAIYI_videos_csv_files
282.46317228297175,4.777328519626835,JAIYI_videos_csv_files
282.49487409804277,3.72426909877645,JAIYI_videos_csv_files
282.5265759131138,5.101196447199916,JAIYI_videos_csv_files
282.55827772818486,3.5627935593917464,JAIYI_videos_csv_files
282.5899795432559,3.65902330546665,JAIYI_videos_csv_files
282.62168135832695,4.746709925220144,JAIYI_videos_csv_files
282.65338317339797,6.355549599555082,JAIYI_videos_csv_files
282.68508498846904,4.224755047532387,JAIYI_videos_csv_files
282.71678680354006,3.8017602311012544,JAIYI_videos_csv_files
282.7484886186111,5.1523738249350375,JAIYI_videos_csv_files
282.78019043368215,7.664661387305494,JAIYI_videos_csv_files
282.81189224875317,10.377413914185745,JAIYI_videos_csv_files
282.84359406382424,12.42456569778644,JAIYI_videos_csv_files
282.87529587889526,10.656624195182324,JAIYI_videos_csv_files
282.9069976939663,9.105518063574651,JAIYI_videos_csv_files
282.93869950903735,11.44409417417515,JAIYI_videos_csv_files
282.97040132410837,6.5132119796906425,JAIYI_videos_csv_files
283.00210313917944,2.456156997374334,JAIYI_videos_csv_files
283.03380495425046,1.6137270714352954,JAIYI_videos_csv_files
283.06550676932153,2.1591779528467714,JAIYI_videos_csv_files
283.09720858439255,0.4380372229370496,JAIYI_videos_csv_files
283.12891039946356,0.7798413699833981,JAIYI_videos_csv_files
283.16061221453464,9.79342898973266,JAIYI_videos_csv_files
283.19231402960565,12.972369380261233,JAIYI_videos_csv_files
283.2240158446767,14.64926251512241,JAIYI_videos_csv_files
283.25571765974775,14.786115274012678,JAIYI_videos_csv_files
283.28741947481876,13.159972175731648,JAIYI_videos_csv_files
283.31912128988984,9.278672785067748,JAIYI_videos_csv_files
283.35082310496085,9.278079171683933,JAIYI_videos_csv_files
283.3825249200319,9.597754563260825,JAIYI_videos_csv_files
283.41422673510294,9.398678229188674,JAIYI_videos_csv_files
283.445928550174,11.920996906892778,JAIYI_videos_csv_files
283.47763036524503,7.5652233050224655,JAIYI_videos_csv_files
283.50933218031605,3.425637081193301,JAIYI_videos_csv_files
283.5410339953871,2.3276840077947827,JAIYI_videos_csv_files
283.57273581045814,1.9094399197026688,JAIYI_videos_csv_files
283.6044376255292,2.423596884759549,JAIYI_videos_csv_files
283.63613944060023,5.200474594536127,JAIYI_videos_csv_files
283.66784125567125,12.35466112697804,JAIYI_videos_csv_files
283.6995430707423,16.503426925702787,JAIYI_videos_csv_files
283.73124488581334,18.526216578233235,JAIYI_videos_csv_files
283.7629467008844,16.365733360977732,JAIYI_videos_csv_files
283.79464851595543,14.951247075281763,JAIYI_videos_csv_files
283.8263503310265,12.336768805122572,JAIYI_videos_csv_files
283.8580521460975,11.738434196640608,JAIYI_videos_csv_files
283.88975396116854,12.131684643402329,JAIYI_videos_csv_files
283.9214557762396,11.779410730321672,JAIYI_videos_csv_files
283.9531575913106,11.805229698590257,JAIYI_videos_csv_files
283.9848594063817,11.735393247397496,JAIYI_videos_csv_files
284.0165612214527,11.744337050713677,JAIYI_videos_csv_files
0.0,0.1336806845646683,Rameen_Chewing_Video_Files
0.04,0.1008765967255147,Rameen_Chewing_Video_Files
0.08,0.127612837001509,Rameen_Chewing_Video_Files
0.12,0.1393716744193649,Rameen_Chewing_Video_Files
0.16,0.2462789826141727,Rameen_Chewing_Video_Files
0.2,0.2310428691599418,Rameen_Chewing_Video_Files
0.24,0.1908614382969528,Rameen_Chewing_Video_Files
0.28,0.1989307567330489,Rameen_Chewing_Video_Files
0.32,0.174616000605614,Rameen_Chewing_Video_Files
0.36,0.1848917885401195,Rameen_Chewing_Video_Files
0.4,0.177284052918035,Rameen_Chewing_Video_Files
0.44,0.1578160234214914,Rameen_Chewing_Video_Files
0.48,0.1316049547995248,Rameen_Chewing_Video_Files
0.52,0.1011516312495471,Rameen_Chewing_Video_Files
0.56,0.1073616049084883,Rameen_Chewing_Video_Files
0.6,0.0793687955615253,Rameen_Chewing_Video_Files
0.64,0.0505561242236001,Rameen_Chewing_Video_Files
0.68,0.0584943978417367,Rameen_Chewing_Video_Files
0.72,0.0710259319356456,Rameen_Chewing_Video_Files
0.76,0.0805143798837202,Rameen_Chewing_Video_Files
0.8,0.0726417691048553,Rameen_Chewing_Video_Files
0.84,0.0812880234834372,Rameen_Chewing_Video_Files
0.88,0.0807187710454269,Rameen_Chewing_Video_Files
0.92,0.0721269630786025,Rameen_Chewing_Video_Files
0.96,0.1219058392816322,Rameen_Chewing_Video_Files
1.0,0.1725725796121394,Rameen_Chewing_Video_Files
1.04,0.2164112771637938,Rameen_Chewing_Video_Files
1.08,0.2254716104324607,Rameen_Chewing_Video_Files
1.12,0.2169888740372086,Rameen_Chewing_Video_Files
1.16,0.2196411326434004,Rameen_Chewing_Video_Files
1.2,0.1844519145228879,Rameen_Chewing_Video_Files
1.24,0.1794000923878858,Rameen_Chewing_Video_Files
1.28,0.1772396881977045,Rameen_Chewing_Video_Files
1.32,0.1712359401710631,Rameen_Chewing_Video_Files
1.36,0.1682032525633041,Rameen_Chewing_Video_Files
1.4,0.146483900723211,Rameen_Chewing_Video_Files
1.44,0.1328823445375003,Rameen_Chewing_Video_Files
1.48,0.111652157789424,Rameen_Chewing_Video_Files
1.52,0.0745345502718816,Rameen_Chewing_Video_Files
1.56,0.0509605936790007,Rameen_Chewing_Video_Files
1.6,0.0475575150344461,Rameen_Chewing_Video_Files
1.64,0.0256563578932597,Rameen_Chewing_Video_Files
1.68,0.0184110130402931,Rameen_Chewing_Video_Files
1.72,0.0607810841772387,Rameen_Chewing_Video_Files
1.76,0.0354452227604438,Rameen_Chewing_Video_Files
1.8,0.046108771483934,Rameen_Chewing_Video_Files
1.84,0.0571249004991294,Rameen_Chewing_Video_Files
1.88,0.0382110799109098,Rameen_Chewing_Video_Files
1.92,0.0400376651396688,Rameen_Chewing_Video_Files
1.96,0.0235470749037772,Rameen_Chewing_Video_Files
2.0,0.0078469273756622,Rameen_Chewing_Video_Files
2.04,0.0189442650125425,Rameen_Chewing_Video_Files
2.08,0.0300567406478192,Rameen_Chewing_Video_Files
2.12,0.0199524712874621,Rameen_Chewing_Video_Files
2.16,0.0300997563106146,Rameen_Chewing_Video_Files
2.2,0.0436584980162048,Rameen_Chewing_Video_Files
2.24,0.0252272369342098,Rameen_Chewing_Video_Files
2.28,0.0165049039098998,Rameen_Chewing_Video_Files
2.32,0.0127410326531021,Rameen_Chewing_Video_Files
2.36,0.014589462299424,Rameen_Chewing_Video_Files
2.4,0.0301940111214527,Rameen_Chewing_Video_Files
2.44,0.03509255099812,Rameen_Chewing_Video_Files
2.48,0.048292079578789,Rameen_Chewing_Video_Files
2.52,0.0681345767608068,Rameen_Chewing_Video_Files
2.56,0.1965709431709002,Rameen_Chewing_Video_Files
2.6,0.2514849915190381,Rameen_Chewing_Video_Files
2.64,0.2354969155098834,Rameen_Chewing_Video_Files
2.68,0.2602850444313099,Rameen_Chewing_Video_Files
2.72,0.2376678993762063,Rameen_Chewing_Video_Files
2.76,0.2618564734015684,Rameen_Chewing_Video_Files
2.8,0.262373336246428,Rameen_Chewing_Video_Files
2.84,0.2604903471081183,Rameen_Chewing_Video_Files
2.88,0.2101187510124554,Rameen_Chewing_Video_Files
2.92,0.2409640969038325,Rameen_Chewing_Video_Files
2.96,0.1923241853582154,Rameen_Chewing_Video_Files
3.0,0.1406503092882299,Rameen_Chewing_Video_Files
3.04,0.1132775397789199,Rameen_Chewing_Video_Files
3.08,0.1174714282875668,Rameen_Chewing_Video_Files
3.12,0.0929097429162499,Rameen_Chewing_Video_Files
3.16,0.0092900618496071,Rameen_Chewing_Video_Files
3.2,0.0910242163738226,Rameen_Chewing_Video_Files
3.24,0.175426281791657,Rameen_Chewing_Video_Files
3.28,0.21535698172289,Rameen_Chewing_Video_Files
3.32,0.1043777156317016,Rameen_Chewing_Video_Files
3.36,0.2932333200194563,Rameen_Chewing_Video_Files
3.4,0.3360259651998617,Rameen_Chewing_Video_Files
3.44,0.3094046489587572,Rameen_Chewing_Video_Files
3.48,0.2507262442029531,Rameen_Chewing_Video_Files
3.52,0.8453148291906738,Rameen_Chewing_Video_Files
3.56,1.504570463800032,Rameen_Chewing_Video_Files
3.6,1.9367489286959352,Rameen_Chewing_Video_Files
3.64,2.4029674107615704,Rameen_Chewing_Video_Files
3.68,2.956263088504612,Rameen_Chewing_Video_Files
3.72,4.088771920307542,Rameen_Chewing_Video_Files
3.76,6.091219871860745,Rameen_Chewing_Video_Files
3.8,6.850064538256937,Rameen_Chewing_Video_Files
3.84,7.822510691547471,Rameen_Chewing_Video_Files
3.88,8.623915561011657,Rameen_Chewing_Video_Files
3.92,9.070670147226874,Rameen_Chewing_Video_Files
3.96,9.394625831363884,Rameen_Chewing_Video_Files
4.0,9.543375861118914,Rameen_Chewing_Video_Files
4.04,9.61081241334442,Rameen_Chewing_Video_Files
4.08,9.632796138620073,Rameen_Chewing_Video_Files
4.12,9.717436834174002,Rameen_Chewing_Video_Files
4.16,10.028636986385877,Rameen_Chewing_Video_Files
4.2,10.28053922750743,Rameen_Chewing_Video_Files
4.24,10.44831649911913,Rameen_Chewing_Video_Files
4.28,10.460300179345792,Rameen_Chewing_Video_Files
4.32,10.422337521766202,Rameen_Chewing_Video_Files
4.36,10.378719987091744,Rameen_Chewing_Video_Files
4.4,10.37597777838209,Rameen_Chewing_Video_Files
4.44,10.31741635279168,Rameen_Chewing_Video_Files
4.48,10.34402994508473,Rameen_Chewing_Video_Files
4.52,10.387631057744033,Rameen_Chewing_Video_Files
4.56,10.405204724533936,Rameen_Chewing_Video_Files
4.6,10.39458670579619,Rameen_Chewing_Video_Files
4.64,10.3782515590674,Rameen_Chewing_Video_Files
4.68,10.385026645979792,Rameen_Chewing_Video_Files
4.72,10.307919177700397,Rameen_Chewing_Video_Files
4.76,10.39197567121101,Rameen_Chewing_Video_Files
4.8,10.462516594405198,Rameen_Chewing_Video_Files
4.84,10.47300112607684,Rameen_Chewing_Video_Files
4.88,8.510918512495618,Rameen_Chewing_Video_Files
4.92,2.599230312209409,Rameen_Chewing_Video_Files
4.96,0.9550239438395204,Rameen_Chewing_Video_Files
5.0,0.5238413429145217,Rameen_Chewing_Video_Files
5.04,0.1120387352025375,Rameen_Chewing_Video_Files
5.08,0.1461847123111129,Rameen_Chewing_Video_Files
5.12,0.1542799759809592,Rameen_Chewing_Video_Files
5.16,0.6877872174386422,Rameen_Chewing_Video_Files
5.2,0.5955405752008316,Rameen_Chewing_Video_Files
5.24,0.4283760723384442,Rameen_Chewing_Video_Files
5.28,0.7461115848603785,Rameen_Chewing_Video_Files
5.32,1.0978038690875322,Rameen_Chewing_Video_Files
5.36,5.372471047929985,Rameen_Chewing_Video_Files
5.4,13.154027614404558,Rameen_Chewing_Video_Files
5.44,17.351952977640035,Rameen_Chewing_Video_Files
5.48,22.02056128074764,Rameen_Chewing_Video_Files
5.52,21.85847243161616,Rameen_Chewing_Video_Files
5.56,36.38281963616809,Rameen_Chewing_Video_Files
5.6,47.93054454297879,Rameen_Chewing_Video_Files
5.64,55.42921385313814,Rameen_Chewing_Video_Files
5.68,59.0215497218334,Rameen_Chewing_Video_Files
5.72,61.31156120588103,Rameen_Chewing_Video_Files
5.76,63.63121815840445,Rameen_Chewing_Video_Files
5.8,64.12202704953708,Rameen_Chewing_Video_Files
5.84,62.977430193661625,Rameen_Chewing_Video_Files
5.88,61.41826505875356,Rameen_Chewing_Video_Files
5.92,59.377626526654,Rameen_Chewing_Video_Files
5.96,54.64591249645437,Rameen_Chewing_Video_Files
6.0,52.15162766611392,Rameen_Chewing_Video_Files
6.04,47.68408045421253,Rameen_Chewing_Video_Files
6.08,41.31915288268446,Rameen_Chewing_Video_Files
6.12,24.54963061871863,Rameen_Chewing_Video_Files
6.16,14.04345578041974,Rameen_Chewing_Video_Files
6.2,14.145864064790572,Rameen_Chewing_Video_Files
6.24,15.147483708464806,Rameen_Chewing_Video_Files
6.28,14.645323500877591,Rameen_Chewing_Video_Files
6.32,9.723037448782234,Rameen_Chewing_Video_Files
6.36,1.9268049283781528,Rameen_Chewing_Video_Files
6.4,0.2496591955246255,Rameen_Chewing_Video_Files
6.44,1.4979170139139952,Rameen_Chewing_Video_Files
6.48,4.374434817538886,Rameen_Chewing_Video_Files
6.52,10.313127672527385,Rameen_Chewing_Video_Files
6.56,6.618509559048654,Rameen_Chewing_Video_Files
6.6,7.2385000793565295,Rameen_Chewing_Video_Files
6.64,9.51159183580014,Rameen_Chewing_Video_Files
6.68,4.328492452588272,Rameen_Chewing_Video_Files
6.72,1.7261862377097512,Rameen_Chewing_Video_Files
6.76,0.1248758310131913,Rameen_Chewing_Video_Files
6.8,0.4913615624435334,Rameen_Chewing_Video_Files
6.84,1.2459972769570098,Rameen_Chewing_Video_Files
6.88,5.966252877918346,Rameen_Chewing_Video_Files
6.92,6.896302280627828,Rameen_Chewing_Video_Files
6.96,3.922836449769522,Rameen_Chewing_Video_Files
7.0,1.0325040249738275,Rameen_Chewing_Video_Files
7.04,1.502149583264204,Rameen_Chewing_Video_Files
7.08,1.7052870217212768,Rameen_Chewing_Video_Files
7.12,2.748021225582096,Rameen_Chewing_Video_Files
7.16,2.846865254427673,Rameen_Chewing_Video_Files
7.2,4.029730584372837,Rameen_Chewing_Video_Files
7.24,2.460990020710923,Rameen_Chewing_Video_Files
7.28,0.8315663233475327,Rameen_Chewing_Video_Files
7.32,0.7782217983024328,Rameen_Chewing_Video_Files
7.36,0.909730039051489,Rameen_Chewing_Video_Files
7.4,1.806377686178377,Rameen_Chewing_Video_Files
7.44,0.1412573236215034,Rameen_Chewing_Video_Files
7.48,0.8225603311153133,Rameen_Chewing_Video_Files
7.52,0.8884055537995313,Rameen_Chewing_Video_Files
7.56,4.050278901375962,Rameen_Chewing_Video_Files
7.6,6.473402345073905,Rameen_Chewing_Video_Files
7.64,6.70909353073179,Rameen_Chewing_Video_Files
7.68,6.612754297366313,Rameen_Chewing_Video_Files
7.72,3.95309063885566,Rameen_Chewing_Video_Files
7.76,2.1605622449658624,Rameen_Chewing_Video_Files
7.8,0.909871460100365,Rameen_Chewing_Video_Files
7.84,1.1306747772523715,Rameen_Chewing_Video_Files
7.88,2.244609972810489,Rameen_Chewing_Video_Files
7.92,3.201446920845649,Rameen_Chewing_Video_Files
7.96,1.0446472655239452,Rameen_Chewing_Video_Files
8.0,0.3712028575165572,Rameen_Chewing_Video_Files
8.04,0.5045793287835928,Rameen_Chewing_Video_Files
8.08,0.6296044926900691,Rameen_Chewing_Video_Files
8.12,0.7914774160832402,Rameen_Chewing_Video_Files
8.16,0.6597168841073083,Rameen_Chewing_Video_Files
8.2,1.5419101665540549,Rameen_Chewing_Video_Files
8.24,1.097473030103652,Rameen_Chewing_Video_Files
8.28,1.0545166769494771,Rameen_Chewing_Video_Files
8.32,1.242140405710851,Rameen_Chewing_Video_Files
8.36,0.6685939193502304,Rameen_Chewing_Video_Files
8.4,1.7827695076138574,Rameen_Chewing_Video_Files
8.44,1.3842841013000569,Rameen_Chewing_Video_Files
8.48,0.902233897002529,Rameen_Chewing_Video_Files
8.52,1.0026745079822292,Rameen_Chewing_Video_Files
8.56,0.8351040087545925,Rameen_Chewing_Video_Files
8.6,0.9457959004190808,Rameen_Chewing_Video_Files
8.64,0.5141717911312823,Rameen_Chewing_Video_Files
8.68,1.2761255558241908,Rameen_Chewing_Video_Files
8.72,0.9783611941032606,Rameen_Chewing_Video_Files
8.76,0.6134495384333717,Rameen_Chewing_Video_Files
8.8,0.7481782886159176,Rameen_Chewing_Video_Files
8.84,0.7868775246630307,Rameen_Chewing_Video_Files
8.88,0.711266440540731,Rameen_Chewing_Video_Files
8.92,0.7127381182825767,Rameen_Chewing_Video_Files
8.96,2.98694717800462,Rameen_Chewing_Video_Files
9.0,1.017495224243659,Rameen_Chewing_Video_Files
9.04,0.8376180739287361,Rameen_Chewing_Video_Files
9.08,1.8693686424876248,Rameen_Chewing_Video_Files
9.12,0.6851311523020913,Rameen_Chewing_Video_Files
9.16,0.9571384932458056,Rameen_Chewing_Video_Files
9.2,0.7282392901842022,Rameen_Chewing_Video_Files
9.24,0.7066386774674686,Rameen_Chewing_Video_Files
9.28,0.9036189992325274,Rameen_Chewing_Video_Files
9.32,1.4651337424171802,Rameen_Chewing_Video_Files
9.36,0.8491360799186477,Rameen_Chewing_Video_Files
9.4,2.7679919202140133,Rameen_Chewing_Video_Files
9.44,3.201256301835301,Rameen_Chewing_Video_Files
9.48,1.2727620921608565,Rameen_Chewing_Video_Files
9.52,1.1991428334371963,Rameen_Chewing_Video_Files
9.56,1.1260071665074414,Rameen_Chewing_Video_Files
9.6,0.4978362310519892,Rameen_Chewing_Video_Files
9.64,0.9919214985846376,Rameen_Chewing_Video_Files
9.68,0.942231894117104,Rameen_Chewing_Video_Files
9.72,1.936229553847356,Rameen_Chewing_Video_Files
9.76,0.4271030339782652,Rameen_Chewing_Video_Files
9.8,0.1525231451269083,Rameen_Chewing_Video_Files
9.84,0.1340352010905081,Rameen_Chewing_Video_Files
9.88,0.1446966931651223,Rameen_Chewing_Video_Files
9.92,0.1722188800206541,Rameen_Chewing_Video_Files
9.96,0.2218255160786989,Rameen_Chewing_Video_Files
10.0,0.5837701414180576,Rameen_Chewing_Video_Files
10.04,0.6776183789544834,Rameen_Chewing_Video_Files
10.08,1.57570080290671,Rameen_Chewing_Video_Files
10.12,1.4809084922461289,Rameen_Chewing_Video_Files
10.16,1.4434879293586604,Rameen_Chewing_Video_Files
10.2,1.1732159777931,Rameen_Chewing_Video_Files
10.24,1.1100061367134006,Rameen_Chewing_Video_Files
10.28,0.6179228761982962,Rameen_Chewing_Video_Files
10.32,0.5737321859477348,Rameen_Chewing_Video_Files
10.36,0.5214967439760234,Rameen_Chewing_Video_Files
10.4,0.9471757315080144,Rameen_Chewing_Video_Files
10.44,1.3326281980678074,Rameen_Chewing_Video_Files
10.48,1.536113176357493,Rameen_Chewing_Video_Files
10.52,1.3671547814481788,Rameen_Chewing_Video_Files
10.56,2.315239680394737,Rameen_Chewing_Video_Files
10.6,2.450373249849984,Rameen_Chewing_Video_Files
10.64,1.3286120515753934,Rameen_Chewing_Video_Files
10.68,0.703341789097815,Rameen_Chewing_Video_Files
10.72,0.4692170166444609,Rameen_Chewing_Video_Files
10.76,4.456694538041344,Rameen_Chewing_Video_Files
10.8,2.0836298283856296,Rameen_Chewing_Video_Files
10.84,0.8672167426587544,Rameen_Chewing_Video_Files
10.88,0.7111393657103331,Rameen_Chewing_Video_Files
10.92,0.8590899255838561,Rameen_Chewing_Video_Files
10.96,6.316749338952231,Rameen_Chewing_Video_Files
11.0,3.361375794437863,Rameen_Chewing_Video_Files
11.04,3.427430544064537,Rameen_Chewing_Video_Files
11.08,2.625124594609048,Rameen_Chewing_Video_Files
11.12,0.9482825292189928,Rameen_Chewing_Video_Files
11.16,1.6831625086917263,Rameen_Chewing_Video_Files
11.2,0.5253319895026047,Rameen_Chewing_Video_Files
11.24,0.5354034741610384,Rameen_Chewing_Video_Files
11.28,1.0193154644738502,Rameen_Chewing_Video_Files
11.32,0.4309098920606685,Rameen_Chewing_Video_Files
11.36,0.4296864311208099,Rameen_Chewing_Video_Files
11.4,0.6370770405427806,Rameen_Chewing_Video_Files
11.44,3.226870434416972,Rameen_Chewing_Video_Files
11.48,3.1924444174108797,Rameen_Chewing_Video_Files
11.52,4.236064338019237,Rameen_Chewing_Video_Files
11.56,2.16263963988012,Rameen_Chewing_Video_Files
11.6,0.7565310749045469,Rameen_Chewing_Video_Files
11.64,0.4520255933254329,Rameen_Chewing_Video_Files
11.68,0.688779419205734,Rameen_Chewing_Video_Files
11.72,0.703957262343292,Rameen_Chewing_Video_Files
11.76,0.915821836364202,Rameen_Chewing_Video_Files
11.8,1.0677791016427294,Rameen_Chewing_Video_Files
11.84,0.5014500915004071,Rameen_Chewing_Video_Files
11.88,0.4428803610252671,Rameen_Chewing_Video_Files
11.92,0.5345239250522562,Rameen_Chewing_Video_Files
11.96,0.3732526220233179,Rameen_Chewing_Video_Files
12.0,0.4208870457030602,Rameen_Chewing_Video_Files
12.04,0.4111938280549299,Rameen_Chewing_Video_Files
12.08,0.350209128056408,Rameen_Chewing_Video_Files
12.12,0.2649051487501702,Rameen_Chewing_Video_Files
12.16,0.2660519032608487,Rameen_Chewing_Video_Files
12.2,0.3229598979254256,Rameen_Chewing_Video_Files
12.24,0.3383238995127401,Rameen_Chewing_Video_Files
12.28,0.4032584235719407,Rameen_Chewing_Video_Files
12.32,0.4531584669688391,Rameen_Chewing_Video_Files
12.36,0.427312812561046,Rameen_Chewing_Video_Files
12.4,0.3883485675283449,Rameen_Chewing_Video_Files
12.44,0.4572642691964533,Rameen_Chewing_Video_Files
12.48,0.5451384270260325,Rameen_Chewing_Video_Files
12.52,0.5186875465898915,Rameen_Chewing_Video_Files
12.56,0.5474087253263841,Rameen_Chewing_Video_Files
12.6,0.596591428787452,Rameen_Chewing_Video_Files
12.64,0.8285943542234048,Rameen_Chewing_Video_Files
12.68,0.958127958247002,Rameen_Chewing_Video_Files
12.72,1.2930632047195123,Rameen_Chewing_Video_Files
12.76,5.206278297393898,Rameen_Chewing_Video_Files
12.8,1.4391115755434587,Rameen_Chewing_Video_Files
12.84,1.0487547131938626,Rameen_Chewing_Video_Files
12.88,0.956527192025463,Rameen_Chewing_Video_Files
12.92,0.8499423526295107,Rameen_Chewing_Video_Files
12.96,1.2236468383070551,Rameen_Chewing_Video_Files
13.0,0.5063337513223304,Rameen_Chewing_Video_Files
13.04,0.3387790967087692,Rameen_Chewing_Video_Files
13.08,0.3486523118158881,Rameen_Chewing_Video_Files
13.12,0.361979875582379,Rameen_Chewing_Video_Files
13.16,0.4060027859607893,Rameen_Chewing_Video_Files
13.2,1.8050647551169487,Rameen_Chewing_Video_Files
13.24,1.2520635627004633,Rameen_Chewing_Video_Files
13.28,1.2225308297114246,Rameen_Chewing_Video_Files
13.32,1.3441767647867662,Rameen_Chewing_Video_Files
13.36,1.1948631978380388,Rameen_Chewing_Video_Files
13.4,1.6938900462373687,Rameen_Chewing_Video_Files
13.44,2.06473360517971,Rameen_Chewing_Video_Files
13.48,1.4290726853402358,Rameen_Chewing_Video_Files
13.52,1.2368442588362738,Rameen_Chewing_Video_Files
13.56,1.3709462000044932,Rameen_Chewing_Video_Files
13.6,1.5226603869589903,Rameen_Chewing_Video_Files
13.64,1.334648619977588,Rameen_Chewing_Video_Files
13.68,1.161204665731398,Rameen_Chewing_Video_Files
13.72,1.3680347357082905,Rameen_Chewing_Video_Files
13.76,1.1091419441537738,Rameen_Chewing_Video_Files
13.8,1.4023398901632995,Rameen_Chewing_Video_Files
13.84,2.414597328247119,Rameen_Chewing_Video_Files
13.88,1.1116515800497664,Rameen_Chewing_Video_Files
13.92,1.4555027460203571,Rameen_Chewing_Video_Files
13.96,1.6282004325157453,Rameen_Chewing_Video_Files
14.0,2.2095073427577123,Rameen_Chewing_Video_Files
14.04,1.8229338439547385,Rameen_Chewing_Video_Files
14.08,5.31837501432241,Rameen_Chewing_Video_Files
14.12,7.2669337786056865,Rameen_Chewing_Video_Files
14.16,6.087298378941771,Rameen_Chewing_Video_Files
14.2,3.971490862355562,Rameen_Chewing_Video_Files
14.24,2.7669521422364816,Rameen_Chewing_Video_Files
14.28,1.1051764713881873,Rameen_Chewing_Video_Files
14.32,1.415746218877434,Rameen_Chewing_Video_Files
14.36,1.9395377378909424,Rameen_Chewing_Video_Files
14.4,1.8151187840922265,Rameen_Chewing_Video_Files
14.44,1.0575817987294471,Rameen_Chewing_Video_Files
14.48,0.7998127568116329,Rameen_Chewing_Video_Files
14.52,0.9049904372210752,Rameen_Chewing_Video_Files
14.56,0.5822065483646979,Rameen_Chewing_Video_Files
14.6,1.228721224113433,Rameen_Chewing_Video_Files
14.64,3.5189554609145035,Rameen_Chewing_Video_Files
14.68,2.235865182616925,Rameen_Chewing_Video_Files
14.72,1.9218316841570109,Rameen_Chewing_Video_Files
14.76,2.3718024407607468,Rameen_Chewing_Video_Files
14.8,2.9563161824705904,Rameen_Chewing_Video_Files
14.84,2.612892912223765,Rameen_Chewing_Video_Files
14.88,1.4774528642827305,Rameen_Chewing_Video_Files
14.92,1.9277664742818703,Rameen_Chewing_Video_Files
14.96,3.5756547497289386,Rameen_Chewing_Video_Files
15.0,2.310002039437516,Rameen_Chewing_Video_Files
15.04,1.8842211911755784,Rameen_Chewing_Video_Files
15.08,1.9196979238962888,Rameen_Chewing_Video_Files
15.12,0.5502947492706075,Rameen_Chewing_Video_Files
15.16,0.1489864288412551,Rameen_Chewing_Video_Files
15.2,0.0905432438826885,Rameen_Chewing_Video_Files
15.24,0.3244078761899119,Rameen_Chewing_Video_Files
15.28,0.5000110421951254,Rameen_Chewing_Video_Files
15.32,0.6658883137878039,Rameen_Chewing_Video_Files
15.36,0.7252301354298417,Rameen_Chewing_Video_Files
15.4,1.0470211030297336,Rameen_Chewing_Video_Files
15.44,1.146592189656328,Rameen_Chewing_Video_Files
15.48,1.7379324894437913,Rameen_Chewing_Video_Files
15.52,1.825710203327848,Rameen_Chewing_Video_Files
15.56,1.9744947851080692,Rameen_Chewing_Video_Files
15.6,4.062992117715301,Rameen_Chewing_Video_Files
15.64,3.075269894718333,Rameen_Chewing_Video_Files
15.68,2.730931064022991,Rameen_Chewing_Video_Files
15.72,2.0954184689710527,Rameen_Chewing_Video_Files
15.76,1.3274280285613842,Rameen_Chewing_Video_Files
15.8,0.6886818255161643,Rameen_Chewing_Video_Files
15.84,1.3525438048484362,Rameen_Chewing_Video_Files
15.88,0.6657628029583061,Rameen_Chewing_Video_Files
15.92,0.4019400220478685,Rameen_Chewing_Video_Files
15.96,0.305222169211542,Rameen_Chewing_Video_Files
16.0,0.5300923402098433,Rameen_Chewing_Video_Files
16.04,0.5613217004593127,Rameen_Chewing_Video_Files
16.08,1.93397581650184,Rameen_Chewing_Video_Files
16.12,5.550754097009609,Rameen_Chewing_Video_Files
16.16,7.373306572014561,Rameen_Chewing_Video_Files
16.2,7.14536039558811,Rameen_Chewing_Video_Files
16.24,6.659236161469408,Rameen_Chewing_Video_Files
16.28,5.708970227546483,Rameen_Chewing_Video_Files
16.32,4.737896511696606,Rameen_Chewing_Video_Files
16.36,3.742046389061183,Rameen_Chewing_Video_Files
16.4,3.366668850946108,Rameen_Chewing_Video_Files
16.44,2.4286709294851545,Rameen_Chewing_Video_Files
16.48,2.25271097848548,Rameen_Chewing_Video_Files
16.52,3.748875498117755,Rameen_Chewing_Video_Files
16.56,4.0738593198028425,Rameen_Chewing_Video_Files
16.6,3.248757230853434,Rameen_Chewing_Video_Files
16.64,2.524340339013818,Rameen_Chewing_Video_Files
16.68,1.9695064390036805,Rameen_Chewing_Video_Files
16.72,1.7570808208538846,Rameen_Chewing_Video_Files
16.76,1.4664790832932986,Rameen_Chewing_Video_Files
16.8,1.1048362183591478,Rameen_Chewing_Video_Files
16.84,0.9225734256082964,Rameen_Chewing_Video_Files
16.88,1.0137906704608035,Rameen_Chewing_Video_Files
16.92,0.8478253842674439,Rameen_Chewing_Video_Files
16.96,0.8602509328077355,Rameen_Chewing_Video_Files
17.0,0.7922049147666711,Rameen_Chewing_Video_Files
17.04,0.8223350461730161,Rameen_Chewing_Video_Files
17.08,0.8816509399066955,Rameen_Chewing_Video_Files
17.12,0.9135848944995214,Rameen_Chewing_Video_Files
17.16,0.9337585780665092,Rameen_Chewing_Video_Files
17.2,0.6434610508611829,Rameen_Chewing_Video_Files
17.24,0.6243506032793401,Rameen_Chewing_Video_Files
17.28,0.939547115084824,Rameen_Chewing_Video_Files
17.32,0.9892898797613614,Rameen_Chewing_Video_Files
17.36,0.8523897928393291,Rameen_Chewing_Video_Files
17.4,0.8553037710950577,Rameen_Chewing_Video_Files
17.44,1.241688769643598,Rameen_Chewing_Video_Files
17.48,3.6066805474789705,Rameen_Chewing_Video_Files
17.52,3.0138318509683346,Rameen_Chewing_Video_Files
17.56,3.8782194450653606,Rameen_Chewing_Video_Files
17.6,3.977527847489514,Rameen_Chewing_Video_Files
17.64,7.649373191880501,Rameen_Chewing_Video_Files
17.68,5.254584437367121,Rameen_Chewing_Video_Files
17.72,2.9556894532804363,Rameen_Chewing_Video_Files
17.76,2.0894093325400305,Rameen_Chewing_Video_Files
17.8,1.6956210790376318,Rameen_Chewing_Video_Files
17.84,1.9187595764855645,Rameen_Chewing_Video_Files
17.88,1.981982854420005,Rameen_Chewing_Video_Files
17.92,2.482937979731481,Rameen_Chewing_Video_Files
17.96,2.800535242332665,Rameen_Chewing_Video_Files
18.0,13.298580408719689,Rameen_Chewing_Video_Files
18.04,13.657821804781454,Rameen_Chewing_Video_Files
18.08,11.839768452363016,Rameen_Chewing_Video_Files
18.12,8.495387695616229,Rameen_Chewing_Video_Files
18.16,7.919671104382392,Rameen_Chewing_Video_Files
18.2,8.323176517827543,Rameen_Chewing_Video_Files
18.24,12.725607048733806,Rameen_Chewing_Video_Files
18.28,15.564836268380486,Rameen_Chewing_Video_Files
18.32,19.52042076034059,Rameen_Chewing_Video_Files
18.36,24.63297711018428,Rameen_Chewing_Video_Files
18.4,31.405443246574908,Rameen_Chewing_Video_Files
18.44,35.298661185877364,Rameen_Chewing_Video_Files
18.48,40.88453816052992,Rameen_Chewing_Video_Files
18.52,47.73176331116792,Rameen_Chewing_Video_Files
18.56,52.549061939930034,Rameen_Chewing_Video_Files
18.6,59.13478884601374,Rameen_Chewing_Video_Files
18.64,59.50300262910877,Rameen_Chewing_Video_Files
18.68,59.18056537345471,Rameen_Chewing_Video_Files
18.72,57.90054593149257,Rameen_Chewing_Video_Files
18.76,57.59421114908525,Rameen_Chewing_Video_Files
18.8,49.27146062736955,Rameen_Chewing_Video_Files
18.84,40.26664663715065,Rameen_Chewing_Video_Files
18.88,31.289142623056588,Rameen_Chewing_Video_Files
18.92,19.320412247775945,Rameen_Chewing_Video_Files
18.96,13.249556361710782,Rameen_Chewing_Video_Files
19.0,11.071117776830324,Rameen_Chewing_Video_Files
19.04,9.9360704602778,Rameen_Chewing_Video_Files
19.08,6.423983985608207,Rameen_Chewing_Video_Files
19.12,5.99031502636717,Rameen_Chewing_Video_Files
19.16,4.639119455359174,Rameen_Chewing_Video_Files
19.2,0.5738527018634478,Rameen_Chewing_Video_Files
19.24,3.932390093037568,Rameen_Chewing_Video_Files
19.28,1.2140853106229184,Rameen_Chewing_Video_Files
19.32,3.7189255880635295,Rameen_Chewing_Video_Files
19.36,2.151099855125406,Rameen_Chewing_Video_Files
19.4,7.18644053097119,Rameen_Chewing_Video_Files
19.44,1.1649937510487929,Rameen_Chewing_Video_Files
19.48,0.416625491422017,Rameen_Chewing_Video_Files
19.52,0.8517630912226437,Rameen_Chewing_Video_Files
19.56,0.8583621191822502,Rameen_Chewing_Video_Files
19.6,1.018172918084684,Rameen_Chewing_Video_Files
19.64,1.386414719111589,Rameen_Chewing_Video_Files
19.68,1.981454280460639,Rameen_Chewing_Video_Files
19.72,4.044751347943675,Rameen_Chewing_Video_Files
19.76,1.4329421321803728,Rameen_Chewing_Video_Files
19.8,1.4510646035773622,Rameen_Chewing_Video_Files
19.84,1.6209198707168675,Rameen_Chewing_Video_Files
19.88,1.3569335591968932,Rameen_Chewing_Video_Files
19.92,1.066220755586848,Rameen_Chewing_Video_Files
19.96,0.8698144924166329,Rameen_Chewing_Video_Files
20.0,0.9798786646466904,Rameen_Chewing_Video_Files
20.04,1.9079352436410344,Rameen_Chewing_Video_Files
20.08,2.202742740594847,Rameen_Chewing_Video_Files
20.12,8.982962902431726,Rameen_Chewing_Video_Files
20.16,10.467472530647589,Rameen_Chewing_Video_Files
20.2,7.900858323477203,Rameen_Chewing_Video_Files
20.24,7.580458269049178,Rameen_Chewing_Video_Files
20.28,4.056085462148484,Rameen_Chewing_Video_Files
20.32,2.084812219501583,Rameen_Chewing_Video_Files
20.36,0.7469860446635055,Rameen_Chewing_Video_Files
20.4,4.306853100729426,Rameen_Chewing_Video_Files
20.44,4.061384334102045,Rameen_Chewing_Video_Files
20.48,2.411912528831102,Rameen_Chewing_Video_Files
20.52,2.330563474157469,Rameen_Chewing_Video_Files
20.56,2.7094368307167342,Rameen_Chewing_Video_Files
20.6,1.8418510871333915,Rameen_Chewing_Video_Files
20.64,1.8719686930571344,Rameen_Chewing_Video_Files
20.68,3.107858541280509,Rameen_Chewing_Video_Files
20.72,4.276296395475592,Rameen_Chewing_Video_Files
20.76,4.463094991417643,Rameen_Chewing_Video_Files
20.8,8.6688383350006,Rameen_Chewing_Video_Files
20.84,2.428641323277233,Rameen_Chewing_Video_Files
20.88,0.9572350688758308,Rameen_Chewing_Video_Files
20.92,0.9341294027179632,Rameen_Chewing_Video_Files
20.96,0.9765109607504556,Rameen_Chewing_Video_Files
21.0,1.177407087208458,Rameen_Chewing_Video_Files
21.04,6.089518364868177,Rameen_Chewing_Video_Files
21.08,7.476812627922855,Rameen_Chewing_Video_Files
21.12,4.964047506591718,Rameen_Chewing_Video_Files
21.16,3.5399988124877626,Rameen_Chewing_Video_Files
21.2,3.7117575433540506,Rameen_Chewing_Video_Files
21.24,3.4392884895182902,Rameen_Chewing_Video_Files
21.28,3.42647515181174,Rameen_Chewing_Video_Files
21.32,3.006035379770686,Rameen_Chewing_Video_Files
21.36,3.3619607626676955,Rameen_Chewing_Video_Files
21.4,3.098070339843984,Rameen_Chewing_Video_Files
21.44,1.7526256396711632,Rameen_Chewing_Video_Files
21.48,1.2374880687320704,Rameen_Chewing_Video_Files
21.52,1.6456121640307944,Rameen_Chewing_Video_Files
21.56,0.655710986089387,Rameen_Chewing_Video_Files
21.6,1.2728995566193273,Rameen_Chewing_Video_Files
21.64,1.2041989811549585,Rameen_Chewing_Video_Files
21.68,1.1333542914790344,Rameen_Chewing_Video_Files
21.72,1.0960348627816383,Rameen_Chewing_Video_Files
21.76,1.1981458461989627,Rameen_Chewing_Video_Files
21.8,2.346935038074538,Rameen_Chewing_Video_Files
21.84,1.8501101153760693,Rameen_Chewing_Video_Files
21.88,1.3736736244436878,Rameen_Chewing_Video_Files
21.92,0.84706897160232,Rameen_Chewing_Video_Files
21.96,0.5471859093531964,Rameen_Chewing_Video_Files
22.0,0.4259208237305935,Rameen_Chewing_Video_Files
22.04,0.7527141191739469,Rameen_Chewing_Video_Files
22.08,0.7228266469810408,Rameen_Chewing_Video_Files
22.12,0.8588460903962493,Rameen_Chewing_Video_Files
22.16,0.9704295911551198,Rameen_Chewing_Video_Files
22.2,4.403863341589412,Rameen_Chewing_Video_Files
22.24,3.3446732916753423,Rameen_Chewing_Video_Files
22.28,2.8796064729047157,Rameen_Chewing_Video_Files
22.32,3.41533635910323,Rameen_Chewing_Video_Files
22.36,3.3599968594652903,Rameen_Chewing_Video_Files
22.4,2.4657456236184108,Rameen_Chewing_Video_Files
22.44,1.5480493510335198,Rameen_Chewing_Video_Files
22.48,1.9103722935945933,Rameen_Chewing_Video_Files
22.52,1.8646844913264888,Rameen_Chewing_Video_Files
22.56,3.1234308703923244,Rameen_Chewing_Video_Files
22.6,3.6129790779739146,Rameen_Chewing_Video_Files
22.64,3.033102597810062,Rameen_Chewing_Video_Files
22.68,2.875389735444569,Rameen_Chewing_Video_Files
22.72,3.1364147924466543,Rameen_Chewing_Video_Files
22.76,2.013883125204404,Rameen_Chewing_Video_Files
22.8,2.1423290678829936,Rameen_Chewing_Video_Files
22.84,1.8413993115511744,Rameen_Chewing_Video_Files
22.88,2.8621535524581616,Rameen_Chewing_Video_Files
22.92,2.908799687543575,Rameen_Chewing_Video_Files
22.96,3.960852179450008,Rameen_Chewing_Video_Files
23.0,3.674574198734077,Rameen_Chewing_Video_Files
23.04,1.596393914395422,Rameen_Chewing_Video_Files
23.08,2.284492282336565,Rameen_Chewing_Video_Files
23.12,1.6124348754774227,Rameen_Chewing_Video_Files
23.16,2.2796570543703463,Rameen_Chewing_Video_Files
23.2,4.552698120592961,Rameen_Chewing_Video_Files
23.24,4.731895157210273,Rameen_Chewing_Video_Files
23.28,3.833640208539391,Rameen_Chewing_Video_Files
23.32,1.9577867442898989,Rameen_Chewing_Video_Files
23.36,1.0145319737814202,Rameen_Chewing_Video_Files
23.4,0.2664813632715506,Rameen_Chewing_Video_Files
23.44,0.9401370844887108,Rameen_Chewing_Video_Files
23.48,1.6648545450998764,Rameen_Chewing_Video_Files
23.52,0.9735001964057683,Rameen_Chewing_Video_Files
23.56,2.4539262285462025,Rameen_Chewing_Video_Files
23.6,8.000982441220147,Rameen_Chewing_Video_Files
23.64,7.665645898143246,Rameen_Chewing_Video_Files
23.68,3.89418905919234,Rameen_Chewing_Video_Files
23.72,3.1319756155216183,Rameen_Chewing_Video_Files
23.76,2.52534874926546,Rameen_Chewing_Video_Files
23.8,3.4329432806149205,Rameen_Chewing_Video_Files
23.84,3.8144793200728784,Rameen_Chewing_Video_Files
23.88,3.700651971569545,Rameen_Chewing_Video_Files
23.92,3.491152351663656,Rameen_Chewing_Video_Files
23.96,3.4345649960839992,Rameen_Chewing_Video_Files
24.0,4.825878349188799,Rameen_Chewing_Video_Files
24.04,6.368571621139454,Rameen_Chewing_Video_Files
24.08,4.441055216607213,Rameen_Chewing_Video_Files
24.12,3.5608870523680856,Rameen_Chewing_Video_Files
24.16,3.42206802992166,Rameen_Chewing_Video_Files
24.2,3.518475024894421,Rameen_Chewing_Video_Files
24.24,10.626072495391492,Rameen_Chewing_Video_Files
24.28,6.349591749811906,Rameen_Chewing_Video_Files
24.32,3.662485407013939,Rameen_Chewing_Video_Files
24.36,2.501522996260686,Rameen_Chewing_Video_Files
24.4,1.709392365328854,Rameen_Chewing_Video_Files
24.44,5.206457248047614,Rameen_Chewing_Video_Files
24.48,5.313273311536592,Rameen_Chewing_Video_Files
24.52,5.270137200267242,Rameen_Chewing_Video_Files
24.56,4.467278541816989,Rameen_Chewing_Video_Files
24.6,3.467354944102632,Rameen_Chewing_Video_Files
24.64,1.8746834231402187,Rameen_Chewing_Video_Files
24.68,1.446170508032151,Rameen_Chewing_Video_Files
24.72,1.9765612483103456,Rameen_Chewing_Video_Files
24.76,2.594200176237259,Rameen_Chewing_Video_Files
24.8,2.238450514598689,Rameen_Chewing_Video_Files
24.84,0.8815052380403037,Rameen_Chewing_Video_Files
24.88,2.4223838774477207,Rameen_Chewing_Video_Files
24.92,4.922265864576725,Rameen_Chewing_Video_Files
24.96,3.6852231088095135,Rameen_Chewing_Video_Files
25.0,2.963159983022152,Rameen_Chewing_Video_Files
25.04,2.13957573747213,Rameen_Chewing_Video_Files
25.08,0.179133031893779,Rameen_Chewing_Video_Files
25.12,0.8379695646202324,Rameen_Chewing_Video_Files
25.16,1.000627701913691,Rameen_Chewing_Video_Files
25.2,0.9366976666820876,Rameen_Chewing_Video_Files
25.24,0.8122115026209302,Rameen_Chewing_Video_Files
25.28,0.6858047046431489,Rameen_Chewing_Video_Files
25.32,0.5722976752105218,Rameen_Chewing_Video_Files
25.36,0.7588879604723724,Rameen_Chewing_Video_Files
25.4,0.7955660022580725,Rameen_Chewing_Video_Files
25.44,1.0163675686166866,Rameen_Chewing_Video_Files
25.48,1.529451979963077,Rameen_Chewing_Video_Files
25.52,1.1212946379623523,Rameen_Chewing_Video_Files
25.56,1.1024123900773497,Rameen_Chewing_Video_Files
25.6,1.809345959247162,Rameen_Chewing_Video_Files
25.64,1.5033094865728591,Rameen_Chewing_Video_Files
25.68,3.7402232536302,Rameen_Chewing_Video_Files
25.72,6.007391625954679,Rameen_Chewing_Video_Files
25.76,3.622348283787252,Rameen_Chewing_Video_Files
25.8,2.913213828968875,Rameen_Chewing_Video_Files
25.84,3.3318410804529006,Rameen_Chewing_Video_Files
25.88,4.207023357007942,Rameen_Chewing_Video_Files
25.92,4.213293283617003,Rameen_Chewing_Video_Files
25.96,2.958768292746244,Rameen_Chewing_Video_Files
26.0,3.053304841256298,Rameen_Chewing_Video_Files
26.04,2.531447545277013,Rameen_Chewing_Video_Files
26.08,2.319594752798116,Rameen_Chewing_Video_Files
26.12,2.1305159780870806,Rameen_Chewing_Video_Files
26.16,1.400891066186524,Rameen_Chewing_Video_Files
26.2,1.6222477673201776,Rameen_Chewing_Video_Files
26.24,2.033401641561157,Rameen_Chewing_Video_Files
26.28,2.009941854811392,Rameen_Chewing_Video_Files
26.32,2.0373009638963486,Rameen_Chewing_Video_Files
26.36,1.9558589310521215,Rameen_Chewing_Video_Files
26.4,2.0124407617249944,Rameen_Chewing_Video_Files
26.44,2.043556643223785,Rameen_Chewing_Video_Files
26.48,1.5416032487557785,Rameen_Chewing_Video_Files
26.52,2.229833835210805,Rameen_Chewing_Video_Files
26.56,2.47964843105047,Rameen_Chewing_Video_Files
26.6,1.9920737462514109,Rameen_Chewing_Video_Files
26.64,2.079417995899825,Rameen_Chewing_Video_Files
26.68,2.156246201052785,Rameen_Chewing_Video_Files
26.72,1.9378155616276296,Rameen_Chewing_Video_Files
26.76,0.9105152026711192,Rameen_Chewing_Video_Files
26.8,0.374531314726245,Rameen_Chewing_Video_Files
26.84,0.4003579066418733,Rameen_Chewing_Video_Files
26.88,0.6968190795378368,Rameen_Chewing_Video_Files
26.92,0.4270904700364529,Rameen_Chewing_Video_Files
26.96,0.4902318937435244,Rameen_Chewing_Video_Files
27.0,0.601153256769825,Rameen_Chewing_Video_Files
27.04,2.333019999642522,Rameen_Chewing_Video_Files
27.08,2.836551328892735,Rameen_Chewing_Video_Files
27.12,1.8443603967623103,Rameen_Chewing_Video_Files
27.16,1.7540874663684725,Rameen_Chewing_Video_Files
27.2,1.6753278610997064,Rameen_Chewing_Video_Files
27.24,1.6845402637232632,Rameen_Chewing_Video_Files
27.28,2.3791457880807703,Rameen_Chewing_Video_Files
27.32,5.145979453940749,Rameen_Chewing_Video_Files
27.36,1.990900568660042,Rameen_Chewing_Video_Files
27.4,1.3826970268227856,Rameen_Chewing_Video_Files
27.44,3.255421554640446,Rameen_Chewing_Video_Files
27.48,1.2497254901866108,Rameen_Chewing_Video_Files
27.52,0.4771141137005595,Rameen_Chewing_Video_Files
27.56,0.40179609444391,Rameen_Chewing_Video_Files
27.6,0.3808800569934741,Rameen_Chewing_Video_Files
27.64,0.3222287315429736,Rameen_Chewing_Video_Files
27.68,0.248548972440736,Rameen_Chewing_Video_Files
27.72,0.5692603424441616,Rameen_Chewing_Video_Files
27.76,0.1084115412094887,Rameen_Chewing_Video_Files
27.8,0.218851760843164,Rameen_Chewing_Video_Files
27.84,0.3733339585756055,Rameen_Chewing_Video_Files
27.88,0.5287198373519689,Rameen_Chewing_Video_Files
27.92,0.5323281867701339,Rameen_Chewing_Video_Files
27.96,0.5409192091268582,Rameen_Chewing_Video_Files
28.0,4.727255639748341,Rameen_Chewing_Video_Files
28.04,10.12717524163308,Rameen_Chewing_Video_Files
28.08,10.5119258974574,Rameen_Chewing_Video_Files
28.12,9.315022311084777,Rameen_Chewing_Video_Files
28.16,7.287035333022392,Rameen_Chewing_Video_Files
28.2,5.188203839599275,Rameen_Chewing_Video_Files
28.24,2.108189654873678,Rameen_Chewing_Video_Files
28.28,2.194582877943485,Rameen_Chewing_Video_Files
28.32,2.881960399249536,Rameen_Chewing_Video_Files
28.36,1.951603591413687,Rameen_Chewing_Video_Files
28.4,1.94746297805447,Rameen_Chewing_Video_Files
28.44,5.519793587359414,Rameen_Chewing_Video_Files
28.48,2.87538392730712,Rameen_Chewing_Video_Files
28.52,1.012409141787423,Rameen_Chewing_Video_Files
28.56,0.7167033648556813,Rameen_Chewing_Video_Files
28.6,0.5425058932403822,Rameen_Chewing_Video_Files
28.64,0.2860676858950007,Rameen_Chewing_Video_Files
28.68,0.5611144684096349,Rameen_Chewing_Video_Files
28.72,0.9062034168756729,Rameen_Chewing_Video_Files
28.76,1.3236437169371924,Rameen_Chewing_Video_Files
28.8,0.862880724538937,Rameen_Chewing_Video_Files
28.84,0.4089660117480891,Rameen_Chewing_Video_Files
28.88,0.5862880356122987,Rameen_Chewing_Video_Files
28.92,2.637783708331797,Rameen_Chewing_Video_Files
28.96,3.7071740103637465,Rameen_Chewing_Video_Files
29.0,3.109456030654361,Rameen_Chewing_Video_Files
29.04,2.1231513468270484,Rameen_Chewing_Video_Files
29.08,1.2747627453620407,Rameen_Chewing_Video_Files
29.12,0.684451629030084,Rameen_Chewing_Video_Files
29.16,0.3288149202258437,Rameen_Chewing_Video_Files
29.2,0.6248700530220288,Rameen_Chewing_Video_Files
29.24,0.5443454094880026,Rameen_Chewing_Video_Files
29.28,0.4651568505358686,Rameen_Chewing_Video_Files
29.32,0.2387101282892044,Rameen_Chewing_Video_Files
29.36,0.2369488182800684,Rameen_Chewing_Video_Files
29.4,0.2711329164749308,Rameen_Chewing_Video_Files
29.44,0.3339672175768818,Rameen_Chewing_Video_Files
29.48,0.5689147466105917,Rameen_Chewing_Video_Files
29.52,0.6252043285314183,Rameen_Chewing_Video_Files
29.56,0.8519905784452642,Rameen_Chewing_Video_Files
29.6,0.5873126570453172,Rameen_Chewing_Video_Files
29.64,1.1797718258402452,Rameen_Chewing_Video_Files
29.68,2.226427319821705,Rameen_Chewing_Video_Files
29.72,2.5898951598471927,Rameen_Chewing_Video_Files
29.76,2.2407428675788927,Rameen_Chewing_Video_Files
29.8,2.8649412949278807,Rameen_Chewing_Video_Files
29.84,1.931650466022568,Rameen_Chewing_Video_Files
29.88,1.2590304922044206,Rameen_Chewing_Video_Files
29.92,0.9335617763321288,Rameen_Chewing_Video_Files
29.96,0.735607624956362,Rameen_Chewing_Video_Files
30.0,0.7271458711357051,Rameen_Chewing_Video_Files
30.04,0.1941836534495047,Rameen_Chewing_Video_Files
30.08,0.043571091807059,Rameen_Chewing_Video_Files
30.12,0.2208716939344439,Rameen_Chewing_Video_Files
30.16,0.3491714990528167,Rameen_Chewing_Video_Files
30.2,0.4385829085592944,Rameen_Chewing_Video_Files
30.24,0.4655479760590331,Rameen_Chewing_Video_Files
30.28,0.6496169238674028,Rameen_Chewing_Video_Files
30.32,0.8479656051836016,Rameen_Chewing_Video_Files
30.36,1.716508426083049,Rameen_Chewing_Video_Files
30.4,0.7869728558046627,Rameen_Chewing_Video_Files
30.44,0.5359734928226596,Rameen_Chewing_Video_Files
30.48,0.6321197519906584,Rameen_Chewing_Video_Files
30.52,0.7133474026127492,Rameen_Chewing_Video_Files
30.56,0.7262280802758257,Rameen_Chewing_Video_Files
30.6,0.806347720889762,Rameen_Chewing_Video_Files
30.64,0.4383470049446549,Rameen_Chewing_Video_Files
30.68,0.1523324365896851,Rameen_Chewing_Video_Files
30.72,0.0730546123926845,Rameen_Chewing_Video_Files
30.76,0.1456091195806685,Rameen_Chewing_Video_Files
30.8,0.2573314845964093,Rameen_Chewing_Video_Files
30.84,0.2791625355627936,Rameen_Chewing_Video_Files
30.88,0.4755262704801056,Rameen_Chewing_Video_Files
30.92,0.5235515676398718,Rameen_Chewing_Video_Files
30.96,0.5182610801704448,Rameen_Chewing_Video_Files
31.0,0.4623955952301832,Rameen_Chewing_Video_Files
31.04,0.6691842799726808,Rameen_Chewing_Video_Files
31.08,0.5396559806302967,Rameen_Chewing_Video_Files
31.12,0.5344980557773547,Rameen_Chewing_Video_Files
31.16,5.05322414509306,Rameen_Chewing_Video_Files
31.2,6.95183955723099,Rameen_Chewing_Video_Files
31.24,7.875230220840123,Rameen_Chewing_Video_Files
31.28,7.900952985583912,Rameen_Chewing_Video_Files
31.32,7.12809013578528,Rameen_Chewing_Video_Files
31.36,6.6396729690189416,Rameen_Chewing_Video_Files
31.4,6.523613031785398,Rameen_Chewing_Video_Files
31.44,6.33774695739525,Rameen_Chewing_Video_Files
31.48,2.6484496391851864,Rameen_Chewing_Video_Files
31.52,0.5219285290712864,Rameen_Chewing_Video_Files
31.56,0.4405983228180998,Rameen_Chewing_Video_Files
31.6,0.4696459131718384,Rameen_Chewing_Video_Files
31.64,0.4161964632407376,Rameen_Chewing_Video_Files
31.68,0.450949290120995,Rameen_Chewing_Video_Files
31.72,0.3420441376872073,Rameen_Chewing_Video_Files
31.76,0.3957094986817468,Rameen_Chewing_Video_Files
31.8,0.4851980334106699,Rameen_Chewing_Video_Files
31.84,0.5378000535514748,Rameen_Chewing_Video_Files
31.88,0.3214434444724107,Rameen_Chewing_Video_Files
31.92,0.3445640357254139,Rameen_Chewing_Video_Files
31.96,0.4742114413875128,Rameen_Chewing_Video_Files
32.0,0.610074782870526,Rameen_Chewing_Video_Files
32.04,0.9554720741996736,Rameen_Chewing_Video_Files
32.08,2.5362223746212016,Rameen_Chewing_Video_Files
32.12,3.7027317042557386,Rameen_Chewing_Video_Files
32.16,1.6707687572921095,Rameen_Chewing_Video_Files
32.2,1.2124129889055837,Rameen_Chewing_Video_Files
32.24,1.1013755551530504,Rameen_Chewing_Video_Files
32.28,0.929852521545419,Rameen_Chewing_Video_Files
32.32,0.8416053520507836,Rameen_Chewing_Video_Files
32.36,0.4264258918477666,Rameen_Chewing_Video_Files
32.4,0.1945909162234186,Rameen_Chewing_Video_Files
32.44,0.1991698573467329,Rameen_Chewing_Video_Files
32.48,0.345738490802458,Rameen_Chewing_Video_Files
32.52,0.3658976746113656,Rameen_Chewing_Video_Files
32.56,0.4169885604746321,Rameen_Chewing_Video_Files
32.6,0.3786346407444955,Rameen_Chewing_Video_Files
32.64,1.0362794988101134,Rameen_Chewing_Video_Files
32.68,0.766495018689568,Rameen_Chewing_Video_Files
32.72,0.8910100306848443,Rameen_Chewing_Video_Files
32.76,0.743812128481495,Rameen_Chewing_Video_Files
32.8,0.715041618404895,Rameen_Chewing_Video_Files
32.84,0.577803817845577,Rameen_Chewing_Video_Files
32.88,0.1004008898793595,Rameen_Chewing_Video_Files
32.92,0.0969656426485547,Rameen_Chewing_Video_Files
32.96,0.1206056886814369,Rameen_Chewing_Video_Files
33.0,0.1905940266042239,Rameen_Chewing_Video_Files
33.04,0.0523690910871412,Rameen_Chewing_Video_Files
33.08,0.0991370465449706,Rameen_Chewing_Video_Files
33.12,0.1872950633953782,Rameen_Chewing_Video_Files
33.16,0.2153324176344823,Rameen_Chewing_Video_Files
33.2,0.2789692100836071,Rameen_Chewing_Video_Files
33.24,0.3357495132264216,Rameen_Chewing_Video_Files
33.28,0.3353687732866018,Rameen_Chewing_Video_Files
33.32,0.3375715526354189,Rameen_Chewing_Video_Files
33.36,0.3338512536727017,Rameen_Chewing_Video_Files
33.4,0.3413699627315284,Rameen_Chewing_Video_Files
33.44,3.2898758490895164,Rameen_Chewing_Video_Files
33.48,2.042856931862133,Rameen_Chewing_Video_Files
33.52,1.4225138800274604,Rameen_Chewing_Video_Files
33.56,1.223713013632906,Rameen_Chewing_Video_Files
33.6,1.673114042292413,Rameen_Chewing_Video_Files
33.64,1.2313299066624734,Rameen_Chewing_Video_Files
33.68,0.5237839839089521,Rameen_Chewing_Video_Files
33.72,0.2335533207851354,Rameen_Chewing_Video_Files
33.76,0.099521694371955,Rameen_Chewing_Video_Files
33.8,0.1797947316742311,Rameen_Chewing_Video_Files
33.84,0.2260948909312545,Rameen_Chewing_Video_Files
33.88,0.2357581084099165,Rameen_Chewing_Video_Files
33.92,0.2488837087234572,Rameen_Chewing_Video_Files
33.96,0.2582234485904905,Rameen_Chewing_Video_Files
34.0,0.2693577607258773,Rameen_Chewing_Video_Files
34.04,0.2584654628522967,Rameen_Chewing_Video_Files
34.08,0.2189377861280994,Rameen_Chewing_Video_Files
34.12,0.4801648807497252,Rameen_Chewing_Video_Files
34.16,0.5079009296175898,Rameen_Chewing_Video_Files
34.2,0.5825912125798002,Rameen_Chewing_Video_Files
34.24,1.1471289959637525,Rameen_Chewing_Video_Files
34.28,0.7639922189080104,Rameen_Chewing_Video_Files
34.32,1.2553897777026637,Rameen_Chewing_Video_Files
34.36,1.1855437061703211,Rameen_Chewing_Video_Files
34.4,1.1809789994310338,Rameen_Chewing_Video_Files
34.44,0.792313187768984,Rameen_Chewing_Video_Files
34.48,0.3022983981317678,Rameen_Chewing_Video_Files
34.52,0.1766092225248147,Rameen_Chewing_Video_Files
34.56,0.1736516408629995,Rameen_Chewing_Video_Files
34.6,0.1863147506872247,Rameen_Chewing_Video_Files
34.64,0.6206524493899499,Rameen_Chewing_Video_Files
34.68,0.7840980578966196,Rameen_Chewing_Video_Files
34.72,0.6779564134782516,Rameen_Chewing_Video_Files
34.76,0.6204958465200425,Rameen_Chewing_Video_Files
34.8,1.2109914886176254,Rameen_Chewing_Video_Files
34.84,2.827615910446595,Rameen_Chewing_Video_Files
34.88,2.723904404195115,Rameen_Chewing_Video_Files
34.92,3.03571192445846,Rameen_Chewing_Video_Files
34.96,2.5108083492200777,Rameen_Chewing_Video_Files
35.0,8.437844289900806,Rameen_Chewing_Video_Files
35.04,19.71997927828917,Rameen_Chewing_Video_Files
35.08,22.62435406018473,Rameen_Chewing_Video_Files
35.12,18.39717528603529,Rameen_Chewing_Video_Files
35.16,17.94915298690793,Rameen_Chewing_Video_Files
35.2,17.58081838028908,Rameen_Chewing_Video_Files
35.24,17.312442212570144,Rameen_Chewing_Video_Files
35.28,16.352027994543526,Rameen_Chewing_Video_Files
35.32,15.955476963475864,Rameen_Chewing_Video_Files
35.36,15.644053239165132,Rameen_Chewing_Video_Files
35.4,12.819268772361108,Rameen_Chewing_Video_Files
35.44,8.22663054172409,Rameen_Chewing_Video_Files
35.48,3.422347296156365,Rameen_Chewing_Video_Files
35.52,1.300083181353808,Rameen_Chewing_Video_Files
35.56,0.8296870965653665,Rameen_Chewing_Video_Files
35.6,0.7678667081773507,Rameen_Chewing_Video_Files
35.64,0.9142343507346732,Rameen_Chewing_Video_Files
35.68,1.0049549827055986,Rameen_Chewing_Video_Files
35.72,0.72066916490783,Rameen_Chewing_Video_Files
35.76,0.4937728186088023,Rameen_Chewing_Video_Files
35.8,0.4014146770478873,Rameen_Chewing_Video_Files
35.84,0.3853804223516348,Rameen_Chewing_Video_Files
35.88,0.3545145822539713,Rameen_Chewing_Video_Files
35.92,0.3998816568416558,Rameen_Chewing_Video_Files
35.96,0.4552149978120243,Rameen_Chewing_Video_Files
36.0,0.7441907805034361,Rameen_Chewing_Video_Files
36.04,9.061341979979623,Rameen_Chewing_Video_Files
36.08,17.960650278632556,Rameen_Chewing_Video_Files
36.12,29.19967594716408,Rameen_Chewing_Video_Files
36.16,27.729150589116717,Rameen_Chewing_Video_Files
36.2,26.764300524411368,Rameen_Chewing_Video_Files
36.24,28.72422259800001,Rameen_Chewing_Video_Files
36.28,31.102646433620023,Rameen_Chewing_Video_Files
36.32,36.568990922545325,Rameen_Chewing_Video_Files
36.36,40.49271056063676,Rameen_Chewing_Video_Files
36.4,43.03514816796486,Rameen_Chewing_Video_Files
36.44,52.97458549887017,Rameen_Chewing_Video_Files
36.48,54.52326101843164,Rameen_Chewing_Video_Files
36.52,54.87293133149444,Rameen_Chewing_Video_Files
36.56,53.76306164921132,Rameen_Chewing_Video_Files
36.6,52.75442765372176,Rameen_Chewing_Video_Files
36.64,50.0262998179299,Rameen_Chewing_Video_Files
36.68,44.90853167521675,Rameen_Chewing_Video_Files
36.72,40.179704118293536,Rameen_Chewing_Video_Files
36.76,34.45244303134625,Rameen_Chewing_Video_Files
36.8,22.63704789766083,Rameen_Chewing_Video_Files
36.84,19.732480776832915,Rameen_Chewing_Video_Files
36.88,19.64345347636673,Rameen_Chewing_Video_Files
36.92,18.615834242926496,Rameen_Chewing_Video_Files
36.96,15.35867363772023,Rameen_Chewing_Video_Files
37.0,12.180385708412594,Rameen_Chewing_Video_Files
37.04,1.562386858022374,Rameen_Chewing_Video_Files
37.08,2.378664668357277,Rameen_Chewing_Video_Files
37.12,1.7143322094212743,Rameen_Chewing_Video_Files
37.16,2.498668025240297,Rameen_Chewing_Video_Files
37.2,11.706348998343184,Rameen_Chewing_Video_Files
37.24,13.10220961264106,Rameen_Chewing_Video_Files
37.28,12.399783325575031,Rameen_Chewing_Video_Files
37.32,12.389469036425536,Rameen_Chewing_Video_Files
37.36,5.919179072762346,Rameen_Chewing_Video_Files
37.4,3.2321691954665344,Rameen_Chewing_Video_Files
37.44,1.2035418065336592,Rameen_Chewing_Video_Files
37.48,0.6414131682415019,Rameen_Chewing_Video_Files
37.52,0.5853815894501995,Rameen_Chewing_Video_Files
37.56,0.669718607127612,Rameen_Chewing_Video_Files
37.6,5.126730587561746,Rameen_Chewing_Video_Files
37.64,7.442631439652914,Rameen_Chewing_Video_Files
37.68,5.448787151025169,Rameen_Chewing_Video_Files
37.72,3.58218685222412,Rameen_Chewing_Video_Files
37.76,3.0333992457432744,Rameen_Chewing_Video_Files
37.8,2.5706573831500728,Rameen_Chewing_Video_Files
37.84,1.559039116251116,Rameen_Chewing_Video_Files
37.88,0.9297281883659478,Rameen_Chewing_Video_Files
37.92,0.4907352576703224,Rameen_Chewing_Video_Files
37.96,0.3505914581616461,Rameen_Chewing_Video_Files
38.0,0.1228151153456737,Rameen_Chewing_Video_Files
38.04,0.5865870183097768,Rameen_Chewing_Video_Files
38.08,0.7017946012606026,Rameen_Chewing_Video_Files
38.12,0.6335824375240164,Rameen_Chewing_Video_Files
38.16,0.6966955216043609,Rameen_Chewing_Video_Files
38.2,0.6737121883112431,Rameen_Chewing_Video_Files
38.24,1.5769407726870184,Rameen_Chewing_Video_Files
38.28,3.843364993261637,Rameen_Chewing_Video_Files
38.32,4.655841356463406,Rameen_Chewing_Video_Files
38.36,3.00800697468524,Rameen_Chewing_Video_Files
38.4,1.848756280644447,Rameen_Chewing_Video_Files
38.44,1.4457093949529642,Rameen_Chewing_Video_Files
38.48,0.836063737153266,Rameen_Chewing_Video_Files
38.52,0.3915426302543137,Rameen_Chewing_Video_Files
38.56,0.2446035795752679,Rameen_Chewing_Video_Files
38.6,0.4877882737578396,Rameen_Chewing_Video_Files
38.64,0.9564873381086948,Rameen_Chewing_Video_Files
38.68,4.301598066474827,Rameen_Chewing_Video_Files
38.72,1.9339073054265077,Rameen_Chewing_Video_Files
38.76,0.9538177515049254,Rameen_Chewing_Video_Files
38.8,0.8711889103921444,Rameen_Chewing_Video_Files
38.84,0.97417440077546,Rameen_Chewing_Video_Files
38.88,0.9740688471598136,Rameen_Chewing_Video_Files
38.92,0.4545213601891993,Rameen_Chewing_Video_Files
38.96,0.368110065788434,Rameen_Chewing_Video_Files
39.0,0.4203528334949298,Rameen_Chewing_Video_Files
39.04,0.4648797865302939,Rameen_Chewing_Video_Files
39.08,0.5587034570376255,Rameen_Chewing_Video_Files
39.12,0.654101503162569,Rameen_Chewing_Video_Files
39.16,0.6863573286192853,Rameen_Chewing_Video_Files
39.2,0.7005770533969411,Rameen_Chewing_Video_Files
39.24,0.6873914259926496,Rameen_Chewing_Video_Files
39.28,1.1357970318086656,Rameen_Chewing_Video_Files
39.32,0.9963196003538806,Rameen_Chewing_Video_Files
39.36,1.5334432771479267,Rameen_Chewing_Video_Files
39.4,1.4079464890360371,Rameen_Chewing_Video_Files
39.44,0.9550673995490396,Rameen_Chewing_Video_Files
39.48,0.8550844545944296,Rameen_Chewing_Video_Files
39.52,1.0168547820596685,Rameen_Chewing_Video_Files
39.56,0.6874350145634094,Rameen_Chewing_Video_Files
39.6,0.7447978479320627,Rameen_Chewing_Video_Files
39.64,1.0459984300723837,Rameen_Chewing_Video_Files
39.68,0.9076034894335788,Rameen_Chewing_Video_Files
39.72,0.9890081870866534,Rameen_Chewing_Video_Files
39.76,0.94167539056276,Rameen_Chewing_Video_Files
39.8,0.8014300733405432,Rameen_Chewing_Video_Files
39.84,0.7413828715900274,Rameen_Chewing_Video_Files
39.88,0.7128120856855538,Rameen_Chewing_Video_Files
39.92,0.6971034735838069,Rameen_Chewing_Video_Files
39.96,0.6897205876743344,Rameen_Chewing_Video_Files
40.0,0.7047197702087595,Rameen_Chewing_Video_Files
40.04,1.025243726292175,Rameen_Chewing_Video_Files
40.08,1.061888771957997,Rameen_Chewing_Video_Files
40.12,0.9997111672760026,Rameen_Chewing_Video_Files
40.16,0.9318131012918448,Rameen_Chewing_Video_Files
40.2,0.8459602385802116,Rameen_Chewing_Video_Files
40.24,0.8454618984662118,Rameen_Chewing_Video_Files
40.28,0.7566534378593097,Rameen_Chewing_Video_Files
40.32,1.704688656628416,Rameen_Chewing_Video_Files
40.36,1.966123464298175,Rameen_Chewing_Video_Files
40.4,1.6389556393258506,Rameen_Chewing_Video_Files
40.44,1.0072653432173675,Rameen_Chewing_Video_Files
40.48,0.8063593407940391,Rameen_Chewing_Video_Files
40.52,0.7035673834274635,Rameen_Chewing_Video_Files
40.56,0.6764456347340233,Rameen_Chewing_Video_Files
40.6,0.7167661192798734,Rameen_Chewing_Video_Files
40.64,0.5566567546197408,Rameen_Chewing_Video_Files
40.68,0.5505520247273148,Rameen_Chewing_Video_Files
40.72,0.5742684048331563,Rameen_Chewing_Video_Files
40.76,1.3537370339747627,Rameen_Chewing_Video_Files
40.8,0.8542463000453066,Rameen_Chewing_Video_Files
40.84,0.7431588987995362,Rameen_Chewing_Video_Files
40.88,1.0801939001644003,Rameen_Chewing_Video_Files
40.92,1.1552490600361955,Rameen_Chewing_Video_Files
40.96,0.830868754043718,Rameen_Chewing_Video_Files
41.0,0.7575439020688286,Rameen_Chewing_Video_Files
41.04,0.7036634909692985,Rameen_Chewing_Video_Files
41.08,0.5805499650609937,Rameen_Chewing_Video_Files
41.12,0.477998808773777,Rameen_Chewing_Video_Files
41.16,0.4453255900866008,Rameen_Chewing_Video_Files
41.2,0.4991928484917101,Rameen_Chewing_Video_Files
41.24,0.5180035273425975,Rameen_Chewing_Video_Files
41.28,0.5373698445073689,Rameen_Chewing_Video_Files
41.32,0.602796932171474,Rameen_Chewing_Video_Files
41.36,0.6134565436353651,Rameen_Chewing_Video_Files
41.4,0.8791461697342312,Rameen_Chewing_Video_Files
41.44,1.41841747241937,Rameen_Chewing_Video_Files
41.48,5.261356521177823,Rameen_Chewing_Video_Files
41.52,1.790770660703476,Rameen_Chewing_Video_Files
41.56,1.3051445478950436,Rameen_Chewing_Video_Files
41.6,1.1429760457547102,Rameen_Chewing_Video_Files
41.64,1.2206532670806425,Rameen_Chewing_Video_Files
41.68,0.6569813390923874,Rameen_Chewing_Video_Files
41.72,0.4865028928358854,Rameen_Chewing_Video_Files
41.76,0.5390630824947147,Rameen_Chewing_Video_Files
41.8,0.5864436881779811,Rameen_Chewing_Video_Files
41.84,0.6470068039076654,Rameen_Chewing_Video_Files
41.88,0.707790231619632,Rameen_Chewing_Video_Files
41.92,0.6593041270101041,Rameen_Chewing_Video_Files
41.96,0.641211183007165,Rameen_Chewing_Video_Files
42.0,0.6632832400438287,Rameen_Chewing_Video_Files
42.04,0.6780356047916489,Rameen_Chewing_Video_Files
42.08,0.7166615398764311,Rameen_Chewing_Video_Files
42.12,2.897127283977228,Rameen_Chewing_Video_Files
42.16,4.286537693208564,Rameen_Chewing_Video_Files
42.2,1.916508358085376,Rameen_Chewing_Video_Files
42.24,1.2810265992127363,Rameen_Chewing_Video_Files
42.28,1.2115819095081244,Rameen_Chewing_Video_Files
42.32,0.4257393900432921,Rameen_Chewing_Video_Files
42.36,0.9668128894881952,Rameen_Chewing_Video_Files
42.4,1.419584958257871,Rameen_Chewing_Video_Files
42.44,1.6463721574953918,Rameen_Chewing_Video_Files
42.48,2.2537260729101862,Rameen_Chewing_Video_Files
42.52,1.9869667176850183,Rameen_Chewing_Video_Files
42.56,1.5171929358784393,Rameen_Chewing_Video_Files
42.6,1.3100963901084404,Rameen_Chewing_Video_Files
42.64,1.2543691733950604,Rameen_Chewing_Video_Files
42.68,1.132143585530132,Rameen_Chewing_Video_Files
42.72,1.1647184495042229,Rameen_Chewing_Video_Files
42.76,1.147060353225228,Rameen_Chewing_Video_Files
42.8,1.1489892596399944,Rameen_Chewing_Video_Files
42.84,1.1747292789628598,Rameen_Chewing_Video_Files
42.88,1.3236787965070778,Rameen_Chewing_Video_Files
42.92,0.8308566266614202,Rameen_Chewing_Video_Files
42.96,0.7819182044454838,Rameen_Chewing_Video_Files
43.0,0.946304138879629,Rameen_Chewing_Video_Files
43.04,0.9083200323068088,Rameen_Chewing_Video_Files
43.08,1.0207738913403317,Rameen_Chewing_Video_Files
43.12,0.9779443939047726,Rameen_Chewing_Video_Files
43.16,0.831520708655261,Rameen_Chewing_Video_Files
43.2,0.7942040934359,Rameen_Chewing_Video_Files
43.24,0.7191964441278601,Rameen_Chewing_Video_Files
43.28,0.6450558013288864,Rameen_Chewing_Video_Files
43.32,0.6059964948986274,Rameen_Chewing_Video_Files
43.36,0.6043066631680646,Rameen_Chewing_Video_Files
43.4,0.6062986558598057,Rameen_Chewing_Video_Files
43.44,0.5058953141456016,Rameen_Chewing_Video_Files
43.48,0.4195881279245809,Rameen_Chewing_Video_Files
43.52,0.5878445605694116,Rameen_Chewing_Video_Files
43.56,0.7266409362623326,Rameen_Chewing_Video_Files
43.6,0.7217351644702191,Rameen_Chewing_Video_Files
43.64,0.6872636849710205,Rameen_Chewing_Video_Files
43.68,0.6588837908356276,Rameen_Chewing_Video_Files
43.72,0.4367037893171152,Rameen_Chewing_Video_Files
43.76,0.3591458141972125,Rameen_Chewing_Video_Files
43.8,7.0010942232428,Rameen_Chewing_Video_Files
43.84,9.473084563485044,Rameen_Chewing_Video_Files
43.88,16.043802189100816,Rameen_Chewing_Video_Files
43.92,16.019603324269923,Rameen_Chewing_Video_Files
43.96,15.612542123593936,Rameen_Chewing_Video_Files
44.0,8.556411184245059,Rameen_Chewing_Video_Files
44.04,5.565638893185252,Rameen_Chewing_Video_Files
44.08,2.1636053334525056,Rameen_Chewing_Video_Files
44.12,0.665428383378573,Rameen_Chewing_Video_Files
44.16,0.3227253175738702,Rameen_Chewing_Video_Files
44.2,0.2330262849921811,Rameen_Chewing_Video_Files
44.24,0.0684444849808959,Rameen_Chewing_Video_Files
44.28,0.0795708731565555,Rameen_Chewing_Video_Files
44.32,0.1424732131297429,Rameen_Chewing_Video_Files
44.36,0.2135932553009088,Rameen_Chewing_Video_Files
44.4,0.2788323331401807,Rameen_Chewing_Video_Files
44.44,0.3516483389648787,Rameen_Chewing_Video_Files
44.48,0.4658849212037653,Rameen_Chewing_Video_Files
44.52,0.4381078493736661,Rameen_Chewing_Video_Files
44.56,0.3989895553155302,Rameen_Chewing_Video_Files
44.6,0.4165770823461334,Rameen_Chewing_Video_Files
44.64,1.777303783761294,Rameen_Chewing_Video_Files
44.68,1.195456254557438,Rameen_Chewing_Video_Files
44.72,1.7871921479139272,Rameen_Chewing_Video_Files
44.76,2.098539279117253,Rameen_Chewing_Video_Files
44.8,1.8391335811034568,Rameen_Chewing_Video_Files
44.84,1.1757884751860697,Rameen_Chewing_Video_Files
44.88,0.111491403069931,Rameen_Chewing_Video_Files
44.92,0.1264417993671106,Rameen_Chewing_Video_Files
44.96,0.1063361994246519,Rameen_Chewing_Video_Files
45.0,0.0190710829174232,Rameen_Chewing_Video_Files
45.04,0.0793195742216355,Rameen_Chewing_Video_Files
45.08,0.2151432816546305,Rameen_Chewing_Video_Files
45.12,0.2734710323752152,Rameen_Chewing_Video_Files
45.16,0.3243947258576377,Rameen_Chewing_Video_Files
45.2,0.217033588318763,Rameen_Chewing_Video_Files
45.24,0.1571611721658733,Rameen_Chewing_Video_Files
45.28,0.1103313989911539,Rameen_Chewing_Video_Files
45.32,0.8079448915601899,Rameen_Chewing_Video_Files
45.36,2.087913771908948,Rameen_Chewing_Video_Files
45.4,1.1178251878734486,Rameen_Chewing_Video_Files
45.44,1.085924583886531,Rameen_Chewing_Video_Files
45.48,1.0280264611677477,Rameen_Chewing_Video_Files
45.52,0.9615373716442384,Rameen_Chewing_Video_Files
45.56,0.4911783238485027,Rameen_Chewing_Video_Files
45.6,0.4062578516551302,Rameen_Chewing_Video_Files
45.64,0.3702201494223447,Rameen_Chewing_Video_Files
45.68,0.2648022919588203,Rameen_Chewing_Video_Files
45.72,0.2926867105034845,Rameen_Chewing_Video_Files
45.76,0.3105706430255045,Rameen_Chewing_Video_Files
45.8,0.3097497089520966,Rameen_Chewing_Video_Files
45.84,0.3467509064562663,Rameen_Chewing_Video_Files
45.88,0.4049194772969923,Rameen_Chewing_Video_Files
45.92,0.3180741105745318,Rameen_Chewing_Video_Files
45.96,0.3418352042586572,Rameen_Chewing_Video_Files
46.0,0.4247573612593365,Rameen_Chewing_Video_Files
46.04,0.4557243753000456,Rameen_Chewing_Video_Files
46.08,1.0915212996395378,Rameen_Chewing_Video_Files
46.12,1.3864459225878656,Rameen_Chewing_Video_Files
46.16,1.2866236756139275,Rameen_Chewing_Video_Files
46.2,1.0171242625827062,Rameen_Chewing_Video_Files
46.24,0.6797706237424517,Rameen_Chewing_Video_Files
46.28,0.3016823236866188,Rameen_Chewing_Video_Files
46.32,0.1982143461477699,Rameen_Chewing_Video_Files
46.36,0.1564117173839147,Rameen_Chewing_Video_Files
46.4,0.1174889702684801,Rameen_Chewing_Video_Files
46.44,0.0750945084629319,Rameen_Chewing_Video_Files
46.48,0.1148392255649741,Rameen_Chewing_Video_Files
46.52,0.1014879435855584,Rameen_Chewing_Video_Files
46.56,0.0850451380836034,Rameen_Chewing_Video_Files
46.6,0.0388044173035634,Rameen_Chewing_Video_Files
46.64,0.0455967807704341,Rameen_Chewing_Video_Files
46.68,0.0696412990492471,Rameen_Chewing_Video_Files
46.72,0.0549380510616385,Rameen_Chewing_Video_Files
46.76,0.0792039468339033,Rameen_Chewing_Video_Files
46.8,0.683405713260487,Rameen_Chewing_Video_Files
46.84,1.1744953603623562,Rameen_Chewing_Video_Files
46.88,2.9654965857012026,Rameen_Chewing_Video_Files
46.92,3.3360966136445263,Rameen_Chewing_Video_Files
46.96,1.15443692066689,Rameen_Chewing_Video_Files
47.0,0.9283686623584988,Rameen_Chewing_Video_Files
47.04,1.6007050689779163,Rameen_Chewing_Video_Files
47.08,1.9865671844488928,Rameen_Chewing_Video_Files
47.12,1.4646996718135232,Rameen_Chewing_Video_Files
47.16,0.6998981536690885,Rameen_Chewing_Video_Files
47.2,0.7439503609638125,Rameen_Chewing_Video_Files
47.24,0.6061175429382896,Rameen_Chewing_Video_Files
47.28,0.7334258472769792,Rameen_Chewing_Video_Files
47.32,0.7109757091945836,Rameen_Chewing_Video_Files
47.36,0.5666449893689077,Rameen_Chewing_Video_Files
47.4,0.5266975004377884,Rameen_Chewing_Video_Files
47.44,0.5423159127084797,Rameen_Chewing_Video_Files
47.48,0.6420441338202367,Rameen_Chewing_Video_Files
47.52,0.3948443199823384,Rameen_Chewing_Video_Files
47.56,0.6560755487155062,Rameen_Chewing_Video_Files
47.6,0.6394192962227211,Rameen_Chewing_Video_Files
47.64,0.3606080610417115,Rameen_Chewing_Video_Files
47.68,0.3969923540803015,Rameen_Chewing_Video_Files
47.72,0.5790197292529063,Rameen_Chewing_Video_Files
47.76,1.4493626291342685,Rameen_Chewing_Video_Files
47.8,1.2389220500649667,Rameen_Chewing_Video_Files
47.84,2.127282621895917,Rameen_Chewing_Video_Files
47.88,1.1588526975229043,Rameen_Chewing_Video_Files
47.92,1.224299274680761,Rameen_Chewing_Video_Files
47.96,1.4470999187349292,Rameen_Chewing_Video_Files
48.0,1.5872288016477956,Rameen_Chewing_Video_Files
48.04,1.2488073544776803,Rameen_Chewing_Video_Files
48.08,0.6557743206396845,Rameen_Chewing_Video_Files
48.12,0.5435582942249844,Rameen_Chewing_Video_Files
48.16,0.5780873136854541,Rameen_Chewing_Video_Files
48.2,0.4095256459317912,Rameen_Chewing_Video_Files
48.24,0.3292458077906302,Rameen_Chewing_Video_Files
48.28,0.4088901896730303,Rameen_Chewing_Video_Files
48.32,0.4465401942007757,Rameen_Chewing_Video_Files
48.36,0.5983525162316388,Rameen_Chewing_Video_Files
48.4,0.4959933170081337,Rameen_Chewing_Video_Files
48.44,0.5170982082043495,Rameen_Chewing_Video_Files
48.48,0.5793240375241397,Rameen_Chewing_Video_Files
48.52,0.5378398523612635,Rameen_Chewing_Video_Files
48.56,6.085340192689249,Rameen_Chewing_Video_Files
48.6,10.823797913175843,Rameen_Chewing_Video_Files
48.64,12.965966733880176,Rameen_Chewing_Video_Files
48.68,16.58722067312829,Rameen_Chewing_Video_Files
48.72,17.98693152594499,Rameen_Chewing_Video_Files
48.76,16.707082882348377,Rameen_Chewing_Video_Files
48.8,11.2575039054493,Rameen_Chewing_Video_Files
48.84,9.292777332454673,Rameen_Chewing_Video_Files
48.88,2.80967938216328,Rameen_Chewing_Video_Files
48.92,0.6846674232419908,Rameen_Chewing_Video_Files
48.96,1.5379667448794585,Rameen_Chewing_Video_Files
49.0,1.3763610124122925,Rameen_Chewing_Video_Files
49.04,0.9228483892099764,Rameen_Chewing_Video_Files
49.08,0.4949752849248033,Rameen_Chewing_Video_Files
49.12,0.1744294482507576,Rameen_Chewing_Video_Files
49.16,0.0853191523640853,Rameen_Chewing_Video_Files
49.2,0.1223877448944466,Rameen_Chewing_Video_Files
49.24,0.112397355546164,Rameen_Chewing_Video_Files
49.28,0.1268814316935944,Rameen_Chewing_Video_Files
49.32,0.2202893738168372,Rameen_Chewing_Video_Files
49.36,0.2202231589117826,Rameen_Chewing_Video_Files
49.4,0.2512483352295395,Rameen_Chewing_Video_Files
49.44,0.1621106267936939,Rameen_Chewing_Video_Files
49.48,1.7104738337778758,Rameen_Chewing_Video_Files
49.52,0.996951656806368,Rameen_Chewing_Video_Files
49.56,0.936424524529448,Rameen_Chewing_Video_Files
49.6,0.7016314960037872,Rameen_Chewing_Video_Files
49.64,0.603074925462006,Rameen_Chewing_Video_Files
49.68,0.7156144528346555,Rameen_Chewing_Video_Files
49.72,0.8254625960447968,Rameen_Chewing_Video_Files
49.76,0.802289715061027,Rameen_Chewing_Video_Files
49.8,0.7732874521777582,Rameen_Chewing_Video_Files
49.84,0.6419343950567387,Rameen_Chewing_Video_Files
49.88,0.5185960178865191,Rameen_Chewing_Video_Files
49.92,0.5124252962178548,Rameen_Chewing_Video_Files
49.96,0.4070334914856723,Rameen_Chewing_Video_Files
50.0,0.5004338506177466,Rameen_Chewing_Video_Files
50.04,0.5428923558137012,Rameen_Chewing_Video_Files
50.08,0.4349593276480723,Rameen_Chewing_Video_Files
50.12,0.3966097567148406,Rameen_Chewing_Video_Files
50.16,0.4105809262235179,Rameen_Chewing_Video_Files
50.2,0.4813745265926118,Rameen_Chewing_Video_Files
50.24,0.4326200224282193,Rameen_Chewing_Video_Files
50.28,0.319916441970539,Rameen_Chewing_Video_Files
50.32,0.2888682964964538,Rameen_Chewing_Video_Files
50.36,0.2932530827972866,Rameen_Chewing_Video_Files
50.4,0.2606054921773202,Rameen_Chewing_Video_Files
50.44,0.3920610257426505,Rameen_Chewing_Video_Files
50.48,0.5797794747964548,Rameen_Chewing_Video_Files
50.52,0.6826580257885617,Rameen_Chewing_Video_Files
50.56,0.6536731053676195,Rameen_Chewing_Video_Files
50.6,0.5872203796717617,Rameen_Chewing_Video_Files
50.64,0.5518077663815929,Rameen_Chewing_Video_Files
50.68,0.5733419242296759,Rameen_Chewing_Video_Files
50.72,0.5536201098679256,Rameen_Chewing_Video_Files
50.76,0.6450942523544541,Rameen_Chewing_Video_Files
50.8,0.5539121448334541,Rameen_Chewing_Video_Files
50.84,0.4175745474636878,Rameen_Chewing_Video_Files
50.88,0.4022890842981819,Rameen_Chewing_Video_Files
50.92,0.4158059754586439,Rameen_Chewing_Video_Files
50.96,0.5476408228555163,Rameen_Chewing_Video_Files
51.0,0.4371796850966418,Rameen_Chewing_Video_Files
51.04,0.4964725554319109,Rameen_Chewing_Video_Files
51.08,0.5335351525818621,Rameen_Chewing_Video_Files
51.12,0.7487411418586106,Rameen_Chewing_Video_Files
51.16,0.6277444650775902,Rameen_Chewing_Video_Files
51.2,0.6739046227502499,Rameen_Chewing_Video_Files
51.24,0.5576775043242495,Rameen_Chewing_Video_Files
51.28,0.7586467154431586,Rameen_Chewing_Video_Files
51.32,2.2964319090954013,Rameen_Chewing_Video_Files
51.36,2.25199353161603,Rameen_Chewing_Video_Files
51.4,1.7803850885715975,Rameen_Chewing_Video_Files
51.44,1.5435789503707975,Rameen_Chewing_Video_Files
51.48,1.7467822161830835,Rameen_Chewing_Video_Files
51.52,1.9736432037950529,Rameen_Chewing_Video_Files
51.56,1.739215383039611,Rameen_Chewing_Video_Files
51.6,1.9343326513869157,Rameen_Chewing_Video_Files
51.64,1.8870767606833927,Rameen_Chewing_Video_Files
51.68,1.589960793407835,Rameen_Chewing_Video_Files
51.72,1.1462663668496986,Rameen_Chewing_Video_Files
51.76,0.5602621594016546,Rameen_Chewing_Video_Files
51.8,0.3148667963444274,Rameen_Chewing_Video_Files
51.84,0.1822340105662406,Rameen_Chewing_Video_Files
51.88,0.1916080880730239,Rameen_Chewing_Video_Files
51.92,0.1487733016411069,Rameen_Chewing_Video_Files
51.96,0.1490183864579433,Rameen_Chewing_Video_Files
52.0,0.1585147911053251,Rameen_Chewing_Video_Files
52.04,0.1598445851803912,Rameen_Chewing_Video_Files
52.08,0.1656232059556024,Rameen_Chewing_Video_Files
52.12,0.1535928368852461,Rameen_Chewing_Video_Files
52.16,0.1514905681754438,Rameen_Chewing_Video_Files
52.2,0.1436603252851173,Rameen_Chewing_Video_Files
52.24,0.1521519585769866,Rameen_Chewing_Video_Files
52.28,0.1988893985967274,Rameen_Chewing_Video_Files
52.32,0.2399302843817035,Rameen_Chewing_Video_Files
52.36,0.3827760294240581,Rameen_Chewing_Video_Files
52.4,0.4587146503434698,Rameen_Chewing_Video_Files
52.44,0.5310074241873072,Rameen_Chewing_Video_Files
52.48,0.5480802604590872,Rameen_Chewing_Video_Files
52.52,0.5161430701517534,Rameen_Chewing_Video_Files
52.56,0.5826542723202556,Rameen_Chewing_Video_Files
52.6,0.844763048575283,Rameen_Chewing_Video_Files
52.64,0.7090331354034983,Rameen_Chewing_Video_Files
52.68,0.2741179412792114,Rameen_Chewing_Video_Files
52.72,0.1240071467952723,Rameen_Chewing_Video_Files
52.76,0.1341370129029727,Rameen_Chewing_Video_Files
52.8,0.1700713548324091,Rameen_Chewing_Video_Files
52.84,0.1942543154977543,Rameen_Chewing_Video_Files
52.88,0.2304588681576864,Rameen_Chewing_Video_Files
52.92,0.2570203582892197,Rameen_Chewing_Video_Files
52.96,0.2936640155230245,Rameen_Chewing_Video_Files
53.0,0.3036428497818723,Rameen_Chewing_Video_Files
53.04,0.3153969743178839,Rameen_Chewing_Video_Files
53.08,0.3393181805991122,Rameen_Chewing_Video_Files
53.12,0.350238489208387,Rameen_Chewing_Video_Files
53.16,0.4090136433259513,Rameen_Chewing_Video_Files
53.2,0.3863649671196056,Rameen_Chewing_Video_Files
53.24,0.5157704709751695,Rameen_Chewing_Video_Files
53.28,2.8016810643803463,Rameen_Chewing_Video_Files
53.32,7.355976457050748,Rameen_Chewing_Video_Files
53.36,10.297041450843595,Rameen_Chewing_Video_Files
53.4,12.601502070346214,Rameen_Chewing_Video_Files
53.44,16.771358248819826,Rameen_Chewing_Video_Files
53.48,21.47701407830732,Rameen_Chewing_Video_Files
53.52,25.50908358516018,Rameen_Chewing_Video_Files
53.56,30.14722707288154,Rameen_Chewing_Video_Files
53.6,33.50035237276295,Rameen_Chewing_Video_Files
53.64,35.82623297519229,Rameen_Chewing_Video_Files
53.68,43.02098102714071,Rameen_Chewing_Video_Files
53.72,49.178729808982894,Rameen_Chewing_Video_Files
53.76,53.2898588165108,Rameen_Chewing_Video_Files
53.8,56.21026354936939,Rameen_Chewing_Video_Files
53.84,56.926610670396514,Rameen_Chewing_Video_Files
53.88,58.80950997504227,Rameen_Chewing_Video_Files
53.92,60.93313468312588,Rameen_Chewing_Video_Files
53.96,60.83008796815108,Rameen_Chewing_Video_Files
54.0,58.76405910266125,Rameen_Chewing_Video_Files
54.04,56.91347288009492,Rameen_Chewing_Video_Files
54.08,45.85532122935046,Rameen_Chewing_Video_Files
54.12,32.347579459470104,Rameen_Chewing_Video_Files
54.16,23.355451624387563,Rameen_Chewing_Video_Files
54.2,16.805369439692072,Rameen_Chewing_Video_Files
54.24,16.60237454978406,Rameen_Chewing_Video_Files
54.28,15.890642293332572,Rameen_Chewing_Video_Files
54.32,7.671676403326618,Rameen_Chewing_Video_Files
54.36,13.054816938029475,Rameen_Chewing_Video_Files
54.4,12.306621969512609,Rameen_Chewing_Video_Files
54.44,9.500194171469746,Rameen_Chewing_Video_Files
54.48,3.8238605345558128,Rameen_Chewing_Video_Files
54.52,17.069265204101477,Rameen_Chewing_Video_Files
54.56,19.452606534257825,Rameen_Chewing_Video_Files
54.6,10.619093759229068,Rameen_Chewing_Video_Files
54.64,10.698509346414212,Rameen_Chewing_Video_Files
54.68,9.272997984486317,Rameen_Chewing_Video_Files
54.72,8.244578514877638,Rameen_Chewing_Video_Files
54.76,2.496400709637161,Rameen_Chewing_Video_Files
54.8,2.2120808248833543,Rameen_Chewing_Video_Files
54.84,1.9336495400798548,Rameen_Chewing_Video_Files
54.88,1.438001665921734,Rameen_Chewing_Video_Files
54.92,0.7549784431029983,Rameen_Chewing_Video_Files
54.96,1.8114557552480888,Rameen_Chewing_Video_Files
55.0,8.318336649845373,Rameen_Chewing_Video_Files
55.04,8.778032520700707,Rameen_Chewing_Video_Files
55.08,11.43474991246704,Rameen_Chewing_Video_Files
55.12,8.138252606835486,Rameen_Chewing_Video_Files
55.16,6.330097319957393,Rameen_Chewing_Video_Files
55.2,5.498274983359607,Rameen_Chewing_Video_Files
55.24,5.917268120842823,Rameen_Chewing_Video_Files
55.28,5.071072576941575,Rameen_Chewing_Video_Files
55.32,6.30808011504169,Rameen_Chewing_Video_Files
55.36,7.612410895217109,Rameen_Chewing_Video_Files
55.4,6.248311068388218,Rameen_Chewing_Video_Files
55.44,6.105005590953737,Rameen_Chewing_Video_Files
55.48,3.734478451983373,Rameen_Chewing_Video_Files
55.52,5.668513580496081,Rameen_Chewing_Video_Files
55.56,2.007746687248103,Rameen_Chewing_Video_Files
55.6,2.3505333180321597,Rameen_Chewing_Video_Files
55.64,2.333942053998493,Rameen_Chewing_Video_Files
55.68,4.086082239117862,Rameen_Chewing_Video_Files
55.72,4.932471563952607,Rameen_Chewing_Video_Files
55.76,5.827546644438066,Rameen_Chewing_Video_Files
55.8,5.8187642803987805,Rameen_Chewing_Video_Files
55.84,4.372782798571325,Rameen_Chewing_Video_Files
55.88,4.023198808789436,Rameen_Chewing_Video_Files
55.92,3.120391520424848,Rameen_Chewing_Video_Files
55.96,1.8078498126965847,Rameen_Chewing_Video_Files
56.0,1.50882691242139,Rameen_Chewing_Video_Files
56.04,1.5726738752170577,Rameen_Chewing_Video_Files
56.08,1.804680672353442,Rameen_Chewing_Video_Files
56.12,3.3452485693187453,Rameen_Chewing_Video_Files
56.16,4.5061006909228976,Rameen_Chewing_Video_Files
56.2,6.985183337371672,Rameen_Chewing_Video_Files
56.24,4.264656317835499,Rameen_Chewing_Video_Files
56.28,1.2365885723597845,Rameen_Chewing_Video_Files
56.32,0.7082725120141858,Rameen_Chewing_Video_Files
56.36,0.7433639862385366,Rameen_Chewing_Video_Files
56.4,2.230389808279341,Rameen_Chewing_Video_Files
56.44,2.1975429575958305,Rameen_Chewing_Video_Files
56.48,4.346400938616771,Rameen_Chewing_Video_Files
56.52,3.7519658157922553,Rameen_Chewing_Video_Files
56.56,2.966296960983166,Rameen_Chewing_Video_Files
56.6,2.688635262293822,Rameen_Chewing_Video_Files
56.64,2.048495024013699,Rameen_Chewing_Video_Files
56.68,2.195435880517524,Rameen_Chewing_Video_Files
56.72,2.7861399838567467,Rameen_Chewing_Video_Files
56.76,2.068477069498785,Rameen_Chewing_Video_Files
56.8,2.3278773177874608,Rameen_Chewing_Video_Files
56.84,4.469087095887872,Rameen_Chewing_Video_Files
56.88,4.367294352759797,Rameen_Chewing_Video_Files
56.92,3.7204537729946954,Rameen_Chewing_Video_Files
56.96,1.1348113556460615,Rameen_Chewing_Video_Files
57.0,0.7046298434961759,Rameen_Chewing_Video_Files
57.04,0.5509029959934023,Rameen_Chewing_Video_Files
57.08,0.5501230523586554,Rameen_Chewing_Video_Files
57.12,0.9249904312227056,Rameen_Chewing_Video_Files
57.16,2.335625468719732,Rameen_Chewing_Video_Files
57.2,2.636334384681481,Rameen_Chewing_Video_Files
57.24,2.420610054073965,Rameen_Chewing_Video_Files
57.28,2.3983213288138576,Rameen_Chewing_Video_Files
57.32,2.3770795604559,Rameen_Chewing_Video_Files
57.36,1.8905923724493696,Rameen_Chewing_Video_Files
57.4,1.1293950774361317,Rameen_Chewing_Video_Files
57.44,0.6289790877087016,Rameen_Chewing_Video_Files
57.48,0.4658538859531408,Rameen_Chewing_Video_Files
57.52,0.4421502649087034,Rameen_Chewing_Video_Files
57.56,0.3659530842308349,Rameen_Chewing_Video_Files
57.6,0.7249085409324696,Rameen_Chewing_Video_Files
57.64,0.94885968752115,Rameen_Chewing_Video_Files
57.68,0.7126047483702281,Rameen_Chewing_Video_Files
57.72,0.5045008253234429,Rameen_Chewing_Video_Files
57.76,1.4353437298675729,Rameen_Chewing_Video_Files
57.8,1.4941389292691116,Rameen_Chewing_Video_Files
57.84,1.3065602890172292,Rameen_Chewing_Video_Files
57.88,1.3424266150879522,Rameen_Chewing_Video_Files
57.92,1.2810638441820403,Rameen_Chewing_Video_Files
57.96,1.283267418855338,Rameen_Chewing_Video_Files
58.0,2.077607605971428,Rameen_Chewing_Video_Files
58.04,2.6401854763296884,Rameen_Chewing_Video_Files
58.08,1.1449428305933722,Rameen_Chewing_Video_Files
58.12,0.7095271826933923,Rameen_Chewing_Video_Files
58.16,0.814008065179247,Rameen_Chewing_Video_Files
58.2,0.6493239491082085,Rameen_Chewing_Video_Files
58.24,0.5736730774654298,Rameen_Chewing_Video_Files
58.28,0.515265772417364,Rameen_Chewing_Video_Files
58.32,0.5148117039030208,Rameen_Chewing_Video_Files
58.36,0.5205063857756376,Rameen_Chewing_Video_Files
58.4,0.5554965873361601,Rameen_Chewing_Video_Files
58.44,0.5749108412270025,Rameen_Chewing_Video_Files
58.48,1.589153415223543,Rameen_Chewing_Video_Files
58.52,0.9705143206961012,Rameen_Chewing_Video_Files
58.56,0.8208436808251841,Rameen_Chewing_Video_Files
58.6,0.8933192749508183,Rameen_Chewing_Video_Files
58.64,0.7600571058625248,Rameen_Chewing_Video_Files
58.68,0.457688424363095,Rameen_Chewing_Video_Files
58.72,0.6469104828241294,Rameen_Chewing_Video_Files
58.76,0.6616965939455617,Rameen_Chewing_Video_Files
58.8,1.1287296703459186,Rameen_Chewing_Video_Files
58.84,2.5432056786530217,Rameen_Chewing_Video_Files
58.88,2.686993605150965,Rameen_Chewing_Video_Files
58.92,2.767570850395632,Rameen_Chewing_Video_Files
58.96,4.156114538553076,Rameen_Chewing_Video_Files
59.0,4.2489240196158615,Rameen_Chewing_Video_Files
59.04,3.313517161077601,Rameen_Chewing_Video_Files
59.08,4.121853600725286,Rameen_Chewing_Video_Files
59.12,3.263078192208665,Rameen_Chewing_Video_Files
59.16,2.9018874704609283,Rameen_Chewing_Video_Files
59.2,3.871058261411068,Rameen_Chewing_Video_Files
59.24,4.179933023628623,Rameen_Chewing_Video_Files
59.28,1.4953858220578289,Rameen_Chewing_Video_Files
59.32,2.169738417495323,Rameen_Chewing_Video_Files
59.36,1.7816329949056569,Rameen_Chewing_Video_Files
59.4,2.835979608072847,Rameen_Chewing_Video_Files
59.44,2.651669045219827,Rameen_Chewing_Video_Files
59.48,4.119628167568183,Rameen_Chewing_Video_Files
59.52,4.05519470630854,Rameen_Chewing_Video_Files
59.56,1.9671213495811188,Rameen_Chewing_Video_Files
59.6,2.199328485885362,Rameen_Chewing_Video_Files
59.64,1.5052260793220398,Rameen_Chewing_Video_Files
59.68,1.4142166216588774,Rameen_Chewing_Video_Files
59.72,9.83267814450318,Rameen_Chewing_Video_Files
59.76,5.805810048386068,Rameen_Chewing_Video_Files
59.8,5.38557949396759,Rameen_Chewing_Video_Files
59.84,5.302120888139715,Rameen_Chewing_Video_Files
59.88,1.9048761440431432,Rameen_Chewing_Video_Files
59.92,0.7925194007635867,Rameen_Chewing_Video_Files
59.96,1.7427909447619694,Rameen_Chewing_Video_Files
60.0,2.552287704398128,Rameen_Chewing_Video_Files
60.04,2.167573706458952,Rameen_Chewing_Video_Files
60.08,2.39454991822006,Rameen_Chewing_Video_Files
60.12,2.663026835311836,Rameen_Chewing_Video_Files
60.16,3.1625180558287624,Rameen_Chewing_Video_Files
60.2,3.116801205206696,Rameen_Chewing_Video_Files
60.24,2.6946371061300898,Rameen_Chewing_Video_Files
60.28,2.355469643768521,Rameen_Chewing_Video_Files
60.32,2.574876229861062,Rameen_Chewing_Video_Files
60.36,3.4711367387644585,Rameen_Chewing_Video_Files
60.4,6.611554113046617,Rameen_Chewing_Video_Files
60.44,7.073315926510887,Rameen_Chewing_Video_Files
60.48,3.668810466858232,Rameen_Chewing_Video_Files
60.52,3.661384699321184,Rameen_Chewing_Video_Files
60.56,3.19494754274691,Rameen_Chewing_Video_Files
60.6,4.841712953577027,Rameen_Chewing_Video_Files
60.64,3.591114241197827,Rameen_Chewing_Video_Files
60.68,3.537650630950051,Rameen_Chewing_Video_Files
60.72,4.071554114416205,Rameen_Chewing_Video_Files
60.76,4.809038906980505,Rameen_Chewing_Video_Files
60.8,4.315720710971821,Rameen_Chewing_Video_Files
60.84,4.733654132615312,Rameen_Chewing_Video_Files
60.88,4.0044892839257855,Rameen_Chewing_Video_Files
60.92,6.007466930065459,Rameen_Chewing_Video_Files
60.96,7.304650640805304,Rameen_Chewing_Video_Files
61.0,8.417487190855326,Rameen_Chewing_Video_Files
61.04,8.302688915430192,Rameen_Chewing_Video_Files
61.08,7.187807932924173,Rameen_Chewing_Video_Files
61.12,8.14182601115618,Rameen_Chewing_Video_Files
61.16,5.720683058855308,Rameen_Chewing_Video_Files
61.2,5.136334589951668,Rameen_Chewing_Video_Files
61.24,5.594974297241483,Rameen_Chewing_Video_Files
61.28,7.11034120610414,Rameen_Chewing_Video_Files
61.32,5.611321354226014,Rameen_Chewing_Video_Files
61.36,4.970518738064616,Rameen_Chewing_Video_Files
61.4,2.722975159657864,Rameen_Chewing_Video_Files
61.44,3.968767807918328,Rameen_Chewing_Video_Files
61.48,2.8713047044893,Rameen_Chewing_Video_Files
61.52,2.3994165542132126,Rameen_Chewing_Video_Files
61.56,2.217392787216461,Rameen_Chewing_Video_Files
61.6,2.582787780832936,Rameen_Chewing_Video_Files
61.64,2.4738720245681947,Rameen_Chewing_Video_Files
61.68,3.923040363955216,Rameen_Chewing_Video_Files
61.72,5.319482451075821,Rameen_Chewing_Video_Files
61.76,5.305291169124223,Rameen_Chewing_Video_Files
61.8,4.044983285629722,Rameen_Chewing_Video_Files
61.84,4.0970892067788025,Rameen_Chewing_Video_Files
61.88,3.854253064075341,Rameen_Chewing_Video_Files
61.92,3.68682187179784,Rameen_Chewing_Video_Files
61.96,5.518677262680078,Rameen_Chewing_Video_Files
62.0,3.549171323194384,Rameen_Chewing_Video_Files
62.04,2.8404487766451028,Rameen_Chewing_Video_Files
62.08,2.2390758394999204,Rameen_Chewing_Video_Files
62.12,1.3958683649022774,Rameen_Chewing_Video_Files
62.16,1.8518845461824065,Rameen_Chewing_Video_Files
62.2,2.259326832712177,Rameen_Chewing_Video_Files
62.24,2.8346204909734345,Rameen_Chewing_Video_Files
62.28,2.914116110037364,Rameen_Chewing_Video_Files
62.32,2.854890700828652,Rameen_Chewing_Video_Files
62.36,2.49266540966996,Rameen_Chewing_Video_Files
62.4,1.1269092331817163,Rameen_Chewing_Video_Files
62.44,5.676431544873307,Rameen_Chewing_Video_Files
62.48,8.269137174222251,Rameen_Chewing_Video_Files
62.52,5.010318437893643,Rameen_Chewing_Video_Files
62.56,5.370123847250314,Rameen_Chewing_Video_Files
62.6,5.172406180301196,Rameen_Chewing_Video_Files
62.64,5.290876473107112,Rameen_Chewing_Video_Files
62.68,5.974557068767623,Rameen_Chewing_Video_Files
62.72,3.2129219072971456,Rameen_Chewing_Video_Files
62.76,1.8312312698217184,Rameen_Chewing_Video_Files
62.8,1.1968422924015658,Rameen_Chewing_Video_Files
62.84,1.0845874750730655,Rameen_Chewing_Video_Files
62.88,1.1732820637042165,Rameen_Chewing_Video_Files
62.92,1.232652446347889,Rameen_Chewing_Video_Files
62.96,1.6692643397079832,Rameen_Chewing_Video_Files
63.0,1.594141201685982,Rameen_Chewing_Video_Files
63.04,2.4465913973194096,Rameen_Chewing_Video_Files
63.08,2.594159972490318,Rameen_Chewing_Video_Files
63.12,2.521707654963296,Rameen_Chewing_Video_Files
63.16,1.5280457878127138,Rameen_Chewing_Video_Files
63.2,2.0093557372659605,Rameen_Chewing_Video_Files
63.24,1.6407899858163777,Rameen_Chewing_Video_Files
63.28,1.4446744356081154,Rameen_Chewing_Video_Files
63.32,1.6225703528807751,Rameen_Chewing_Video_Files
63.36,3.859849201750597,Rameen_Chewing_Video_Files
63.4,6.896113361837592,Rameen_Chewing_Video_Files
63.44,7.32259169397568,Rameen_Chewing_Video_Files
63.48,3.0878175608312164,Rameen_Chewing_Video_Files
63.52,1.7523006223718145,Rameen_Chewing_Video_Files
63.56,0.9331008444738984,Rameen_Chewing_Video_Files
63.6,0.5546418965844787,Rameen_Chewing_Video_Files
63.64,0.3366184773639485,Rameen_Chewing_Video_Files
63.68,0.2095713926748225,Rameen_Chewing_Video_Files
63.72,0.1751783676151089,Rameen_Chewing_Video_Files
63.76,0.2587489965371338,Rameen_Chewing_Video_Files
63.8,0.3383715482432327,Rameen_Chewing_Video_Files
63.84,0.4610490873664825,Rameen_Chewing_Video_Files
63.88,0.6071937270296122,Rameen_Chewing_Video_Files
63.92,0.5267984909281374,Rameen_Chewing_Video_Files
63.96,0.3534746885019795,Rameen_Chewing_Video_Files
64.0,0.263043835103975,Rameen_Chewing_Video_Files
64.04,0.2543930271792589,Rameen_Chewing_Video_Files
64.08,0.2487710687534952,Rameen_Chewing_Video_Files
64.12,0.1761723803704224,Rameen_Chewing_Video_Files
64.16,0.2559359018414808,Rameen_Chewing_Video_Files
64.2,0.4929642062844,Rameen_Chewing_Video_Files
64.24,1.8578661243205488,Rameen_Chewing_Video_Files
64.28,1.7837865759560767,Rameen_Chewing_Video_Files
64.32,2.4480069348650337,Rameen_Chewing_Video_Files
64.36,2.4599627310927863,Rameen_Chewing_Video_Files
64.4,1.4972129997376695,Rameen_Chewing_Video_Files
64.44,0.789440849892415,Rameen_Chewing_Video_Files
64.48,0.7320026080730164,Rameen_Chewing_Video_Files
64.52,0.5018418639489913,Rameen_Chewing_Video_Files
64.56,0.4537760766930348,Rameen_Chewing_Video_Files
64.6,0.4397684638813675,Rameen_Chewing_Video_Files
64.64,0.5085607142504499,Rameen_Chewing_Video_Files
64.68,0.5160059917549726,Rameen_Chewing_Video_Files
64.72,0.6171480393790995,Rameen_Chewing_Video_Files
64.76,0.7114208016572298,Rameen_Chewing_Video_Files
64.8,0.6565995600714865,Rameen_Chewing_Video_Files
64.84,0.6581296380604258,Rameen_Chewing_Video_Files
64.88,1.2668567235788029,Rameen_Chewing_Video_Files
64.92,1.2119111665576243,Rameen_Chewing_Video_Files
64.96,1.2681458787933824,Rameen_Chewing_Video_Files
65.0,1.4023636637951378,Rameen_Chewing_Video_Files
65.04,1.6766910801836512,Rameen_Chewing_Video_Files
65.08,1.2143657809089234,Rameen_Chewing_Video_Files
65.12,1.4887169548426848,Rameen_Chewing_Video_Files
65.16,0.9356765446308424,Rameen_Chewing_Video_Files
65.2,0.6309487713686985,Rameen_Chewing_Video_Files
65.24,0.3518776643285268,Rameen_Chewing_Video_Files
65.28,0.4743806498483877,Rameen_Chewing_Video_Files
65.32,0.1582418459073579,Rameen_Chewing_Video_Files
65.36,0.3780321016366242,Rameen_Chewing_Video_Files
65.4,0.2085811498257423,Rameen_Chewing_Video_Files
65.44,0.3833581364636778,Rameen_Chewing_Video_Files
65.48,0.5722776344287739,Rameen_Chewing_Video_Files
65.52,0.8107154274359113,Rameen_Chewing_Video_Files
65.56,0.6723988284425567,Rameen_Chewing_Video_Files
65.6,1.0704111068018862,Rameen_Chewing_Video_Files
65.64,2.242275864547802,Rameen_Chewing_Video_Files
65.68,2.0232507007105456,Rameen_Chewing_Video_Files
65.72,2.0117692986834546,Rameen_Chewing_Video_Files
65.76,2.5299854757222047,Rameen_Chewing_Video_Files
65.8,1.5103835224059308,Rameen_Chewing_Video_Files
65.84,0.9819148570263952,Rameen_Chewing_Video_Files
65.88,1.1087594429643173,Rameen_Chewing_Video_Files
65.92,0.9717758670327412,Rameen_Chewing_Video_Files
65.96,0.7103085594348502,Rameen_Chewing_Video_Files
66.0,0.3982548028856592,Rameen_Chewing_Video_Files
66.04,0.2418850619127992,Rameen_Chewing_Video_Files
66.08,0.1824624874553717,Rameen_Chewing_Video_Files
66.12,0.1621443254068419,Rameen_Chewing_Video_Files
66.16,0.2176284907576702,Rameen_Chewing_Video_Files
66.2,0.6126092582978153,Rameen_Chewing_Video_Files
66.24,0.8384741310481998,Rameen_Chewing_Video_Files
66.28,1.0992965057916353,Rameen_Chewing_Video_Files
66.32,2.1445483154871683,Rameen_Chewing_Video_Files
66.36,1.582764894042118,Rameen_Chewing_Video_Files
66.4,1.1138494666606522,Rameen_Chewing_Video_Files
66.44,1.5382941949869793,Rameen_Chewing_Video_Files
66.48,0.8586619801836801,Rameen_Chewing_Video_Files
66.52,0.6845051822193602,Rameen_Chewing_Video_Files
66.56,0.4881219441035656,Rameen_Chewing_Video_Files
66.6,0.5272831784966523,Rameen_Chewing_Video_Files
66.64,0.4407411234001252,Rameen_Chewing_Video_Files
66.68,0.4284416365232494,Rameen_Chewing_Video_Files
66.72,0.3681543061133502,Rameen_Chewing_Video_Files
66.76,0.3741420873665794,Rameen_Chewing_Video_Files
66.8,0.2971302363893474,Rameen_Chewing_Video_Files
66.84,0.3890364054083099,Rameen_Chewing_Video_Files
66.88,0.3493835089112672,Rameen_Chewing_Video_Files
66.92,0.2568460633193257,Rameen_Chewing_Video_Files
66.96,0.2430840970832544,Rameen_Chewing_Video_Files
67.0,0.8516114278692414,Rameen_Chewing_Video_Files
67.04,0.5840315628782192,Rameen_Chewing_Video_Files
67.08,1.9097782922598,Rameen_Chewing_Video_Files
67.12,2.1946165846652343,Rameen_Chewing_Video_Files
67.16,1.4037425087839974,Rameen_Chewing_Video_Files
67.2,1.1117649101786218,Rameen_Chewing_Video_Files
67.24,0.5032102212719597,Rameen_Chewing_Video_Files
67.28,0.2873755852329642,Rameen_Chewing_Video_Files
67.32,0.3835532438413727,Rameen_Chewing_Video_Files
67.36,0.4097238885518502,Rameen_Chewing_Video_Files
67.4,0.3920761925084817,Rameen_Chewing_Video_Files
67.44,0.1812912712207512,Rameen_Chewing_Video_Files
67.48,0.2220628188354888,Rameen_Chewing_Video_Files
67.52,0.3526645422116165,Rameen_Chewing_Video_Files
67.56,0.0974216941220809,Rameen_Chewing_Video_Files
67.6,0.0501362799156885,Rameen_Chewing_Video_Files
67.64,0.1570122211836539,Rameen_Chewing_Video_Files
67.68,0.1519932060928662,Rameen_Chewing_Video_Files
67.72,0.4626899638416317,Rameen_Chewing_Video_Files
67.76,1.2468317473101989,Rameen_Chewing_Video_Files
67.8,1.7741161758400037,Rameen_Chewing_Video_Files
67.84,1.858256344742801,Rameen_Chewing_Video_Files
67.88,1.615720434010079,Rameen_Chewing_Video_Files
67.92,2.7842237016740428,Rameen_Chewing_Video_Files
67.96,0.9513767874238842,Rameen_Chewing_Video_Files
68.0,1.2314693913121175,Rameen_Chewing_Video_Files
68.04,0.70146176470197,Rameen_Chewing_Video_Files
68.08,0.7397187943835162,Rameen_Chewing_Video_Files
68.12,0.8021993101591453,Rameen_Chewing_Video_Files
68.16,1.1027530897152826,Rameen_Chewing_Video_Files
68.2,0.8248579152363721,Rameen_Chewing_Video_Files
68.24,0.5874229083581003,Rameen_Chewing_Video_Files
68.28,0.4758485469960986,Rameen_Chewing_Video_Files
68.32,0.3903058526446173,Rameen_Chewing_Video_Files
68.36,0.4780436595923751,Rameen_Chewing_Video_Files
68.4,0.2754282947536915,Rameen_Chewing_Video_Files
68.44,0.5859863621492446,Rameen_Chewing_Video_Files
68.48,0.9391156533241084,Rameen_Chewing_Video_Files
68.52,1.7401280133987742,Rameen_Chewing_Video_Files
68.56,0.6180952081509025,Rameen_Chewing_Video_Files
68.6,1.6221986303317977,Rameen_Chewing_Video_Files
68.64,1.5976435213154665,Rameen_Chewing_Video_Files
68.68,1.5237006938075264,Rameen_Chewing_Video_Files
68.72,2.024635283708449,Rameen_Chewing_Video_Files
68.76,1.6936240376885905,Rameen_Chewing_Video_Files
68.8,1.2442333690814775,Rameen_Chewing_Video_Files
68.84,0.7226293307522937,Rameen_Chewing_Video_Files
68.88,0.9427673158627112,Rameen_Chewing_Video_Files
68.92,0.993467002070527,Rameen_Chewing_Video_Files
68.96,0.8524808037332484,Rameen_Chewing_Video_Files
69.0,0.668262132085856,Rameen_Chewing_Video_Files
69.04,0.2425073441787054,Rameen_Chewing_Video_Files
69.08,0.2697846467169281,Rameen_Chewing_Video_Files
69.12,0.4045636581421087,Rameen_Chewing_Video_Files
69.16,0.3953173523367906,Rameen_Chewing_Video_Files
69.2,0.4661362788409134,Rameen_Chewing_Video_Files
69.24,0.3438004103834677,Rameen_Chewing_Video_Files
69.28,0.4314062842027257,Rameen_Chewing_Video_Files
69.32,0.6670964018788109,Rameen_Chewing_Video_Files
69.36,2.315772544132196,Rameen_Chewing_Video_Files
69.4,1.864071441035,Rameen_Chewing_Video_Files
69.44,2.257925874655954,Rameen_Chewing_Video_Files
69.48,1.4457469052642788,Rameen_Chewing_Video_Files
69.52,1.3485715022168283,Rameen_Chewing_Video_Files
69.56,0.3276954796866896,Rameen_Chewing_Video_Files
69.6,0.1283426685033148,Rameen_Chewing_Video_Files
69.64,0.1377594385099557,Rameen_Chewing_Video_Files
69.68,0.2320021560639648,Rameen_Chewing_Video_Files
69.72,0.3964350955270314,Rameen_Chewing_Video_Files
69.76,0.2001920741970715,Rameen_Chewing_Video_Files
69.8,0.1262127922952031,Rameen_Chewing_Video_Files
69.84,0.153768569463552,Rameen_Chewing_Video_Files
69.88,0.1436284132112564,Rameen_Chewing_Video_Files
69.92,0.3845748864285003,Rameen_Chewing_Video_Files
69.96,0.3381002195257553,Rameen_Chewing_Video_Files
70.0,0.4917214488054314,Rameen_Chewing_Video_Files
70.04,0.5238268779768953,Rameen_Chewing_Video_Files
70.08,0.5124881436384234,Rameen_Chewing_Video_Files
70.12,1.240222381203059,Rameen_Chewing_Video_Files
70.16,0.8816107272378519,Rameen_Chewing_Video_Files
70.2,0.6325030191992445,Rameen_Chewing_Video_Files
70.24,0.7547711077525437,Rameen_Chewing_Video_Files
70.28,0.7672394284980709,Rameen_Chewing_Video_Files
70.32,1.016118884259126,Rameen_Chewing_Video_Files
70.36,0.6497625202159304,Rameen_Chewing_Video_Files
70.4,0.4152624629282853,Rameen_Chewing_Video_Files
70.44,0.5656954875288933,Rameen_Chewing_Video_Files
70.48,0.4409199588714946,Rameen_Chewing_Video_Files
70.52,0.3773770494444921,Rameen_Chewing_Video_Files
70.56,0.3849667301887541,Rameen_Chewing_Video_Files
70.6,0.2654594130606115,Rameen_Chewing_Video_Files
70.64,0.1999409707419615,Rameen_Chewing_Video_Files
70.68,0.236929757756468,Rameen_Chewing_Video_Files
70.72,0.1697649058194797,Rameen_Chewing_Video_Files
70.76,0.2879645852738152,Rameen_Chewing_Video_Files
70.8,0.2937796135997237,Rameen_Chewing_Video_Files
70.84,0.3002243356078704,Rameen_Chewing_Video_Files
70.88,0.2370797217992067,Rameen_Chewing_Video_Files
70.92,0.2214663076702495,Rameen_Chewing_Video_Files
70.96,0.2162580352505091,Rameen_Chewing_Video_Files
71.0,0.6984444828796631,Rameen_Chewing_Video_Files
71.04,0.8675896797037771,Rameen_Chewing_Video_Files
71.08,0.7671976273670941,Rameen_Chewing_Video_Files
71.12,0.6712573382122402,Rameen_Chewing_Video_Files
71.16,1.108017533746544,Rameen_Chewing_Video_Files
71.2,1.087082000072521,Rameen_Chewing_Video_Files
71.24,0.2769673356196621,Rameen_Chewing_Video_Files
71.28,0.1232337704422168,Rameen_Chewing_Video_Files
71.32,0.2211568150965009,Rameen_Chewing_Video_Files
71.36,0.1814184496254836,Rameen_Chewing_Video_Files
71.4,0.1188089105400093,Rameen_Chewing_Video_Files
71.44,0.0800218363024939,Rameen_Chewing_Video_Files
71.48,0.0302476211810745,Rameen_Chewing_Video_Files
71.52,0.076527225167377,Rameen_Chewing_Video_Files
71.56,0.0258184579039681,Rameen_Chewing_Video_Files
71.6,0.0743696786519695,Rameen_Chewing_Video_Files
71.64,0.0956288383795771,Rameen_Chewing_Video_Files
71.68,0.1299090415007534,Rameen_Chewing_Video_Files
71.72,0.1738349633918773,Rameen_Chewing_Video_Files
71.76,0.1978885352436526,Rameen_Chewing_Video_Files
71.8,0.6439593504950513,Rameen_Chewing_Video_Files
71.84,0.855433057087971,Rameen_Chewing_Video_Files
71.88,1.046576134864084,Rameen_Chewing_Video_Files
71.92,1.4168011583171094,Rameen_Chewing_Video_Files
71.96,1.2715881559792932,Rameen_Chewing_Video_Files
72.0,0.7777248457482274,Rameen_Chewing_Video_Files
72.04,0.6335744157975752,Rameen_Chewing_Video_Files
72.08,0.4800094690589701,Rameen_Chewing_Video_Files
72.12,0.4000599590100643,Rameen_Chewing_Video_Files
72.16,0.3514685938770038,Rameen_Chewing_Video_Files
72.2,0.3408391480773298,Rameen_Chewing_Video_Files
72.24,0.3141958498340497,Rameen_Chewing_Video_Files
72.28,0.2501930573197762,Rameen_Chewing_Video_Files
72.32,0.1331231201927875,Rameen_Chewing_Video_Files
72.36,0.1333465577842905,Rameen_Chewing_Video_Files
72.4,0.1252831739000898,Rameen_Chewing_Video_Files
72.44,0.1249454360204375,Rameen_Chewing_Video_Files
72.48,0.1302041790348088,Rameen_Chewing_Video_Files
72.52,0.1897623173158273,Rameen_Chewing_Video_Files
72.56,0.376962367664878,Rameen_Chewing_Video_Files
72.6,0.7447449343998351,Rameen_Chewing_Video_Files
72.64,0.6157284304790178,Rameen_Chewing_Video_Files
72.68,0.713309220651383,Rameen_Chewing_Video_Files
72.72,0.558954454966304,Rameen_Chewing_Video_Files
72.76,0.4617244367176925,Rameen_Chewing_Video_Files
72.8,0.3399664187995896,Rameen_Chewing_Video_Files
72.84,0.2046813143891137,Rameen_Chewing_Video_Files
72.88,0.1605529052163969,Rameen_Chewing_Video_Files
72.92,0.1518651490335316,Rameen_Chewing_Video_Files
72.96,0.1455321018156545,Rameen_Chewing_Video_Files
73.0,0.1440521999129861,Rameen_Chewing_Video_Files
73.04,0.1333259072750379,Rameen_Chewing_Video_Files
73.08,0.0868192876243458,Rameen_Chewing_Video_Files
73.12,0.1129350943451017,Rameen_Chewing_Video_Files
73.16,0.3859037355451425,Rameen_Chewing_Video_Files
73.2,0.42997534355187,Rameen_Chewing_Video_Files
73.24,0.7818772100642154,Rameen_Chewing_Video_Files
73.28,0.8108024789436672,Rameen_Chewing_Video_Files
73.32,0.9116671932059892,Rameen_Chewing_Video_Files
73.36,0.1038928319265857,Rameen_Chewing_Video_Files
73.4,0.3290568406137123,Rameen_Chewing_Video_Files
73.44,0.3450946861375018,Rameen_Chewing_Video_Files
73.48,0.2604688621486475,Rameen_Chewing_Video_Files
73.52,0.1386447381828718,Rameen_Chewing_Video_Files
73.56,0.1260161995944,Rameen_Chewing_Video_Files
73.6,0.1155785158876147,Rameen_Chewing_Video_Files
73.64,0.1340134341809138,Rameen_Chewing_Video_Files
73.68,0.1333048177694892,Rameen_Chewing_Video_Files
73.72,0.1260596627930769,Rameen_Chewing_Video_Files
73.76,0.1032903313955687,Rameen_Chewing_Video_Files
73.8,0.0849772494994986,Rameen_Chewing_Video_Files
73.84,0.1083243373301638,Rameen_Chewing_Video_Files
73.88,0.152973789759788,Rameen_Chewing_Video_Files
73.92,0.1686527601023391,Rameen_Chewing_Video_Files
73.96,0.1712338661411439,Rameen_Chewing_Video_Files
74.0,2.0427184412867345,Rameen_Chewing_Video_Files
74.04,4.309332502612348,Rameen_Chewing_Video_Files
74.08,8.257139621954762,Rameen_Chewing_Video_Files
74.12,9.252879736161471,Rameen_Chewing_Video_Files
74.16,8.501736035416585,Rameen_Chewing_Video_Files
74.2,7.989702379362689,Rameen_Chewing_Video_Files
74.24,7.752067430795827,Rameen_Chewing_Video_Files
74.28,7.352156932117913,Rameen_Chewing_Video_Files
74.32,6.315310023365619,Rameen_Chewing_Video_Files
74.36,2.719859107577836,Rameen_Chewing_Video_Files
74.4,1.274209429157807,Rameen_Chewing_Video_Files
74.44,0.6689974373414704,Rameen_Chewing_Video_Files
74.48,0.414707171332829,Rameen_Chewing_Video_Files
74.52,0.3128641390253383,Rameen_Chewing_Video_Files
74.56,0.2650977086759121,Rameen_Chewing_Video_Files
74.6,0.2553495058290985,Rameen_Chewing_Video_Files
74.64,0.2354905608983976,Rameen_Chewing_Video_Files
74.68,0.2096405099773433,Rameen_Chewing_Video_Files
74.72,0.1925778727685896,Rameen_Chewing_Video_Files
74.76,0.1640823711027071,Rameen_Chewing_Video_Files
74.8,0.0808498515317718,Rameen_Chewing_Video_Files
74.84,0.097925709519461,Rameen_Chewing_Video_Files
74.88,0.2620367839148265,Rameen_Chewing_Video_Files
74.92,0.7876634348801684,Rameen_Chewing_Video_Files
74.96,1.108789699285615,Rameen_Chewing_Video_Files
75.0,0.415166168157512,Rameen_Chewing_Video_Files
75.04,0.2472856866229655,Rameen_Chewing_Video_Files
75.08,0.1677690239643308,Rameen_Chewing_Video_Files
75.12,0.1755796132861614,Rameen_Chewing_Video_Files
75.16,0.163074734297292,Rameen_Chewing_Video_Files
75.2,0.1606239949709527,Rameen_Chewing_Video_Files
75.24,0.1525076721597918,Rameen_Chewing_Video_Files
75.28,0.1128932575049909,Rameen_Chewing_Video_Files
75.32,0.1009987662541536,Rameen_Chewing_Video_Files
75.36,0.0950555892096527,Rameen_Chewing_Video_Files
75.4,0.1240809292956988,Rameen_Chewing_Video_Files
75.44,0.1396076092404444,Rameen_Chewing_Video_Files
75.48,0.160858954454165,Rameen_Chewing_Video_Files
75.52,0.192804178816744,Rameen_Chewing_Video_Files
75.56,0.1698058769788665,Rameen_Chewing_Video_Files
75.6,2.007340808564487,Rameen_Chewing_Video_Files
75.64,1.3323258092124846,Rameen_Chewing_Video_Files
75.68,0.8493762866306614,Rameen_Chewing_Video_Files
75.72,0.8429792999661199,Rameen_Chewing_Video_Files
75.76,0.6754344619499596,Rameen_Chewing_Video_Files
75.8,0.2636389180910201,Rameen_Chewing_Video_Files
75.84,0.148230623429943,Rameen_Chewing_Video_Files
75.88,0.3568357448900525,Rameen_Chewing_Video_Files
75.92,0.5112884795646024,Rameen_Chewing_Video_Files
75.96,0.4655307488921668,Rameen_Chewing_Video_Files
76.0,0.4440194981414704,Rameen_Chewing_Video_Files
76.04,0.4287929003756745,Rameen_Chewing_Video_Files
76.08,0.3859932448608915,Rameen_Chewing_Video_Files
76.12,0.3548804583186677,Rameen_Chewing_Video_Files
76.16,0.2663635784077637,Rameen_Chewing_Video_Files
76.2,0.2061988658303111,Rameen_Chewing_Video_Files
76.24,0.1449367004873837,Rameen_Chewing_Video_Files
76.28,0.2009230945832612,Rameen_Chewing_Video_Files
76.32,0.1257656312552665,Rameen_Chewing_Video_Files
76.36,0.1265824939445564,Rameen_Chewing_Video_Files
76.4,0.177761088328524,Rameen_Chewing_Video_Files
76.44,0.1919706248130242,Rameen_Chewing_Video_Files
76.48,0.186721010817065,Rameen_Chewing_Video_Files
76.52,0.1842255058542596,Rameen_Chewing_Video_Files
76.56,2.451583303056115,Rameen_Chewing_Video_Files
76.6,6.294630919116576,Rameen_Chewing_Video_Files
76.64,9.392379959343511,Rameen_Chewing_Video_Files
76.68,10.60766465778275,Rameen_Chewing_Video_Files
76.72,11.92357887036126,Rameen_Chewing_Video_Files
76.76,11.723509232838012,Rameen_Chewing_Video_Files
76.8,10.592869627583148,Rameen_Chewing_Video_Files
76.84,10.71988466342883,Rameen_Chewing_Video_Files
76.88,9.896631731887457,Rameen_Chewing_Video_Files
76.92,8.93990757359229,Rameen_Chewing_Video_Files
76.96,4.637389262042432,Rameen_Chewing_Video_Files
77.0,1.547527592577515,Rameen_Chewing_Video_Files
77.04,0.6858950246390836,Rameen_Chewing_Video_Files
77.08,0.1941340253584171,Rameen_Chewing_Video_Files
77.12,0.9356286982014737,Rameen_Chewing_Video_Files
77.16,0.4262331160743127,Rameen_Chewing_Video_Files
77.2,0.1653915451043046,Rameen_Chewing_Video_Files
77.24,0.1562953767600998,Rameen_Chewing_Video_Files
77.28,0.2392083070608303,Rameen_Chewing_Video_Files
77.32,0.3040356021010087,Rameen_Chewing_Video_Files
77.36,0.2164531015520707,Rameen_Chewing_Video_Files
77.4,0.2723109986799376,Rameen_Chewing_Video_Files
77.44,0.2728457982951012,Rameen_Chewing_Video_Files
77.48,0.3237538095338821,Rameen_Chewing_Video_Files
77.52,0.4305303122236751,Rameen_Chewing_Video_Files
77.56,0.3246167109291127,Rameen_Chewing_Video_Files
77.6,0.3890722763686189,Rameen_Chewing_Video_Files
77.64,0.5227375608154007,Rameen_Chewing_Video_Files
77.68,0.6374438387065885,Rameen_Chewing_Video_Files
77.72,0.9358881551309326,Rameen_Chewing_Video_Files
77.76,1.727554636493665,Rameen_Chewing_Video_Files
77.8,1.632401587108782,Rameen_Chewing_Video_Files
77.84,4.269395749022919,Rameen_Chewing_Video_Files
77.88,1.362825655264705,Rameen_Chewing_Video_Files
77.92,0.560136486791523,Rameen_Chewing_Video_Files
77.96,0.3565437662673873,Rameen_Chewing_Video_Files
78.0,0.4447046848426882,Rameen_Chewing_Video_Files
78.04,0.4209166704606574,Rameen_Chewing_Video_Files
78.08,0.4452835817902194,Rameen_Chewing_Video_Files
78.12,0.5641080968544991,Rameen_Chewing_Video_Files
78.16,0.580831418009673,Rameen_Chewing_Video_Files
78.2,0.5601428279611965,Rameen_Chewing_Video_Files
78.24,0.5283738012288303,Rameen_Chewing_Video_Files
78.28,0.4839223093392302,Rameen_Chewing_Video_Files
78.32,0.5042274428853035,Rameen_Chewing_Video_Files
78.36,0.6892114498555965,Rameen_Chewing_Video_Files
78.4,1.20071193529078,Rameen_Chewing_Video_Files
78.44,0.9548677534458258,Rameen_Chewing_Video_Files
78.48,2.6849276363189367,Rameen_Chewing_Video_Files
78.52,2.020336974736783,Rameen_Chewing_Video_Files
78.56,1.1880786446528675,Rameen_Chewing_Video_Files
78.6,1.603675430611327,Rameen_Chewing_Video_Files
78.64,1.8465712496480151,Rameen_Chewing_Video_Files
78.68,1.6681164800523889,Rameen_Chewing_Video_Files
78.72,1.951127214523189,Rameen_Chewing_Video_Files
78.76,1.702001670945068,Rameen_Chewing_Video_Files
78.8,1.082542530434222,Rameen_Chewing_Video_Files
78.84,0.6533920909501916,Rameen_Chewing_Video_Files
78.88,0.5509881413618231,Rameen_Chewing_Video_Files
78.92,0.4804301059046043,Rameen_Chewing_Video_Files
78.96,0.4195237358297107,Rameen_Chewing_Video_Files
79.0,0.3808137834341542,Rameen_Chewing_Video_Files
79.04,0.3934993293239384,Rameen_Chewing_Video_Files
79.08,0.3610763385374603,Rameen_Chewing_Video_Files
79.12,0.3498925472318292,Rameen_Chewing_Video_Files
79.16,0.3645335273492336,Rameen_Chewing_Video_Files
79.2,0.3421791583588983,Rameen_Chewing_Video_Files
79.24,0.3436560684717998,Rameen_Chewing_Video_Files
79.28,0.3296347754493391,Rameen_Chewing_Video_Files
79.32,0.3278527866490034,Rameen_Chewing_Video_Files
79.36,0.2963854350625084,Rameen_Chewing_Video_Files
79.4,0.2999649355660562,Rameen_Chewing_Video_Files
79.44,0.2755050663405211,Rameen_Chewing_Video_Files
79.48,0.2449747911623132,Rameen_Chewing_Video_Files
79.52,0.1876962631568853,Rameen_Chewing_Video_Files
79.56,0.1874259524152354,Rameen_Chewing_Video_Files
79.6,0.1061841797663223,Rameen_Chewing_Video_Files
79.64,0.0710009447754087,Rameen_Chewing_Video_Files
79.68,0.0554467141525025,Rameen_Chewing_Video_Files
79.72,0.0729653227947914,Rameen_Chewing_Video_Files
79.76,0.1005002410907177,Rameen_Chewing_Video_Files
79.8,0.1443007000059016,Rameen_Chewing_Video_Files
79.84,0.1916877329036087,Rameen_Chewing_Video_Files
79.88,1.549900570928799,Rameen_Chewing_Video_Files
79.92,3.6450625206250895,Rameen_Chewing_Video_Files
79.96,5.29692608760877,Rameen_Chewing_Video_Files
80.0,5.182294177128592,Rameen_Chewing_Video_Files
80.04,5.564110424236949,Rameen_Chewing_Video_Files
80.08,5.674136827786351,Rameen_Chewing_Video_Files
80.12,5.639543812775539,Rameen_Chewing_Video_Files
80.16,4.922136245762826,Rameen_Chewing_Video_Files
80.2,2.980119068179003,Rameen_Chewing_Video_Files
80.24,1.7305550223026245,Rameen_Chewing_Video_Files
80.28,1.1095899483908271,Rameen_Chewing_Video_Files
80.32,0.7572823792071832,Rameen_Chewing_Video_Files
80.36,0.5371996633681323,Rameen_Chewing_Video_Files
80.4,0.3365248531341459,Rameen_Chewing_Video_Files
80.44,0.3408259054918162,Rameen_Chewing_Video_Files
80.48,0.3680676484733819,Rameen_Chewing_Video_Files
80.52,0.3562453849424718,Rameen_Chewing_Video_Files
80.56,0.3496472720984093,Rameen_Chewing_Video_Files
80.6,0.3247750916480775,Rameen_Chewing_Video_Files
80.64,0.3164657942103728,Rameen_Chewing_Video_Files
80.68,0.291115351499366,Rameen_Chewing_Video_Files
80.72,0.277424619220571,Rameen_Chewing_Video_Files
80.76,0.2443126476620806,Rameen_Chewing_Video_Files
80.8,0.2115012657385205,Rameen_Chewing_Video_Files
80.84,0.2046961879107293,Rameen_Chewing_Video_Files
80.88,0.2015259819704674,Rameen_Chewing_Video_Files
80.92,0.2016727724326636,Rameen_Chewing_Video_Files
80.96,0.1905987656932761,Rameen_Chewing_Video_Files
81.0,0.163098880518696,Rameen_Chewing_Video_Files
81.04,0.1443248354059775,Rameen_Chewing_Video_Files
81.08,0.1339051173489275,Rameen_Chewing_Video_Files
81.12,0.1210700181912076,Rameen_Chewing_Video_Files
81.16,0.1129964011000364,Rameen_Chewing_Video_Files
81.2,0.1089675444613259,Rameen_Chewing_Video_Files
81.24,0.0953437462242848,Rameen_Chewing_Video_Files
81.28,0.0858886058424568,Rameen_Chewing_Video_Files
81.32,0.0800245878624671,Rameen_Chewing_Video_Files
81.36,0.0762486233801713,Rameen_Chewing_Video_Files
81.4,0.0760520295980389,Rameen_Chewing_Video_Files
81.44,0.0654060801980224,Rameen_Chewing_Video_Files
81.48,0.0552844271199558,Rameen_Chewing_Video_Files
81.52,0.0600726683146618,Rameen_Chewing_Video_Files
81.56,0.0630741781309778,Rameen_Chewing_Video_Files
81.6,0.0647687074722078,Rameen_Chewing_Video_Files
81.64,0.061411088048149,Rameen_Chewing_Video_Files
81.68,0.0620715442264022,Rameen_Chewing_Video_Files
81.72,0.0613152397562837,Rameen_Chewing_Video_Files
81.76,0.0552668577458191,Rameen_Chewing_Video_Files
81.8,0.0468748534716859,Rameen_Chewing_Video_Files
81.84,0.045654998260098,Rameen_Chewing_Video_Files
81.88,0.0468687085034918,Rameen_Chewing_Video_Files
81.92,0.050386375078917,Rameen_Chewing_Video_Files
81.96,0.0507815598070914,Rameen_Chewing_Video_Files
82.0,0.0518609428281282,Rameen_Chewing_Video_Files
82.04,0.0538219585403543,Rameen_Chewing_Video_Files
82.08,0.0605750115359645,Rameen_Chewing_Video_Files
82.12,0.0631533731816917,Rameen_Chewing_Video_Files
82.16,0.0673300037951918,Rameen_Chewing_Video_Files
82.2,0.0784282791941836,Rameen_Chewing_Video_Files
82.24,0.089934126657468,Rameen_Chewing_Video_Files
82.28,0.0880804351991051,Rameen_Chewing_Video_Files
82.32,0.0801259977126481,Rameen_Chewing_Video_Files
82.36,0.0820965088897522,Rameen_Chewing_Video_Files
82.4,0.1148724656669055,Rameen_Chewing_Video_Files
82.44,0.1545179739607676,Rameen_Chewing_Video_Files
82.48,0.1784027348558338,Rameen_Chewing_Video_Files
82.52,0.1415172433891317,Rameen_Chewing_Video_Files
82.56,0.2255109727053109,Rameen_Chewing_Video_Files
82.6,0.231044697990232,Rameen_Chewing_Video_Files
82.64,4.245380290819733,Rameen_Chewing_Video_Files
82.68,7.913731586770531,Rameen_Chewing_Video_Files
82.72,10.4550676859739,Rameen_Chewing_Video_Files
82.76,11.758708794790524,Rameen_Chewing_Video_Files
82.8,15.014036423197796,Rameen_Chewing_Video_Files
82.84,17.24591878994725,Rameen_Chewing_Video_Files
82.88,19.504260892873685,Rameen_Chewing_Video_Files
82.92,21.65547628696496,Rameen_Chewing_Video_Files
82.96,20.005457847467795,Rameen_Chewing_Video_Files
83.0,29.50642280870493,Rameen_Chewing_Video_Files
83.04,32.6228231217188,Rameen_Chewing_Video_Files
83.08,35.60068540737688,Rameen_Chewing_Video_Files
83.12,40.461464166249726,Rameen_Chewing_Video_Files
83.16,44.13444890327633,Rameen_Chewing_Video_Files
83.2,50.93023425881869,Rameen_Chewing_Video_Files
83.24,54.035298225460906,Rameen_Chewing_Video_Files
83.28,56.07275079678631,Rameen_Chewing_Video_Files
83.32,58.8747144101287,Rameen_Chewing_Video_Files
83.36,59.7909475638802,Rameen_Chewing_Video_Files
83.4,60.84142304956997,Rameen_Chewing_Video_Files
83.44,60.84879289772005,Rameen_Chewing_Video_Files
83.48,61.74202681436502,Rameen_Chewing_Video_Files
83.52,63.0240684302666,Rameen_Chewing_Video_Files
83.56,63.46661285633219,Rameen_Chewing_Video_Files
83.6,60.70931638105423,Rameen_Chewing_Video_Files
83.64,56.99035455140832,Rameen_Chewing_Video_Files
83.68,50.19244071094518,Rameen_Chewing_Video_Files
83.72,43.427006173350925,Rameen_Chewing_Video_Files
83.76,35.75063565297672,Rameen_Chewing_Video_Files
83.8,12.301266327466248,Rameen_Chewing_Video_Files
83.84,2.872400050566285,Rameen_Chewing_Video_Files
83.88,3.210140411044163,Rameen_Chewing_Video_Files
83.92,2.2257774159852275,Rameen_Chewing_Video_Files
83.96,1.6964419894580178,Rameen_Chewing_Video_Files
84.0,4.6094643740963495,Rameen_Chewing_Video_Files
84.04,5.215628590491364,Rameen_Chewing_Video_Files
84.08,1.1643479681671929,Rameen_Chewing_Video_Files
84.12,6.0088053669358885,Rameen_Chewing_Video_Files
84.16,9.797383075025769,Rameen_Chewing_Video_Files
84.2,9.67850504698605,Rameen_Chewing_Video_Files
84.24,5.154979016343407,Rameen_Chewing_Video_Files
84.28,6.6926276067964094,Rameen_Chewing_Video_Files
84.32,9.96968796471809,Rameen_Chewing_Video_Files
84.36,9.8217543059694,Rameen_Chewing_Video_Files
84.4,6.974524187024303,Rameen_Chewing_Video_Files
84.44,5.512644471640494,Rameen_Chewing_Video_Files
84.48,5.708317366586074,Rameen_Chewing_Video_Files
84.52,6.082106589869043,Rameen_Chewing_Video_Files
84.56,5.485984265901415,Rameen_Chewing_Video_Files
84.6,2.669417363592066,Rameen_Chewing_Video_Files
84.64,1.5166497023323835,Rameen_Chewing_Video_Files
84.68,0.9957996765608732,Rameen_Chewing_Video_Files
84.72,0.9282919108896632,Rameen_Chewing_Video_Files
84.76,1.0803254782516454,Rameen_Chewing_Video_Files
84.8,1.4290977595732473,Rameen_Chewing_Video_Files
84.84,2.170933385275528,Rameen_Chewing_Video_Files
84.88,2.2023191017217094,Rameen_Chewing_Video_Files
84.92,1.837680588326814,Rameen_Chewing_Video_Files
84.96,2.4566551286828093,Rameen_Chewing_Video_Files
85.0,1.8114452407702344,Rameen_Chewing_Video_Files
85.04,2.738341264348467,Rameen_Chewing_Video_Files
85.08,1.3818372014736366,Rameen_Chewing_Video_Files
85.12,0.984563438059916,Rameen_Chewing_Video_Files
85.16,0.9494323052710404,Rameen_Chewing_Video_Files
85.2,1.0693500642624651,Rameen_Chewing_Video_Files
85.24,1.2036424992709396,Rameen_Chewing_Video_Files
85.28,6.257133996883748,Rameen_Chewing_Video_Files
85.32,4.411674742644674,Rameen_Chewing_Video_Files
85.36,5.31500560538183,Rameen_Chewing_Video_Files
85.4,6.006766008858121,Rameen_Chewing_Video_Files
85.44,5.65949684957942,Rameen_Chewing_Video_Files
85.48,5.240108259038985,Rameen_Chewing_Video_Files
85.52,4.477292281524091,Rameen_Chewing_Video_Files
85.56,4.6509731650563815,Rameen_Chewing_Video_Files
85.6,3.748518884251959,Rameen_Chewing_Video_Files
85.64,2.891506628713622,Rameen_Chewing_Video_Files
85.68,2.194791035341144,Rameen_Chewing_Video_Files
85.72,3.129732462696003,Rameen_Chewing_Video_Files
85.76,1.515962480747732,Rameen_Chewing_Video_Files
85.8,1.3209007904563104,Rameen_Chewing_Video_Files
85.84,1.6254300478699848,Rameen_Chewing_Video_Files
85.88,1.903385947658504,Rameen_Chewing_Video_Files
85.92,5.713625126036531,Rameen_Chewing_Video_Files
85.96,6.513641305795435,Rameen_Chewing_Video_Files
86.0,4.827748311754916,Rameen_Chewing_Video_Files
86.04,3.5965808637341863,Rameen_Chewing_Video_Files
86.08,3.5463239697098774,Rameen_Chewing_Video_Files
86.12,2.92257446732871,Rameen_Chewing_Video_Files
86.16,2.959379783120599,Rameen_Chewing_Video_Files
86.2,3.0061932997581597,Rameen_Chewing_Video_Files
86.24,3.278523692060771,Rameen_Chewing_Video_Files
86.28,4.688822149919022,Rameen_Chewing_Video_Files
86.32,8.704724730501969,Rameen_Chewing_Video_Files
86.36,9.019346323637514,Rameen_Chewing_Video_Files
86.4,3.54465807032584,Rameen_Chewing_Video_Files
86.44,3.7143095128655066,Rameen_Chewing_Video_Files
86.48,2.8520331786307542,Rameen_Chewing_Video_Files
86.52,1.0517443018026735,Rameen_Chewing_Video_Files
86.56,5.9257531198015245,Rameen_Chewing_Video_Files
86.6,3.480673773205802,Rameen_Chewing_Video_Files
86.64,5.415643965993786,Rameen_Chewing_Video_Files
86.68,2.4447814159967667,Rameen_Chewing_Video_Files
86.72,1.055035315958708,Rameen_Chewing_Video_Files
86.76,1.0464484137463206,Rameen_Chewing_Video_Files
86.8,0.9220333102033448,Rameen_Chewing_Video_Files
86.84,0.998343723751812,Rameen_Chewing_Video_Files
86.88,1.081582150536409,Rameen_Chewing_Video_Files
86.92,1.7632820369822653,Rameen_Chewing_Video_Files
86.96,2.133060398325681,Rameen_Chewing_Video_Files
87.0,1.92593087911474,Rameen_Chewing_Video_Files
87.04,1.1766596672959777,Rameen_Chewing_Video_Files
87.08,3.874135740692711,Rameen_Chewing_Video_Files
87.12,4.630336144555949,Rameen_Chewing_Video_Files
87.16,1.6589948336942069,Rameen_Chewing_Video_Files
87.2,1.0106241367857371,Rameen_Chewing_Video_Files
87.24,0.8570555721405192,Rameen_Chewing_Video_Files
87.28,0.7994703659336242,Rameen_Chewing_Video_Files
87.32,0.7917915618692206,Rameen_Chewing_Video_Files
87.36,0.930181426086551,Rameen_Chewing_Video_Files
87.4,0.8212045998480584,Rameen_Chewing_Video_Files
87.44,0.6033368266825749,Rameen_Chewing_Video_Files
87.48,0.7292863098007517,Rameen_Chewing_Video_Files
87.52,0.8740084051479953,Rameen_Chewing_Video_Files
87.56,0.7358884375123796,Rameen_Chewing_Video_Files
87.6,0.5349526956543402,Rameen_Chewing_Video_Files
87.64,0.7069173242798787,Rameen_Chewing_Video_Files
87.68,0.6065092445065972,Rameen_Chewing_Video_Files
87.72,0.8287035613485051,Rameen_Chewing_Video_Files
87.76,1.2724325563756311,Rameen_Chewing_Video_Files
87.8,1.0266567305804528,Rameen_Chewing_Video_Files
87.84,1.7958741986419169,Rameen_Chewing_Video_Files
87.88,1.851012681536528,Rameen_Chewing_Video_Files
87.92,1.9541842939469432,Rameen_Chewing_Video_Files
87.96,1.1558357004916853,Rameen_Chewing_Video_Files
88.0,1.0719690575365617,Rameen_Chewing_Video_Files
88.04,0.7296820182319106,Rameen_Chewing_Video_Files
88.08,0.977071124865749,Rameen_Chewing_Video_Files
88.12,1.0169320281663976,Rameen_Chewing_Video_Files
88.16,0.7387539870874101,Rameen_Chewing_Video_Files
88.2,0.5430696384472432,Rameen_Chewing_Video_Files
88.24,0.5091086919424964,Rameen_Chewing_Video_Files
88.28,0.5314316071323748,Rameen_Chewing_Video_Files
88.32,0.4587070664435673,Rameen_Chewing_Video_Files
88.36,0.5340376378690382,Rameen_Chewing_Video_Files
88.4,0.5092008934556664,Rameen_Chewing_Video_Files
88.44,0.7426473616648438,Rameen_Chewing_Video_Files
88.48,1.4643722966432744,Rameen_Chewing_Video_Files
88.52,0.9311388094610092,Rameen_Chewing_Video_Files
88.56,0.8610499429145828,Rameen_Chewing_Video_Files
88.6,0.950962182034096,Rameen_Chewing_Video_Files
88.64,0.9291735327478982,Rameen_Chewing_Video_Files
88.68,1.6244425673045664,Rameen_Chewing_Video_Files
88.72,1.2088515642208315,Rameen_Chewing_Video_Files
88.76,0.7657397346023443,Rameen_Chewing_Video_Files
88.8,0.6270456329860494,Rameen_Chewing_Video_Files
88.84,0.6235282010103514,Rameen_Chewing_Video_Files
88.88,0.6653927169796554,Rameen_Chewing_Video_Files
88.92,0.6654478164105695,Rameen_Chewing_Video_Files
88.96,0.6997806036910159,Rameen_Chewing_Video_Files
89.0,0.7065506949546861,Rameen_Chewing_Video_Files
89.04,1.1890593019716726,Rameen_Chewing_Video_Files
89.08,1.9949614363363692,Rameen_Chewing_Video_Files
89.12,1.9012009177726517,Rameen_Chewing_Video_Files
89.16,3.8138727983517713,Rameen_Chewing_Video_Files
89.2,1.4315777996782415,Rameen_Chewing_Video_Files
89.24,1.243585521590921,Rameen_Chewing_Video_Files
89.28,1.1189346083777123,Rameen_Chewing_Video_Files
89.32,1.1446208587320896,Rameen_Chewing_Video_Files
89.36,0.6641159750910508,Rameen_Chewing_Video_Files
89.4,0.7058331078337534,Rameen_Chewing_Video_Files
89.44,0.5456889201621816,Rameen_Chewing_Video_Files
89.48,0.5410452669826968,Rameen_Chewing_Video_Files
89.52,0.6500857973897233,Rameen_Chewing_Video_Files
89.56,0.6039794580964323,Rameen_Chewing_Video_Files
89.6,0.6054926815880513,Rameen_Chewing_Video_Files
89.64,0.6335968487863886,Rameen_Chewing_Video_Files
89.68,0.6787069431194253,Rameen_Chewing_Video_Files
89.72,0.7104241170188823,Rameen_Chewing_Video_Files
89.76,0.6839143803250182,Rameen_Chewing_Video_Files
89.8,0.8299754667986458,Rameen_Chewing_Video_Files
89.84,1.0156766348377524,Rameen_Chewing_Video_Files
89.88,0.953146265704574,Rameen_Chewing_Video_Files
89.92,1.5447285992812745,Rameen_Chewing_Video_Files
89.96,1.1250359595506814,Rameen_Chewing_Video_Files
90.0,0.82539138193007,Rameen_Chewing_Video_Files
90.04,0.6647453154383023,Rameen_Chewing_Video_Files
90.08,0.5916248639904778,Rameen_Chewing_Video_Files
90.12,0.6465106893080755,Rameen_Chewing_Video_Files
90.16,0.6154863777135143,Rameen_Chewing_Video_Files
90.2,0.5934194379208494,Rameen_Chewing_Video_Files
90.24,0.5923759424856808,Rameen_Chewing_Video_Files
90.28,0.6140637341808003,Rameen_Chewing_Video_Files
90.32,0.5968678955843736,Rameen_Chewing_Video_Files
90.36,0.6547049228852109,Rameen_Chewing_Video_Files
90.4,0.5778478758402744,Rameen_Chewing_Video_Files
90.44,1.2882600220747866,Rameen_Chewing_Video_Files
90.48,0.9089381447964848,Rameen_Chewing_Video_Files
90.52,1.0177161835631532,Rameen_Chewing_Video_Files
90.56,1.4610024319058643,Rameen_Chewing_Video_Files
90.6,3.3921851261898177,Rameen_Chewing_Video_Files
90.64,4.344470556639104,Rameen_Chewing_Video_Files
90.68,2.061069456744013,Rameen_Chewing_Video_Files
90.72,1.1377729829908292,Rameen_Chewing_Video_Files
90.76,0.8837413460188948,Rameen_Chewing_Video_Files
90.8,0.8522772603820236,Rameen_Chewing_Video_Files
90.84,0.5872149605040934,Rameen_Chewing_Video_Files
90.88,0.4777499248025249,Rameen_Chewing_Video_Files
90.92,0.4925945529208199,Rameen_Chewing_Video_Files
90.96,0.6066267397559455,Rameen_Chewing_Video_Files
91.0,0.3715676100348598,Rameen_Chewing_Video_Files
91.04,0.3078840556470418,Rameen_Chewing_Video_Files
91.08,0.5775141058850527,Rameen_Chewing_Video_Files
91.12,0.6802798405608653,Rameen_Chewing_Video_Files
91.16,0.8789671554677126,Rameen_Chewing_Video_Files
91.2,0.8468228854837233,Rameen_Chewing_Video_Files
91.24,0.8075654909086291,Rameen_Chewing_Video_Files
91.28,0.7540355680172028,Rameen_Chewing_Video_Files
91.32,0.7160223362418366,Rameen_Chewing_Video_Files
91.36,0.5706152357917771,Rameen_Chewing_Video_Files
91.4,0.5056756319598911,Rameen_Chewing_Video_Files
91.44,0.4744392482171975,Rameen_Chewing_Video_Files
91.48,0.4392531990975113,Rameen_Chewing_Video_Files
91.52,0.4117346273812732,Rameen_Chewing_Video_Files
91.56,0.3637267453998554,Rameen_Chewing_Video_Files
91.6,0.3264586985326841,Rameen_Chewing_Video_Files
91.64,0.3209901464048871,Rameen_Chewing_Video_Files
91.68,0.3396778865980966,Rameen_Chewing_Video_Files
91.72,0.3523503824622339,Rameen_Chewing_Video_Files
91.76,0.3666849005094179,Rameen_Chewing_Video_Files
91.8,0.3621262469411955,Rameen_Chewing_Video_Files
91.84,0.4951739570826816,Rameen_Chewing_Video_Files
91.88,0.6550583818852301,Rameen_Chewing_Video_Files
91.92,4.056858609337037,Rameen_Chewing_Video_Files
91.96,6.172639183565325,Rameen_Chewing_Video_Files
92.0,10.645248203240458,Rameen_Chewing_Video_Files
92.04,15.857638900600977,Rameen_Chewing_Video_Files
92.08,19.06149803337768,Rameen_Chewing_Video_Files
92.12,20.826285931987822,Rameen_Chewing_Video_Files
92.16,22.981865989742577,Rameen_Chewing_Video_Files
92.2,24.765460308614067,Rameen_Chewing_Video_Files
92.24,20.44987175407669,Rameen_Chewing_Video_Files
92.28,19.06909228610905,Rameen_Chewing_Video_Files
92.32,7.495997833440715,Rameen_Chewing_Video_Files
92.36,2.007197573863705,Rameen_Chewing_Video_Files
92.4,0.031264999075798,Rameen_Chewing_Video_Files
92.44,0.2072133690051417,Rameen_Chewing_Video_Files
92.48,0.0558245755185568,Rameen_Chewing_Video_Files
92.52,0.3101831097491883,Rameen_Chewing_Video_Files
92.56,0.3509397740683312,Rameen_Chewing_Video_Files
92.6,0.3939579185902209,Rameen_Chewing_Video_Files
92.64,0.4114466698667893,Rameen_Chewing_Video_Files
92.68,0.3889484339295715,Rameen_Chewing_Video_Files
92.72,0.4000146221972896,Rameen_Chewing_Video_Files
92.76,0.3935464476828543,Rameen_Chewing_Video_Files
92.8,0.4394496583967436,Rameen_Chewing_Video_Files
92.84,0.3298959272464347,Rameen_Chewing_Video_Files
92.88,0.6073768388238191,Rameen_Chewing_Video_Files
92.92,0.9605841784028156,Rameen_Chewing_Video_Files
92.96,0.899729131928693,Rameen_Chewing_Video_Files
93.0,0.8388240518275836,Rameen_Chewing_Video_Files
93.04,0.9351170046720152,Rameen_Chewing_Video_Files
93.08,0.4382391045175081,Rameen_Chewing_Video_Files
93.12,0.302188797862166,Rameen_Chewing_Video_Files
93.16,0.2613136987131083,Rameen_Chewing_Video_Files
93.2,0.2540656108927109,Rameen_Chewing_Video_Files
93.24,0.3267979729643379,Rameen_Chewing_Video_Files
93.28,0.3523512559468132,Rameen_Chewing_Video_Files
93.32,0.3821541741055296,Rameen_Chewing_Video_Files
93.36,0.3703509240816833,Rameen_Chewing_Video_Files
93.4,0.4434909547230998,Rameen_Chewing_Video_Files
93.44,0.4822101316412146,Rameen_Chewing_Video_Files
93.48,0.4740004681955524,Rameen_Chewing_Video_Files
93.52,0.3292698427404227,Rameen_Chewing_Video_Files
93.56,0.421847329974257,Rameen_Chewing_Video_Files
93.6,0.7371683282789138,Rameen_Chewing_Video_Files
93.64,0.9347585602538736,Rameen_Chewing_Video_Files
93.68,0.8640823546818317,Rameen_Chewing_Video_Files
93.72,1.182151230582221,Rameen_Chewing_Video_Files
93.76,0.9265521573491672,Rameen_Chewing_Video_Files
93.8,0.7252043918996942,Rameen_Chewing_Video_Files
93.84,0.5144447325967487,Rameen_Chewing_Video_Files
93.88,0.5913376931929801,Rameen_Chewing_Video_Files
93.92,0.5703966405770993,Rameen_Chewing_Video_Files
93.96,0.4217291723677205,Rameen_Chewing_Video_Files
94.0,0.3419746595200245,Rameen_Chewing_Video_Files
94.04,0.3252795149197571,Rameen_Chewing_Video_Files
94.08,0.3000807254386722,Rameen_Chewing_Video_Files
94.12,0.255736994750272,Rameen_Chewing_Video_Files
94.16,0.214002058666142,Rameen_Chewing_Video_Files
94.2,0.2115272336103621,Rameen_Chewing_Video_Files
94.24,0.2590110554309243,Rameen_Chewing_Video_Files
94.28,0.5058124829607992,Rameen_Chewing_Video_Files
94.32,0.6241118171999599,Rameen_Chewing_Video_Files
94.36,0.9708915275566828,Rameen_Chewing_Video_Files
94.4,2.228195037420196,Rameen_Chewing_Video_Files
94.44,5.092170016198428,Rameen_Chewing_Video_Files
94.48,7.1657990504398335,Rameen_Chewing_Video_Files
94.52,8.088150046151629,Rameen_Chewing_Video_Files
94.56,7.879955112768225,Rameen_Chewing_Video_Files
94.6,6.75609197083348,Rameen_Chewing_Video_Files
94.64,5.886925071711206,Rameen_Chewing_Video_Files
94.68,5.747366524070215,Rameen_Chewing_Video_Files
94.72,5.575981697010388,Rameen_Chewing_Video_Files
94.76,4.684875255096524,Rameen_Chewing_Video_Files
94.8,4.370169289349268,Rameen_Chewing_Video_Files
94.84,3.912417499804579,Rameen_Chewing_Video_Files
94.88,3.640879249509684,Rameen_Chewing_Video_Files
94.92,2.9357566917341664,Rameen_Chewing_Video_Files
94.96,1.987406922785269,Rameen_Chewing_Video_Files
95.0,1.432532177053114,Rameen_Chewing_Video_Files
95.04,1.1807583779717468,Rameen_Chewing_Video_Files
95.08,0.5263040606955836,Rameen_Chewing_Video_Files
95.12,0.6515952375782226,Rameen_Chewing_Video_Files
95.16,2.4736989491292816,Rameen_Chewing_Video_Files
95.2,2.0529249527882976,Rameen_Chewing_Video_Files
95.24,1.5631824897008684,Rameen_Chewing_Video_Files
95.28,1.5175219047999675,Rameen_Chewing_Video_Files
95.32,1.7541843332713838,Rameen_Chewing_Video_Files
95.36,0.6987067856264846,Rameen_Chewing_Video_Files
95.4,0.432748566235544,Rameen_Chewing_Video_Files
95.44,0.3436649405708572,Rameen_Chewing_Video_Files
95.48,0.404510824090446,Rameen_Chewing_Video_Files
95.52,0.3132206481118293,Rameen_Chewing_Video_Files
95.56,0.3195230907360956,Rameen_Chewing_Video_Files
95.6,0.3584777683135834,Rameen_Chewing_Video_Files
95.64,0.3810655985514717,Rameen_Chewing_Video_Files
95.68,0.4170809902256598,Rameen_Chewing_Video_Files
95.72,0.4274379836013233,Rameen_Chewing_Video_Files
95.76,0.4335738830751124,Rameen_Chewing_Video_Files
95.8,0.4502720819894962,Rameen_Chewing_Video_Files
95.84,0.4348387056666549,Rameen_Chewing_Video_Files
95.88,0.8678847243592066,Rameen_Chewing_Video_Files
95.92,1.136393202274049,Rameen_Chewing_Video_Files
95.96,1.106210565029636,Rameen_Chewing_Video_Files
96.0,1.5646119356108965,Rameen_Chewing_Video_Files
96.04,0.8082389170019297,Rameen_Chewing_Video_Files
96.08,0.5277455809077475,Rameen_Chewing_Video_Files
96.12,0.5038941484088848,Rameen_Chewing_Video_Files
96.16,0.4520559534989274,Rameen_Chewing_Video_Files
96.2,0.4644651578388792,Rameen_Chewing_Video_Files
96.24,0.4612408374313667,Rameen_Chewing_Video_Files
96.28,0.4733059388433253,Rameen_Chewing_Video_Files
96.32,0.4803164708461117,Rameen_Chewing_Video_Files
96.36,0.4837386740433094,Rameen_Chewing_Video_Files
96.4,0.4820714374146601,Rameen_Chewing_Video_Files
96.44,0.4481742856633753,Rameen_Chewing_Video_Files
96.48,0.6972122152107201,Rameen_Chewing_Video_Files
96.52,7.8959871038988,Rameen_Chewing_Video_Files
96.56,10.298354094338272,Rameen_Chewing_Video_Files
96.6,12.261867447056105,Rameen_Chewing_Video_Files
96.64,12.823376761299036,Rameen_Chewing_Video_Files
96.68,11.840544731334989,Rameen_Chewing_Video_Files
96.72,9.90530714151361,Rameen_Chewing_Video_Files
96.76,10.23099063212606,Rameen_Chewing_Video_Files
96.8,10.56069162196118,Rameen_Chewing_Video_Files
96.84,10.754481336279063,Rameen_Chewing_Video_Files
96.88,10.823186158219828,Rameen_Chewing_Video_Files
96.92,10.674596898804518,Rameen_Chewing_Video_Files
96.96,10.166336300446217,Rameen_Chewing_Video_Files
97.0,8.903970893786914,Rameen_Chewing_Video_Files
97.04,7.670758317618472,Rameen_Chewing_Video_Files
97.08,7.07764216322466,Rameen_Chewing_Video_Files
97.12,6.509603756788708,Rameen_Chewing_Video_Files
97.16,6.322309432938948,Rameen_Chewing_Video_Files
97.2,7.190210356022432,Rameen_Chewing_Video_Files
97.24,10.049008939163508,Rameen_Chewing_Video_Files
97.28,10.827364087932214,Rameen_Chewing_Video_Files
97.32,8.633764630062469,Rameen_Chewing_Video_Files
97.36,6.3527854915023,Rameen_Chewing_Video_Files
97.4,3.7337128967610944,Rameen_Chewing_Video_Files
97.44,0.3903960180172969,Rameen_Chewing_Video_Files
97.48,0.5191777424220386,Rameen_Chewing_Video_Files
97.52,0.4660557782150205,Rameen_Chewing_Video_Files
97.56,0.2919693810798439,Rameen_Chewing_Video_Files
97.6,0.1071015715615241,Rameen_Chewing_Video_Files
97.64,0.2097187928318086,Rameen_Chewing_Video_Files
97.68,0.355789955082916,Rameen_Chewing_Video_Files
97.72,0.2520039945082533,Rameen_Chewing_Video_Files
97.76,0.1735559126033636,Rameen_Chewing_Video_Files
97.8,0.189056754641082,Rameen_Chewing_Video_Files
97.84,0.2088824745733388,Rameen_Chewing_Video_Files
97.88,0.2447936511520152,Rameen_Chewing_Video_Files
97.92,0.3189755129052073,Rameen_Chewing_Video_Files
97.96,0.1872920390878326,Rameen_Chewing_Video_Files
98.0,0.1513506848411979,Rameen_Chewing_Video_Files
98.04,6.884960173245108,Rameen_Chewing_Video_Files
98.08,12.965840005352302,Rameen_Chewing_Video_Files
98.12,15.191918686557765,Rameen_Chewing_Video_Files
98.16,15.177371416208825,Rameen_Chewing_Video_Files
98.2,13.692270835480471,Rameen_Chewing_Video_Files
98.24,9.084576189021115,Rameen_Chewing_Video_Files
98.28,6.033118549903814,Rameen_Chewing_Video_Files
98.32,4.243724818411809,Rameen_Chewing_Video_Files
98.36,2.25637931517512,Rameen_Chewing_Video_Files
98.4,1.106919476177353,Rameen_Chewing_Video_Files
98.44,0.4772379815608606,Rameen_Chewing_Video_Files
98.48,0.3075525567174847,Rameen_Chewing_Video_Files
98.52,0.2405095511999053,Rameen_Chewing_Video_Files
98.56,0.1681121723203541,Rameen_Chewing_Video_Files
98.6,0.1464094228519022,Rameen_Chewing_Video_Files
98.64,0.142559580217422,Rameen_Chewing_Video_Files
98.68,0.1794514930579224,Rameen_Chewing_Video_Files
98.72,0.0257919949418941,Rameen_Chewing_Video_Files
98.76,0.085565398761297,Rameen_Chewing_Video_Files
98.8,0.0846757672847999,Rameen_Chewing_Video_Files
98.84,0.1157234000835538,Rameen_Chewing_Video_Files
98.88,0.075528725194696,Rameen_Chewing_Video_Files
98.92,0.0446290237835693,Rameen_Chewing_Video_Files
98.96,0.2008908591180031,Rameen_Chewing_Video_Files
99.0,3.818962597670767,Rameen_Chewing_Video_Files
99.04,5.991003747026442,Rameen_Chewing_Video_Files
99.08,6.911055999379766,Rameen_Chewing_Video_Files
99.12,7.823210487296831,Rameen_Chewing_Video_Files
99.16,8.084589277940745,Rameen_Chewing_Video_Files
99.2,8.4534057299867,Rameen_Chewing_Video_Files
99.24,9.145711417726355,Rameen_Chewing_Video_Files
99.28,10.030217409122686,Rameen_Chewing_Video_Files
99.32,10.57367722705688,Rameen_Chewing_Video_Files
99.36,10.615674773788635,Rameen_Chewing_Video_Files
99.4,10.372004395187826,Rameen_Chewing_Video_Files
99.44,7.114076218541715,Rameen_Chewing_Video_Files
99.48,5.220387804966881,Rameen_Chewing_Video_Files
99.52,2.0276846758481795,Rameen_Chewing_Video_Files
99.56,1.6605347792007643,Rameen_Chewing_Video_Files
99.6,1.7321580876496103,Rameen_Chewing_Video_Files
99.64,1.7349783618270953,Rameen_Chewing_Video_Files
99.68,1.613955983375317,Rameen_Chewing_Video_Files
99.72,1.497204057861704,Rameen_Chewing_Video_Files
99.76,1.3130835941019272,Rameen_Chewing_Video_Files
99.8,1.1511154004147337,Rameen_Chewing_Video_Files
99.84,0.8842133985069706,Rameen_Chewing_Video_Files
99.88,0.7269302853792246,Rameen_Chewing_Video_Files
99.92,0.5882592842157622,Rameen_Chewing_Video_Files
99.96,0.5398581523788967,Rameen_Chewing_Video_Files
100.0,0.5049204213418839,Rameen_Chewing_Video_Files
100.04,0.3777322431342015,Rameen_Chewing_Video_Files
100.08,0.44179946954842,Rameen_Chewing_Video_Files
100.12,0.5654850356593942,Rameen_Chewing_Video_Files
100.16,0.6238519705219442,Rameen_Chewing_Video_Files
100.2,0.5980426266044827,Rameen_Chewing_Video_Files
100.24,0.6759974581259978,Rameen_Chewing_Video_Files
100.28,0.510646982319708,Rameen_Chewing_Video_Files
100.32,0.3815651397590638,Rameen_Chewing_Video_Files
100.36,0.2181712029372154,Rameen_Chewing_Video_Files
100.4,0.1899748370725669,Rameen_Chewing_Video_Files
100.44,0.169815259844002,Rameen_Chewing_Video_Files
100.48,0.0998099348323994,Rameen_Chewing_Video_Files
100.52,0.0793777232713537,Rameen_Chewing_Video_Files
100.56,0.0346066005630212,Rameen_Chewing_Video_Files
100.6,0.0929494543295843,Rameen_Chewing_Video_Files
100.64,0.1426179354245465,Rameen_Chewing_Video_Files
100.68,0.1310727531922921,Rameen_Chewing_Video_Files
100.72,0.0781235803022508,Rameen_Chewing_Video_Files
100.76,0.0554313062759801,Rameen_Chewing_Video_Files
100.8,0.0240990239994237,Rameen_Chewing_Video_Files
100.84,0.0600287342132432,Rameen_Chewing_Video_Files
100.88,0.4701844358719535,Rameen_Chewing_Video_Files
100.92,2.7560777456536223,Rameen_Chewing_Video_Files
100.96,4.670835299831823,Rameen_Chewing_Video_Files
101.0,7.882838202131468,Rameen_Chewing_Video_Files
101.04,9.90542453551592,Rameen_Chewing_Video_Files
101.08,9.691705075965984,Rameen_Chewing_Video_Files
101.12,9.750231661902676,Rameen_Chewing_Video_Files
101.16,8.679485504777935,Rameen_Chewing_Video_Files
101.2,7.052535230574738,Rameen_Chewing_Video_Files
101.24,4.755623347141929,Rameen_Chewing_Video_Files
101.28,2.070130425129693,Rameen_Chewing_Video_Files
101.32,1.0080004507142577,Rameen_Chewing_Video_Files
101.36,0.584747833474625,Rameen_Chewing_Video_Files
101.4,0.3926202232678089,Rameen_Chewing_Video_Files
101.44,0.213404850560973,Rameen_Chewing_Video_Files
101.48,0.3449954914193995,Rameen_Chewing_Video_Files
101.52,0.3645228610115905,Rameen_Chewing_Video_Files
101.56,0.2960583261184652,Rameen_Chewing_Video_Files
101.6,0.1777785822530253,Rameen_Chewing_Video_Files
101.64,0.1222623812540223,Rameen_Chewing_Video_Files
101.68,0.0937553520853043,Rameen_Chewing_Video_Files
101.72,0.0922434363851639,Rameen_Chewing_Video_Files
101.76,0.1701423527770429,Rameen_Chewing_Video_Files
101.8,0.1736113334197692,Rameen_Chewing_Video_Files
101.84,0.2766778839880509,Rameen_Chewing_Video_Files
101.88,0.3137928587735472,Rameen_Chewing_Video_Files
101.92,0.3880405922034912,Rameen_Chewing_Video_Files
101.96,1.1950955470733855,Rameen_Chewing_Video_Files
102.0,1.31886726045518,Rameen_Chewing_Video_Files
102.04,0.5403605947520251,Rameen_Chewing_Video_Files
102.08,0.6095546037536999,Rameen_Chewing_Video_Files
102.12,0.3766098617553432,Rameen_Chewing_Video_Files
102.16,0.3876393282777499,Rameen_Chewing_Video_Files
102.2,0.326163107022454,Rameen_Chewing_Video_Files
102.24,0.3297287578695603,Rameen_Chewing_Video_Files
102.28,0.614700097222139,Rameen_Chewing_Video_Files
102.32,0.380483380327633,Rameen_Chewing_Video_Files
102.36,0.4356340318957412,Rameen_Chewing_Video_Files
102.4,0.4670445633429599,Rameen_Chewing_Video_Files
102.44,0.4308691089150265,Rameen_Chewing_Video_Files
102.48,1.5749826787219912,Rameen_Chewing_Video_Files
102.52,1.4599691425845651,Rameen_Chewing_Video_Files
102.56,1.073116698481749,Rameen_Chewing_Video_Files
102.6,1.8774019316126296,Rameen_Chewing_Video_Files
102.64,1.6769208288120252,Rameen_Chewing_Video_Files
102.68,1.262885227871077,Rameen_Chewing_Video_Files
102.72,0.994411751367848,Rameen_Chewing_Video_Files
102.76,1.0358695451185846,Rameen_Chewing_Video_Files
102.8,0.9953006084982982,Rameen_Chewing_Video_Files
102.84,0.9932338632515108,Rameen_Chewing_Video_Files
102.88,1.1383422403624983,Rameen_Chewing_Video_Files
102.92,1.048964898545722,Rameen_Chewing_Video_Files
102.96,0.9394051458772406,Rameen_Chewing_Video_Files
103.0,0.9088741444302196,Rameen_Chewing_Video_Files
103.04,1.0754622719562408,Rameen_Chewing_Video_Files
103.08,6.340599006098308,Rameen_Chewing_Video_Files
103.12,8.26015611788036,Rameen_Chewing_Video_Files
103.16,10.195122630908203,Rameen_Chewing_Video_Files
103.2,11.13891957844002,Rameen_Chewing_Video_Files
103.24,15.46695878756581,Rameen_Chewing_Video_Files
103.28,15.952450986090122,Rameen_Chewing_Video_Files
103.32,22.329416655358827,Rameen_Chewing_Video_Files
103.36,21.937054247786197,Rameen_Chewing_Video_Files
103.4,27.1915987170878,Rameen_Chewing_Video_Files
103.44,36.00090441005859,Rameen_Chewing_Video_Files
103.48,42.976338041818266,Rameen_Chewing_Video_Files
103.52,47.40311174757832,Rameen_Chewing_Video_Files
103.56,50.607102106634166,Rameen_Chewing_Video_Files
103.6,51.96943468672147,Rameen_Chewing_Video_Files
103.64,56.15050723232811,Rameen_Chewing_Video_Files
103.68,56.376281825475765,Rameen_Chewing_Video_Files
103.72,55.22567090075459,Rameen_Chewing_Video_Files
103.76,55.40998527299809,Rameen_Chewing_Video_Files
103.8,53.03505626256984,Rameen_Chewing_Video_Files
103.84,50.80696135248437,Rameen_Chewing_Video_Files
103.88,49.56452281770602,Rameen_Chewing_Video_Files
103.92,46.13602036572993,Rameen_Chewing_Video_Files
103.96,41.47018339856705,Rameen_Chewing_Video_Files
104.0,34.227657421975586,Rameen_Chewing_Video_Files
104.04,22.238111845484102,Rameen_Chewing_Video_Files
104.08,14.86226501346914,Rameen_Chewing_Video_Files
104.12,13.6588614163134,Rameen_Chewing_Video_Files
104.16,9.866773710325626,Rameen_Chewing_Video_Files
104.2,12.32886998604488,Rameen_Chewing_Video_Files
104.24,11.716290247142792,Rameen_Chewing_Video_Files
104.28,9.016785115824833,Rameen_Chewing_Video_Files
104.32,12.252308796665083,Rameen_Chewing_Video_Files
104.36,13.092736224965211,Rameen_Chewing_Video_Files
104.4,11.386517398692291,Rameen_Chewing_Video_Files
104.44,5.81305644546631,Rameen_Chewing_Video_Files
104.48,3.328246270683248,Rameen_Chewing_Video_Files
104.52,3.67305755855728,Rameen_Chewing_Video_Files
104.56,2.402869209544267,Rameen_Chewing_Video_Files
104.6,4.158545513194298,Rameen_Chewing_Video_Files
104.64,4.547986490041207,Rameen_Chewing_Video_Files
104.68,4.410474495978957,Rameen_Chewing_Video_Files
104.72,4.293061047821499,Rameen_Chewing_Video_Files
104.76,4.341597266869843,Rameen_Chewing_Video_Files
104.8,3.720298304821128,Rameen_Chewing_Video_Files
104.84,2.5803404800289003,Rameen_Chewing_Video_Files
104.88,2.427531481144817,Rameen_Chewing_Video_Files
104.92,0.985583442276322,Rameen_Chewing_Video_Files
104.96,1.4091174748681776,Rameen_Chewing_Video_Files
105.0,1.1147987901905625,Rameen_Chewing_Video_Files
105.04,1.1240176538683615,Rameen_Chewing_Video_Files
105.08,1.3083003883496322,Rameen_Chewing_Video_Files
105.12,1.5434330157279368,Rameen_Chewing_Video_Files
105.16,2.536832738745515,Rameen_Chewing_Video_Files
105.2,2.89886995049885,Rameen_Chewing_Video_Files
105.24,3.690538748815241,Rameen_Chewing_Video_Files
105.28,4.231771320592022,Rameen_Chewing_Video_Files
105.32,2.6336282781034246,Rameen_Chewing_Video_Files
105.36,2.1070205160645776,Rameen_Chewing_Video_Files
105.4,1.8665887933796963,Rameen_Chewing_Video_Files
105.44,1.408586140333498,Rameen_Chewing_Video_Files
105.48,2.3602811888678192,Rameen_Chewing_Video_Files
105.52,2.018860084209637,Rameen_Chewing_Video_Files
105.56,1.7351545993229265,Rameen_Chewing_Video_Files
105.6,1.989025029657112,Rameen_Chewing_Video_Files
105.64,1.6190530560761838,Rameen_Chewing_Video_Files
105.68,1.0457237156972516,Rameen_Chewing_Video_Files
105.72,1.9581037661078555,Rameen_Chewing_Video_Files
105.76,1.6325588055445364,Rameen_Chewing_Video_Files
105.8,1.3147388479323354,Rameen_Chewing_Video_Files
105.84,1.4665885922390205,Rameen_Chewing_Video_Files
105.88,1.4592133387373951,Rameen_Chewing_Video_Files
105.92,0.8980130799880972,Rameen_Chewing_Video_Files
105.96,1.046506742340469,Rameen_Chewing_Video_Files
106.0,0.8998680489209655,Rameen_Chewing_Video_Files
106.04,0.786098314181036,Rameen_Chewing_Video_Files
106.08,0.6759873229312324,Rameen_Chewing_Video_Files
106.12,0.6675941371149524,Rameen_Chewing_Video_Files
106.16,0.3069335665463123,Rameen_Chewing_Video_Files
106.2,0.1748844129276518,Rameen_Chewing_Video_Files
106.24,0.235031731445773,Rameen_Chewing_Video_Files
106.28,0.9105369393092184,Rameen_Chewing_Video_Files
106.32,0.8881574271635782,Rameen_Chewing_Video_Files
106.36,0.9561567279842196,Rameen_Chewing_Video_Files
106.4,0.9625975732552188,Rameen_Chewing_Video_Files
106.44,1.3298780339212282,Rameen_Chewing_Video_Files
106.48,1.3585043065964253,Rameen_Chewing_Video_Files
106.52,1.2292718401145597,Rameen_Chewing_Video_Files
106.56,1.2651536261355494,Rameen_Chewing_Video_Files
106.6,3.613266309544491,Rameen_Chewing_Video_Files
106.64,3.7039033981476632,Rameen_Chewing_Video_Files
106.68,1.7564515905357678,Rameen_Chewing_Video_Files
106.72,1.0956100755494036,Rameen_Chewing_Video_Files
106.76,1.0696961889784005,Rameen_Chewing_Video_Files
106.8,0.8766738426001297,Rameen_Chewing_Video_Files
106.84,0.8273641146939368,Rameen_Chewing_Video_Files
106.88,1.0917179015607368,Rameen_Chewing_Video_Files
106.92,1.1685161822581671,Rameen_Chewing_Video_Files
106.96,1.165955598920963,Rameen_Chewing_Video_Files
107.0,2.441343736374408,Rameen_Chewing_Video_Files
107.04,2.7992099945207354,Rameen_Chewing_Video_Files
107.08,2.8302123740692897,Rameen_Chewing_Video_Files
107.12,1.473685948199044,Rameen_Chewing_Video_Files
107.16,1.2918948117396467,Rameen_Chewing_Video_Files
107.2,1.2050619443857906,Rameen_Chewing_Video_Files
107.24,1.5112364563523992,Rameen_Chewing_Video_Files
107.28,0.953847928075603,Rameen_Chewing_Video_Files
107.32,0.7224098188082037,Rameen_Chewing_Video_Files
107.36,0.5794743781339504,Rameen_Chewing_Video_Files
107.4,0.4979543564919113,Rameen_Chewing_Video_Files
107.44,0.5391881755321538,Rameen_Chewing_Video_Files
107.48,0.5682198186820651,Rameen_Chewing_Video_Files
107.52,0.5869569378971385,Rameen_Chewing_Video_Files
107.56,0.612570539608098,Rameen_Chewing_Video_Files
107.6,0.6757747600239228,Rameen_Chewing_Video_Files
107.64,0.6292659125585124,Rameen_Chewing_Video_Files
107.68,0.7026818956819592,Rameen_Chewing_Video_Files
107.72,0.6965683584904948,Rameen_Chewing_Video_Files
107.76,1.3403646462108083,Rameen_Chewing_Video_Files
107.8,1.1401333342449524,Rameen_Chewing_Video_Files
107.84,1.057305659552195,Rameen_Chewing_Video_Files
107.88,1.0886663085948671,Rameen_Chewing_Video_Files
107.92,1.5516546443556531,Rameen_Chewing_Video_Files
107.96,2.289661821420272,Rameen_Chewing_Video_Files
108.0,2.7579029277379448,Rameen_Chewing_Video_Files
108.04,1.442274235597217,Rameen_Chewing_Video_Files
108.08,0.7887360876974424,Rameen_Chewing_Video_Files
108.12,0.517844199167429,Rameen_Chewing_Video_Files
108.16,0.4295714619646395,Rameen_Chewing_Video_Files
108.2,0.4317526529516142,Rameen_Chewing_Video_Files
108.24,0.4535825174101432,Rameen_Chewing_Video_Files
108.28,0.4565908102263166,Rameen_Chewing_Video_Files
108.32,0.4741701297319977,Rameen_Chewing_Video_Files
108.36,0.5322224763706003,Rameen_Chewing_Video_Files
108.4,0.6013592596757593,Rameen_Chewing_Video_Files
108.44,0.5420110781682363,Rameen_Chewing_Video_Files
108.48,2.237247629309927,Rameen_Chewing_Video_Files
108.52,1.563154832612226,Rameen_Chewing_Video_Files
108.56,1.4495570323474702,Rameen_Chewing_Video_Files
108.6,1.420923343351697,Rameen_Chewing_Video_Files
108.64,1.2606462898628463,Rameen_Chewing_Video_Files
108.68,1.081162947435104,Rameen_Chewing_Video_Files
108.72,0.9066778399833222,Rameen_Chewing_Video_Files
108.76,0.8948504854764091,Rameen_Chewing_Video_Files
108.8,0.9751025779901076,Rameen_Chewing_Video_Files
108.84,0.7355291635103998,Rameen_Chewing_Video_Files
108.88,0.5456179589167746,Rameen_Chewing_Video_Files
108.92,0.5612664168997902,Rameen_Chewing_Video_Files
108.96,0.5894918153808099,Rameen_Chewing_Video_Files
109.0,0.626174760840258,Rameen_Chewing_Video_Files
109.04,0.6552106491819646,Rameen_Chewing_Video_Files
109.08,0.6850983299538737,Rameen_Chewing_Video_Files
109.12,0.860152131099404,Rameen_Chewing_Video_Files
109.16,0.8222883871908713,Rameen_Chewing_Video_Files
109.2,0.8071954218741714,Rameen_Chewing_Video_Files
109.24,1.1988914135513848,Rameen_Chewing_Video_Files
109.28,1.4740971610769498,Rameen_Chewing_Video_Files
109.32,1.6018124697324372,Rameen_Chewing_Video_Files
109.36,1.490799876450265,Rameen_Chewing_Video_Files
109.4,1.3011527685639968,Rameen_Chewing_Video_Files
109.44,0.7153013115827548,Rameen_Chewing_Video_Files
109.48,0.3829169017080232,Rameen_Chewing_Video_Files
109.52,0.3351069955163125,Rameen_Chewing_Video_Files
109.56,0.3470121619996812,Rameen_Chewing_Video_Files
109.6,0.4154732204859555,Rameen_Chewing_Video_Files
109.64,0.4215753606056059,Rameen_Chewing_Video_Files
109.68,0.3413123844130156,Rameen_Chewing_Video_Files
109.72,0.3607416190771808,Rameen_Chewing_Video_Files
109.76,0.42212585193744,Rameen_Chewing_Video_Files
109.8,0.4459749254584563,Rameen_Chewing_Video_Files
109.84,0.4676361717246001,Rameen_Chewing_Video_Files
109.88,0.4565270501526419,Rameen_Chewing_Video_Files
109.92,0.4086290979828492,Rameen_Chewing_Video_Files
109.96,0.4474430366167123,Rameen_Chewing_Video_Files
110.0,0.5374302712340733,Rameen_Chewing_Video_Files
110.04,0.5819760660596308,Rameen_Chewing_Video_Files
110.08,2.719607188470318,Rameen_Chewing_Video_Files
110.12,2.329475187427669,Rameen_Chewing_Video_Files
110.16,3.0596879590252146,Rameen_Chewing_Video_Files
110.2,3.4553266235480717,Rameen_Chewing_Video_Files
110.24,3.704152156833537,Rameen_Chewing_Video_Files
110.28,1.6688449312845308,Rameen_Chewing_Video_Files
110.32,0.9557739719601752,Rameen_Chewing_Video_Files
110.36,0.6052791061032112,Rameen_Chewing_Video_Files
110.4,0.4839120448323211,Rameen_Chewing_Video_Files
110.44,0.3734664604497311,Rameen_Chewing_Video_Files
110.48,0.1928200510492698,Rameen_Chewing_Video_Files
110.52,0.3113123092314411,Rameen_Chewing_Video_Files
110.56,0.3966634615646336,Rameen_Chewing_Video_Files
110.6,0.4243050898771405,Rameen_Chewing_Video_Files
110.64,0.4493428696739173,Rameen_Chewing_Video_Files
110.68,0.4333858853632092,Rameen_Chewing_Video_Files
110.72,0.407936328417475,Rameen_Chewing_Video_Files
110.76,0.3987173289523683,Rameen_Chewing_Video_Files
110.8,0.3942299116401235,Rameen_Chewing_Video_Files
110.84,0.4194177703308555,Rameen_Chewing_Video_Files
110.88,0.8547535164607657,Rameen_Chewing_Video_Files
110.92,1.27319631117303,Rameen_Chewing_Video_Files
110.96,1.7319127765315112,Rameen_Chewing_Video_Files
111.0,1.853931542258176,Rameen_Chewing_Video_Files
111.04,1.8134515109536091,Rameen_Chewing_Video_Files
111.08,1.4387994720633035,Rameen_Chewing_Video_Files
111.12,1.2415358754031192,Rameen_Chewing_Video_Files
111.16,1.013074870660269,Rameen_Chewing_Video_Files
111.2,0.6301002005445526,Rameen_Chewing_Video_Files
111.24,0.3361516201013556,Rameen_Chewing_Video_Files
111.28,0.3076935633591978,Rameen_Chewing_Video_Files
111.32,0.4319385373421324,Rameen_Chewing_Video_Files
111.36,0.4462286086425408,Rameen_Chewing_Video_Files
111.4,0.5887005242365078,Rameen_Chewing_Video_Files
111.44,0.5098648504537369,Rameen_Chewing_Video_Files
111.48,0.4929049539968536,Rameen_Chewing_Video_Files
111.52,0.5075231631980645,Rameen_Chewing_Video_Files
111.56,0.6951585162016802,Rameen_Chewing_Video_Files
111.6,0.7405963091475928,Rameen_Chewing_Video_Files
111.64,0.7931144105439498,Rameen_Chewing_Video_Files
111.68,0.8297737779755442,Rameen_Chewing_Video_Files
111.72,1.2590483931216336,Rameen_Chewing_Video_Files
111.76,1.2770597157084118,Rameen_Chewing_Video_Files
111.8,1.2594278224022213,Rameen_Chewing_Video_Files
111.84,0.9341727715886412,Rameen_Chewing_Video_Files
111.88,0.7866545338070825,Rameen_Chewing_Video_Files
111.92,0.6308767589264173,Rameen_Chewing_Video_Files
111.96,0.4937132539936444,Rameen_Chewing_Video_Files
112.0,0.4970157213231325,Rameen_Chewing_Video_Files
112.04,0.4618785048855054,Rameen_Chewing_Video_Files
112.08,0.4483466383178889,Rameen_Chewing_Video_Files
112.12,0.4103301136924319,Rameen_Chewing_Video_Files
112.16,0.3985554349620951,Rameen_Chewing_Video_Files
112.2,0.3956825576474955,Rameen_Chewing_Video_Files
112.24,0.4022621586109359,Rameen_Chewing_Video_Files
112.28,0.4012978409508863,Rameen_Chewing_Video_Files
112.32,0.39665913298956,Rameen_Chewing_Video_Files
112.36,0.5872664921299889,Rameen_Chewing_Video_Files
112.4,0.7859318867906913,Rameen_Chewing_Video_Files
112.44,1.0897696881319696,Rameen_Chewing_Video_Files
112.48,1.1765494080401642,Rameen_Chewing_Video_Files
112.52,1.2777922891667552,Rameen_Chewing_Video_Files
112.56,1.0076911893215152,Rameen_Chewing_Video_Files
112.6,0.7184657164854659,Rameen_Chewing_Video_Files
112.64,0.6489891346664134,Rameen_Chewing_Video_Files
112.68,0.5565459222090835,Rameen_Chewing_Video_Files
112.72,0.6407023674277705,Rameen_Chewing_Video_Files
112.76,0.7646131159103938,Rameen_Chewing_Video_Files
112.8,0.6656380156177355,Rameen_Chewing_Video_Files
112.84,0.5069848908764781,Rameen_Chewing_Video_Files
112.88,0.4870880557564539,Rameen_Chewing_Video_Files
112.92,0.5363295862658185,Rameen_Chewing_Video_Files
112.96,0.5863368268821094,Rameen_Chewing_Video_Files
113.0,0.629873911610386,Rameen_Chewing_Video_Files
113.04,0.6387135152137879,Rameen_Chewing_Video_Files
113.08,0.7054628781383667,Rameen_Chewing_Video_Files
113.12,0.8677026705447505,Rameen_Chewing_Video_Files
113.16,0.9280331477679268,Rameen_Chewing_Video_Files
113.2,1.0941604027627645,Rameen_Chewing_Video_Files
113.24,1.110116718051821,Rameen_Chewing_Video_Files
113.28,1.1572518975860069,Rameen_Chewing_Video_Files
113.32,2.4856902688007736,Rameen_Chewing_Video_Files
113.36,0.9509553655850704,Rameen_Chewing_Video_Files
113.4,0.793197560582797,Rameen_Chewing_Video_Files
113.44,0.6222027575125785,Rameen_Chewing_Video_Files
113.48,0.5050377387942102,Rameen_Chewing_Video_Files
113.52,0.561327863297939,Rameen_Chewing_Video_Files
113.56,0.552244283239478,Rameen_Chewing_Video_Files
113.6,0.4709378150432224,Rameen_Chewing_Video_Files
113.64,0.3705086185922448,Rameen_Chewing_Video_Files
113.68,0.253533349888198,Rameen_Chewing_Video_Files
113.72,0.2827391833501743,Rameen_Chewing_Video_Files
113.76,0.3643262489433985,Rameen_Chewing_Video_Files
113.8,0.3939575886610334,Rameen_Chewing_Video_Files
113.84,0.6000597291720706,Rameen_Chewing_Video_Files
113.88,0.8812863271825123,Rameen_Chewing_Video_Files
113.92,1.2517647011677189,Rameen_Chewing_Video_Files
113.96,1.2179343712504214,Rameen_Chewing_Video_Files
114.0,1.0655774158538416,Rameen_Chewing_Video_Files
114.04,0.9963135356961256,Rameen_Chewing_Video_Files
114.08,0.9705962408385236,Rameen_Chewing_Video_Files
114.12,1.0221893746141542,Rameen_Chewing_Video_Files
114.16,0.8890999190277111,Rameen_Chewing_Video_Files
114.2,0.7672501728327529,Rameen_Chewing_Video_Files
114.24,0.7434591511163512,Rameen_Chewing_Video_Files
114.28,0.6541536146762035,Rameen_Chewing_Video_Files
114.32,0.6761551628496107,Rameen_Chewing_Video_Files
114.36,0.605001942458301,Rameen_Chewing_Video_Files
114.4,0.7595718223649076,Rameen_Chewing_Video_Files
114.44,0.451992243471725,Rameen_Chewing_Video_Files
114.48,0.3910476383773107,Rameen_Chewing_Video_Files
114.52,0.4110930968457632,Rameen_Chewing_Video_Files
114.56,0.5659230809252688,Rameen_Chewing_Video_Files
114.6,0.6832024517262912,Rameen_Chewing_Video_Files
114.64,0.7429683780586827,Rameen_Chewing_Video_Files
114.68,0.5625772799527771,Rameen_Chewing_Video_Files
114.72,0.5757810220658944,Rameen_Chewing_Video_Files
114.76,0.8709976917063779,Rameen_Chewing_Video_Files
114.8,1.0424682769573548,Rameen_Chewing_Video_Files
114.84,1.1043354573896902,Rameen_Chewing_Video_Files
114.88,1.0019063095719276,Rameen_Chewing_Video_Files
114.92,1.0483612045256665,Rameen_Chewing_Video_Files
114.96,0.7880201222136713,Rameen_Chewing_Video_Files
115.0,0.5733278817161932,Rameen_Chewing_Video_Files
115.04,0.4566419925625369,Rameen_Chewing_Video_Files
115.08,0.3752442343219774,Rameen_Chewing_Video_Files
115.12,0.4639704612703209,Rameen_Chewing_Video_Files
115.16,0.4939299669162393,Rameen_Chewing_Video_Files
115.2,0.494680140187585,Rameen_Chewing_Video_Files
115.24,0.5004074279238958,Rameen_Chewing_Video_Files
115.28,0.5037562347796648,Rameen_Chewing_Video_Files
115.32,0.5031431270222351,Rameen_Chewing_Video_Files
115.36,0.5258011110417972,Rameen_Chewing_Video_Files
115.4,0.6264437044643762,Rameen_Chewing_Video_Files
115.44,0.5479541062140003,Rameen_Chewing_Video_Files
115.48,0.7379992006957978,Rameen_Chewing_Video_Files
115.52,1.0378382740396184,Rameen_Chewing_Video_Files
115.56,1.1122969632619977,Rameen_Chewing_Video_Files
115.6,1.0622706514780935,Rameen_Chewing_Video_Files
115.64,1.3185480969181336,Rameen_Chewing_Video_Files
115.68,1.2546745946939053,Rameen_Chewing_Video_Files
115.72,0.6904841511088355,Rameen_Chewing_Video_Files
115.76,0.5234790979975025,Rameen_Chewing_Video_Files
115.8,0.5667760070401106,Rameen_Chewing_Video_Files
115.84,0.562940851996556,Rameen_Chewing_Video_Files
115.88,0.484443816079494,Rameen_Chewing_Video_Files
115.92,0.5198219704356538,Rameen_Chewing_Video_Files
115.96,0.5591819709005433,Rameen_Chewing_Video_Files
116.0,0.5392007668791421,Rameen_Chewing_Video_Files
116.04,0.5321580784576646,Rameen_Chewing_Video_Files
116.08,0.5521085884817034,Rameen_Chewing_Video_Files
116.12,0.6444824674529754,Rameen_Chewing_Video_Files
116.16,1.1213440658204954,Rameen_Chewing_Video_Files
116.2,1.200172615298374,Rameen_Chewing_Video_Files
116.24,1.161780339306462,Rameen_Chewing_Video_Files
116.28,1.05122630765218,Rameen_Chewing_Video_Files
116.32,0.8702721139919297,Rameen_Chewing_Video_Files
116.36,0.8470806873045801,Rameen_Chewing_Video_Files
116.4,0.9056823809006758,Rameen_Chewing_Video_Files
116.44,0.7356114017493259,Rameen_Chewing_Video_Files
116.48,0.585355203610067,Rameen_Chewing_Video_Files
116.52,0.5030487080153899,Rameen_Chewing_Video_Files
116.56,0.3906783306712895,Rameen_Chewing_Video_Files
116.6,0.325833223905108,Rameen_Chewing_Video_Files
116.64,0.3448141342393784,Rameen_Chewing_Video_Files
116.68,0.3778888875403345,Rameen_Chewing_Video_Files
116.72,0.4564703827952759,Rameen_Chewing_Video_Files
116.76,0.5069484023784581,Rameen_Chewing_Video_Files
116.8,0.4908306403494004,Rameen_Chewing_Video_Files
116.84,0.3464105045225685,Rameen_Chewing_Video_Files
116.88,0.3793666565012605,Rameen_Chewing_Video_Files
116.92,0.7073238055102105,Rameen_Chewing_Video_Files
116.96,0.7761269494694615,Rameen_Chewing_Video_Files
117.0,0.9459006164961876,Rameen_Chewing_Video_Files
117.04,0.9577062995256186,Rameen_Chewing_Video_Files
117.08,1.1483688944507628,Rameen_Chewing_Video_Files
117.12,1.588862962969392,Rameen_Chewing_Video_Files
117.16,0.8545154221390137,Rameen_Chewing_Video_Files
117.2,0.870712825542486,Rameen_Chewing_Video_Files
117.24,0.5684244899213,Rameen_Chewing_Video_Files
117.28,0.4775158761273859,Rameen_Chewing_Video_Files
117.32,0.4596746884047319,Rameen_Chewing_Video_Files
117.36,0.3969909098261094,Rameen_Chewing_Video_Files
117.4,0.3424606554413178,Rameen_Chewing_Video_Files
117.44,0.2761774721345874,Rameen_Chewing_Video_Files
117.48,0.3809469676361994,Rameen_Chewing_Video_Files
117.52,0.4349199617644006,Rameen_Chewing_Video_Files
117.56,0.3406417483294331,Rameen_Chewing_Video_Files
117.6,0.6910039743112119,Rameen_Chewing_Video_Files
117.64,0.9665711215559932,Rameen_Chewing_Video_Files
117.68,0.7331734747368231,Rameen_Chewing_Video_Files
117.72,1.0436816883377409,Rameen_Chewing_Video_Files
117.76,2.9460599186071192,Rameen_Chewing_Video_Files
117.8,2.815060017127476,Rameen_Chewing_Video_Files
117.84,3.5621287555702943,Rameen_Chewing_Video_Files
117.88,1.4311048555011705,Rameen_Chewing_Video_Files
117.92,0.5774981172948884,Rameen_Chewing_Video_Files
117.96,0.3402824123299979,Rameen_Chewing_Video_Files
118.0,0.3320124920856516,Rameen_Chewing_Video_Files
118.04,0.3489842346676607,Rameen_Chewing_Video_Files
118.08,0.2691070608812009,Rameen_Chewing_Video_Files
118.12,0.2309437223043538,Rameen_Chewing_Video_Files
118.16,0.2019980012747128,Rameen_Chewing_Video_Files
118.2,0.1930464955015491,Rameen_Chewing_Video_Files
118.24,0.1871734130354874,Rameen_Chewing_Video_Files
118.28,0.1790470536485293,Rameen_Chewing_Video_Files
118.32,0.1613782985184093,Rameen_Chewing_Video_Files
118.36,0.1994259236014551,Rameen_Chewing_Video_Files
118.4,0.1664827809871552,Rameen_Chewing_Video_Files
118.44,0.2836115425389776,Rameen_Chewing_Video_Files
118.48,0.5885471370226286,Rameen_Chewing_Video_Files
118.52,3.4404869314142825,Rameen_Chewing_Video_Files
118.56,3.218105618113498,Rameen_Chewing_Video_Files
118.6,2.088597513919968,Rameen_Chewing_Video_Files
118.64,3.456167424693657,Rameen_Chewing_Video_Files
118.68,5.681841069821534,Rameen_Chewing_Video_Files
118.72,7.132624184638391,Rameen_Chewing_Video_Files
118.76,7.8147221904055,Rameen_Chewing_Video_Files
118.8,8.405031814594762,Rameen_Chewing_Video_Files
118.84,8.796058295415335,Rameen_Chewing_Video_Files
118.88,8.124878500679406,Rameen_Chewing_Video_Files
118.92,6.547809764402829,Rameen_Chewing_Video_Files
118.96,4.969451211972492,Rameen_Chewing_Video_Files
119.0,5.188095852250735,Rameen_Chewing_Video_Files
119.04,3.197390835060091,Rameen_Chewing_Video_Files
119.08,0.514594389143447,Rameen_Chewing_Video_Files
119.12,0.0058069780434509,Rameen_Chewing_Video_Files
119.16,0.1651924678988439,Rameen_Chewing_Video_Files
119.2,0.219758525701215,Rameen_Chewing_Video_Files
119.24,0.1599224921471474,Rameen_Chewing_Video_Files
119.28,0.4228527893877359,Rameen_Chewing_Video_Files
119.32,0.2780309599603796,Rameen_Chewing_Video_Files
119.36,0.3822559836883748,Rameen_Chewing_Video_Files
119.4,1.3549513306339454,Rameen_Chewing_Video_Files
119.44,1.009289632620289,Rameen_Chewing_Video_Files
119.48,0.9592768794870348,Rameen_Chewing_Video_Files
119.52,1.2890136029794097,Rameen_Chewing_Video_Files
119.56,1.7751881996364305,Rameen_Chewing_Video_Files
119.6,1.4817040952816178,Rameen_Chewing_Video_Files
119.64,2.3369901608235506,Rameen_Chewing_Video_Files
119.68,3.768370916078336,Rameen_Chewing_Video_Files
119.72,2.659843089706474,Rameen_Chewing_Video_Files
119.76,2.2832052273025987,Rameen_Chewing_Video_Files
119.8,2.1298208836582164,Rameen_Chewing_Video_Files
119.84,2.342211482161684,Rameen_Chewing_Video_Files
119.88,1.4576363652743194,Rameen_Chewing_Video_Files
119.92,1.657027208030606,Rameen_Chewing_Video_Files
119.96,1.910311775892832,Rameen_Chewing_Video_Files
120.0,1.5362226523416995,Rameen_Chewing_Video_Files
120.04,1.15382588388772,Rameen_Chewing_Video_Files
120.08,1.3950920492957049,Rameen_Chewing_Video_Files
120.12,2.947252114218902,Rameen_Chewing_Video_Files
120.16,2.834680170634604,Rameen_Chewing_Video_Files
120.2,2.7625028904743094,Rameen_Chewing_Video_Files
120.24,2.5343658820861754,Rameen_Chewing_Video_Files
120.28,6.929536675214317,Rameen_Chewing_Video_Files
120.32,4.621533875946995,Rameen_Chewing_Video_Files
120.36,2.523931144631012,Rameen_Chewing_Video_Files
120.4,2.179054738839836,Rameen_Chewing_Video_Files
120.44,0.927401063399081,Rameen_Chewing_Video_Files
120.48,0.5628089917074773,Rameen_Chewing_Video_Files
120.52,0.7596783746017283,Rameen_Chewing_Video_Files
120.56,1.7701344551655225,Rameen_Chewing_Video_Files
120.6,1.9771733812424976,Rameen_Chewing_Video_Files
120.64,1.3870201594707607,Rameen_Chewing_Video_Files
120.68,0.7333773739603557,Rameen_Chewing_Video_Files
120.72,0.5830930369825112,Rameen_Chewing_Video_Files
120.76,0.5902739354595044,Rameen_Chewing_Video_Files
120.8,0.6412075205252756,Rameen_Chewing_Video_Files
120.84,0.7076321763732573,Rameen_Chewing_Video_Files
120.88,0.8045552057303349,Rameen_Chewing_Video_Files
120.92,0.6476375267035376,Rameen_Chewing_Video_Files
120.96,0.6000903925878814,Rameen_Chewing_Video_Files
121.0,0.6232970328050821,Rameen_Chewing_Video_Files
121.04,0.5305813796832702,Rameen_Chewing_Video_Files
121.08,0.5540550095905082,Rameen_Chewing_Video_Files
121.12,1.2495558944805951,Rameen_Chewing_Video_Files
121.16,1.1923201831148555,Rameen_Chewing_Video_Files
121.2,2.7721311293309063,Rameen_Chewing_Video_Files
121.24,1.4150236026693763,Rameen_Chewing_Video_Files
121.28,1.1942305396202244,Rameen_Chewing_Video_Files
121.32,0.6130044130120819,Rameen_Chewing_Video_Files
121.36,0.7668191974867808,Rameen_Chewing_Video_Files
121.4,4.032915711780986,Rameen_Chewing_Video_Files
121.44,2.585316750897428,Rameen_Chewing_Video_Files
121.48,1.8040181865706684,Rameen_Chewing_Video_Files
121.52,1.9861067962606265,Rameen_Chewing_Video_Files
121.56,1.8654993154326736,Rameen_Chewing_Video_Files
121.6,1.5920246207924829,Rameen_Chewing_Video_Files
121.64,1.0115761327649364,Rameen_Chewing_Video_Files
121.68,0.7585663059245067,Rameen_Chewing_Video_Files
121.72,0.680754926955624,Rameen_Chewing_Video_Files
121.76,0.6758154449317892,Rameen_Chewing_Video_Files
121.8,0.3562243644147848,Rameen_Chewing_Video_Files
121.84,0.3700223863903984,Rameen_Chewing_Video_Files
121.88,0.8035306092565427,Rameen_Chewing_Video_Files
121.92,0.912616432006299,Rameen_Chewing_Video_Files
121.96,0.589726099029629,Rameen_Chewing_Video_Files
122.0,0.6382411138078343,Rameen_Chewing_Video_Files
122.04,0.899178766334203,Rameen_Chewing_Video_Files
122.08,1.3615635433131077,Rameen_Chewing_Video_Files
122.12,0.5607571845054041,Rameen_Chewing_Video_Files
122.16,1.968981208495929,Rameen_Chewing_Video_Files
122.2,2.11869324113929,Rameen_Chewing_Video_Files
122.24,1.7848542590113372,Rameen_Chewing_Video_Files
122.28,1.3570248345890648,Rameen_Chewing_Video_Files
122.32,1.1348690857156605,Rameen_Chewing_Video_Files
122.36,1.1026798340087738,Rameen_Chewing_Video_Files
122.4,0.804466395019351,Rameen_Chewing_Video_Files
122.44,0.7671111169262387,Rameen_Chewing_Video_Files
122.48,0.4360264623964164,Rameen_Chewing_Video_Files
122.52,0.7638371065459792,Rameen_Chewing_Video_Files
122.56,0.8263136803517025,Rameen_Chewing_Video_Files
122.6,1.0652472920564455,Rameen_Chewing_Video_Files
122.64,0.9800356914993156,Rameen_Chewing_Video_Files
122.68,1.2144549012785997,Rameen_Chewing_Video_Files
122.72,1.3712123366240605,Rameen_Chewing_Video_Files
122.76,1.5339107071152789,Rameen_Chewing_Video_Files
122.8,1.295504274097862,Rameen_Chewing_Video_Files
122.84,1.578718340298087,Rameen_Chewing_Video_Files
122.88,1.7273462478791477,Rameen_Chewing_Video_Files
122.92,2.8304177290634187,Rameen_Chewing_Video_Files
122.96,7.84156972227327,Rameen_Chewing_Video_Files
123.0,2.4039578168562685,Rameen_Chewing_Video_Files
123.04,1.2914147339469058,Rameen_Chewing_Video_Files
123.08,0.8433883688526179,Rameen_Chewing_Video_Files
123.12,0.99584114662109,Rameen_Chewing_Video_Files
123.16,2.32001289525801,Rameen_Chewing_Video_Files
123.2,2.3673898564600218,Rameen_Chewing_Video_Files
123.24,2.0512684563948387,Rameen_Chewing_Video_Files
123.28,1.938767797664744,Rameen_Chewing_Video_Files
123.32,1.4914701037351492,Rameen_Chewing_Video_Files
123.36,1.02809445325568,Rameen_Chewing_Video_Files
123.4,0.8618306234973663,Rameen_Chewing_Video_Files
123.44,0.7903408668584332,Rameen_Chewing_Video_Files
123.48,0.64184622234793,Rameen_Chewing_Video_Files
123.52,0.5348446844137004,Rameen_Chewing_Video_Files
123.56,0.5732130924355879,Rameen_Chewing_Video_Files
123.6,0.6195544239409055,Rameen_Chewing_Video_Files
123.64,0.657358992981093,Rameen_Chewing_Video_Files
123.68,0.5392023673456474,Rameen_Chewing_Video_Files
123.72,0.311562310477314,Rameen_Chewing_Video_Files
123.76,0.223295799607031,Rameen_Chewing_Video_Files
123.8,0.1824871890617902,Rameen_Chewing_Video_Files
123.84,0.1767631999106027,Rameen_Chewing_Video_Files
123.88,0.2080071982984138,Rameen_Chewing_Video_Files
123.92,0.2349080765776639,Rameen_Chewing_Video_Files
123.96,0.2109999638891449,Rameen_Chewing_Video_Files
124.0,0.220191617603412,Rameen_Chewing_Video_Files
124.04,0.2405764844665749,Rameen_Chewing_Video_Files
124.08,0.3426929424404943,Rameen_Chewing_Video_Files
124.12,5.526877931401475,Rameen_Chewing_Video_Files
124.16,8.594120657027382,Rameen_Chewing_Video_Files
124.2,12.54627638843293,Rameen_Chewing_Video_Files
124.24,15.985816606331714,Rameen_Chewing_Video_Files
124.28,16.901905831748525,Rameen_Chewing_Video_Files
124.32,16.245875203040157,Rameen_Chewing_Video_Files
124.36,12.111651252703457,Rameen_Chewing_Video_Files
124.4,8.244104705643624,Rameen_Chewing_Video_Files
124.44,3.829661819972342,Rameen_Chewing_Video_Files
124.48,2.9329949766747268,Rameen_Chewing_Video_Files
124.52,3.797316584724905,Rameen_Chewing_Video_Files
124.56,6.3276199849447,Rameen_Chewing_Video_Files
124.6,9.55590660652608,Rameen_Chewing_Video_Files
124.64,12.763056784997769,Rameen_Chewing_Video_Files
124.68,13.754093866712816,Rameen_Chewing_Video_Files
124.72,14.334465912839256,Rameen_Chewing_Video_Files
124.76,16.40761917132262,Rameen_Chewing_Video_Files
124.8,17.40198026741949,Rameen_Chewing_Video_Files
124.84,18.28375737541857,Rameen_Chewing_Video_Files
124.88,19.20397756278819,Rameen_Chewing_Video_Files
124.92,20.334269379171264,Rameen_Chewing_Video_Files
124.96,20.02189758772587,Rameen_Chewing_Video_Files
125.0,20.372146181402098,Rameen_Chewing_Video_Files
125.04,21.17141233897328,Rameen_Chewing_Video_Files
125.08,22.8123460267702,Rameen_Chewing_Video_Files
125.12,24.514574519819497,Rameen_Chewing_Video_Files
125.16,25.00083326820221,Rameen_Chewing_Video_Files
125.2,25.731140848992684,Rameen_Chewing_Video_Files
125.24,27.968668718866784,Rameen_Chewing_Video_Files
125.28,30.7564990624202,Rameen_Chewing_Video_Files
125.32,40.44478371289153,Rameen_Chewing_Video_Files
125.36,45.41225185308402,Rameen_Chewing_Video_Files
125.4,48.64136577606893,Rameen_Chewing_Video_Files
125.44,50.514930927650575,Rameen_Chewing_Video_Files
125.48,52.11386843556379,Rameen_Chewing_Video_Files
125.52,53.35478396510349,Rameen_Chewing_Video_Files
125.56,50.28391870030107,Rameen_Chewing_Video_Files
125.6,47.3987198948058,Rameen_Chewing_Video_Files
125.64,42.60518682466403,Rameen_Chewing_Video_Files
125.68,34.392831529453574,Rameen_Chewing_Video_Files
125.72,16.324580346396516,Rameen_Chewing_Video_Files
125.76,11.013094444212143,Rameen_Chewing_Video_Files
125.8,11.11181014503532,Rameen_Chewing_Video_Files
125.84,12.57031147930171,Rameen_Chewing_Video_Files
125.88,12.895854371504472,Rameen_Chewing_Video_Files
125.92,10.247533791965202,Rameen_Chewing_Video_Files
125.96,12.329854783328242,Rameen_Chewing_Video_Files
126.0,7.528708746882949,Rameen_Chewing_Video_Files
126.04,5.741485781972112,Rameen_Chewing_Video_Files
126.08,3.2248771574511848,Rameen_Chewing_Video_Files
126.12,10.884551246027238,Rameen_Chewing_Video_Files
126.16,15.78433682093085,Rameen_Chewing_Video_Files
126.2,7.05645912912669,Rameen_Chewing_Video_Files
126.24,7.69461145292713,Rameen_Chewing_Video_Files
126.28,3.7320919059012296,Rameen_Chewing_Video_Files
126.32,8.383039054946947,Rameen_Chewing_Video_Files
126.36,7.420941087726088,Rameen_Chewing_Video_Files
126.4,7.341414165568525,Rameen_Chewing_Video_Files
126.44,5.131908173170664,Rameen_Chewing_Video_Files
126.48,2.2053436935069946,Rameen_Chewing_Video_Files
126.52,1.773457180893044,Rameen_Chewing_Video_Files
126.56,1.3479285531641192,Rameen_Chewing_Video_Files
126.6,0.8433512566708089,Rameen_Chewing_Video_Files
126.64,1.6662022732514012,Rameen_Chewing_Video_Files
126.68,1.0739610477968564,Rameen_Chewing_Video_Files
126.72,0.8154927246154865,Rameen_Chewing_Video_Files
126.76,0.5996119274888525,Rameen_Chewing_Video_Files
126.8,0.6218752937458859,Rameen_Chewing_Video_Files
126.84,0.5081161266174772,Rameen_Chewing_Video_Files
126.88,0.6739148559360514,Rameen_Chewing_Video_Files
126.92,3.541108935861636,Rameen_Chewing_Video_Files
126.96,2.0514595606882686,Rameen_Chewing_Video_Files
127.0,5.568913067996885,Rameen_Chewing_Video_Files
127.04,7.0665009500638165,Rameen_Chewing_Video_Files
127.08,5.808657098981431,Rameen_Chewing_Video_Files
127.12,2.5521728668427506,Rameen_Chewing_Video_Files
127.16,4.860645124857283,Rameen_Chewing_Video_Files
127.2,3.179049772590377,Rameen_Chewing_Video_Files
127.24,2.0539322442259507,Rameen_Chewing_Video_Files
127.28,1.763719869145422,Rameen_Chewing_Video_Files
127.32,1.8193033361077064,Rameen_Chewing_Video_Files
127.36,1.866075338422511,Rameen_Chewing_Video_Files
127.4,1.9636804737580444,Rameen_Chewing_Video_Files
127.44,2.026381381816191,Rameen_Chewing_Video_Files
127.48,1.568242371552287,Rameen_Chewing_Video_Files
127.52,1.564650179776799,Rameen_Chewing_Video_Files
127.56,1.6870323138256609,Rameen_Chewing_Video_Files
127.6,1.8673083362366825,Rameen_Chewing_Video_Files
127.64,1.7424096398833289,Rameen_Chewing_Video_Files
127.68,7.423218402049872,Rameen_Chewing_Video_Files
127.72,4.921226566206298,Rameen_Chewing_Video_Files
127.76,5.325966993376725,Rameen_Chewing_Video_Files
127.8,6.935638837571798,Rameen_Chewing_Video_Files
127.84,7.266041319230895,Rameen_Chewing_Video_Files
127.88,2.8818385937128137,Rameen_Chewing_Video_Files
127.92,1.1258684653480302,Rameen_Chewing_Video_Files
127.96,1.4247747075802584,Rameen_Chewing_Video_Files
128.0,2.5667456333503305,Rameen_Chewing_Video_Files
128.04,2.5880049124542124,Rameen_Chewing_Video_Files
128.08,2.00877577220694,Rameen_Chewing_Video_Files
128.12,2.3368334912394286,Rameen_Chewing_Video_Files
128.16,2.7676188263470576,Rameen_Chewing_Video_Files
128.2,3.022685000204268,Rameen_Chewing_Video_Files
128.24,3.317609014900974,Rameen_Chewing_Video_Files
128.28,2.3072115052242053,Rameen_Chewing_Video_Files
128.32,5.25298143460961,Rameen_Chewing_Video_Files
128.36,7.26259499934206,Rameen_Chewing_Video_Files
128.4,2.9933847114548944,Rameen_Chewing_Video_Files
128.44,4.031925909129647,Rameen_Chewing_Video_Files
128.48,6.090978657226498,Rameen_Chewing_Video_Files
128.52,4.760851685360561,Rameen_Chewing_Video_Files
128.56,1.635208243012886,Rameen_Chewing_Video_Files
128.6,0.603923986626196,Rameen_Chewing_Video_Files
128.64,0.7891147687258433,Rameen_Chewing_Video_Files
128.68,1.3717568608059945,Rameen_Chewing_Video_Files
128.72,1.5914754947020713,Rameen_Chewing_Video_Files
128.76,1.3602346605738305,Rameen_Chewing_Video_Files
128.8,1.1977188172863098,Rameen_Chewing_Video_Files
128.84,1.0689639878405524,Rameen_Chewing_Video_Files
128.88,0.9837426325048432,Rameen_Chewing_Video_Files
128.92,0.8264940396603049,Rameen_Chewing_Video_Files
128.96,1.1417351342623574,Rameen_Chewing_Video_Files
129.0,1.2586093755604495,Rameen_Chewing_Video_Files
129.04,3.256354883776615,Rameen_Chewing_Video_Files
129.08,10.22981648433687,Rameen_Chewing_Video_Files
129.12,2.52539143206129,Rameen_Chewing_Video_Files
129.16,2.6138873148575392,Rameen_Chewing_Video_Files
129.2,3.30604171011932,Rameen_Chewing_Video_Files
129.24,3.87600742555594,Rameen_Chewing_Video_Files
129.28,5.864670211676294,Rameen_Chewing_Video_Files
129.32,3.240569058175923,Rameen_Chewing_Video_Files
129.36,4.413022505371385,Rameen_Chewing_Video_Files
129.4,3.894230627595511,Rameen_Chewing_Video_Files
129.44,3.937767516818525,Rameen_Chewing_Video_Files
129.48,4.76923669371657,Rameen_Chewing_Video_Files
129.52,4.236067392178306,Rameen_Chewing_Video_Files
129.56,3.929497441468909,Rameen_Chewing_Video_Files
129.6,3.531432830831549,Rameen_Chewing_Video_Files
129.64,3.298987395737953,Rameen_Chewing_Video_Files
129.68,3.289723396715968,Rameen_Chewing_Video_Files
129.72,5.957221468516769,Rameen_Chewing_Video_Files
129.76,4.4939334593290505,Rameen_Chewing_Video_Files
129.8,3.119117291719645,Rameen_Chewing_Video_Files
129.84,2.386900980648077,Rameen_Chewing_Video_Files
129.88,1.890922364347809,Rameen_Chewing_Video_Files
129.92,1.5573046529353387,Rameen_Chewing_Video_Files
129.96,1.8759011478014131,Rameen_Chewing_Video_Files
130.0,1.9034998342236864,Rameen_Chewing_Video_Files
130.04,2.153919635575716,Rameen_Chewing_Video_Files
130.08,2.018554441706746,Rameen_Chewing_Video_Files
130.12,1.9901845493682375,Rameen_Chewing_Video_Files
130.16,1.3435334737197748,Rameen_Chewing_Video_Files
130.2,1.5124500808365997,Rameen_Chewing_Video_Files
130.24,1.5623506429758336,Rameen_Chewing_Video_Files
130.28,0.9594080541407364,Rameen_Chewing_Video_Files
130.32,3.1108871552086708,Rameen_Chewing_Video_Files
130.36,3.142300825313822,Rameen_Chewing_Video_Files
130.4,2.5076295547681444,Rameen_Chewing_Video_Files
130.44,1.424168206379777,Rameen_Chewing_Video_Files
130.48,0.9376427341216754,Rameen_Chewing_Video_Files
130.52,1.2827866170122748,Rameen_Chewing_Video_Files
130.56,1.0322422779426226,Rameen_Chewing_Video_Files
130.6,0.8768595256751208,Rameen_Chewing_Video_Files
130.64,1.2571998705938607,Rameen_Chewing_Video_Files
130.68,1.1747306253728385,Rameen_Chewing_Video_Files
130.72,1.261499767521405,Rameen_Chewing_Video_Files
130.76,1.1926489903203736,Rameen_Chewing_Video_Files
130.8,1.1321431850557016,Rameen_Chewing_Video_Files
130.84,0.7938117777251804,Rameen_Chewing_Video_Files
130.88,0.4590911250466714,Rameen_Chewing_Video_Files
130.92,0.4268481673112254,Rameen_Chewing_Video_Files
130.96,0.3620467493739931,Rameen_Chewing_Video_Files
131.0,0.7425441267956379,Rameen_Chewing_Video_Files
131.04,6.049352427089999,Rameen_Chewing_Video_Files
131.08,9.818356555761108,Rameen_Chewing_Video_Files
131.12,8.684832574181948,Rameen_Chewing_Video_Files
131.16,4.108198873378496,Rameen_Chewing_Video_Files
131.2,2.50947657831934,Rameen_Chewing_Video_Files
131.24,2.8866690643422968,Rameen_Chewing_Video_Files
131.28,2.196631580427198,Rameen_Chewing_Video_Files
131.32,1.107783855980309,Rameen_Chewing_Video_Files
131.36,1.0819103512551476,Rameen_Chewing_Video_Files
131.4,1.135179142619561,Rameen_Chewing_Video_Files
131.44,0.9244558152522446,Rameen_Chewing_Video_Files
131.48,0.6348005965604849,Rameen_Chewing_Video_Files
131.52,0.6524562504803282,Rameen_Chewing_Video_Files
131.56,0.4185898633261055,Rameen_Chewing_Video_Files
131.6,0.4353483202239241,Rameen_Chewing_Video_Files
131.64,0.4350989984806246,Rameen_Chewing_Video_Files
131.68,0.4766423811785027,Rameen_Chewing_Video_Files
131.72,0.4404320171673162,Rameen_Chewing_Video_Files
131.76,0.398591356781636,Rameen_Chewing_Video_Files
131.8,0.3826175653709456,Rameen_Chewing_Video_Files
131.84,0.4788533480516317,Rameen_Chewing_Video_Files
131.88,0.5518088924370494,Rameen_Chewing_Video_Files
131.92,1.0102873381701167,Rameen_Chewing_Video_Files
131.96,1.15161719542095,Rameen_Chewing_Video_Files
132.0,1.2113074039694816,Rameen_Chewing_Video_Files
132.04,1.2116973771771264,Rameen_Chewing_Video_Files
132.08,1.0656941022271833,Rameen_Chewing_Video_Files
132.12,2.640882032879964,Rameen_Chewing_Video_Files
132.16,1.870897559377128,Rameen_Chewing_Video_Files
132.2,1.9472494704012384,Rameen_Chewing_Video_Files
132.24,1.3395185107521494,Rameen_Chewing_Video_Files
132.28,1.2679583400139902,Rameen_Chewing_Video_Files
132.32,0.7751720694225285,Rameen_Chewing_Video_Files
132.36,0.671913748589533,Rameen_Chewing_Video_Files
132.4,0.6258635481224998,Rameen_Chewing_Video_Files
132.44,0.6649488122369006,Rameen_Chewing_Video_Files
132.48,0.7336499408980841,Rameen_Chewing_Video_Files
132.52,0.3780330767329868,Rameen_Chewing_Video_Files
132.56,0.3973962707372637,Rameen_Chewing_Video_Files
132.6,1.4082183429146482,Rameen_Chewing_Video_Files
132.64,1.6326043850516516,Rameen_Chewing_Video_Files
132.68,2.440126372562743,Rameen_Chewing_Video_Files
132.72,1.8061412740146965,Rameen_Chewing_Video_Files
132.76,1.6148923473433,Rameen_Chewing_Video_Files
132.8,1.7299630408236648,Rameen_Chewing_Video_Files
132.84,2.2081513748539443,Rameen_Chewing_Video_Files
132.88,2.5494273305667745,Rameen_Chewing_Video_Files
132.92,3.479685776848647,Rameen_Chewing_Video_Files
132.96,3.1883059646314176,Rameen_Chewing_Video_Files
133.0,2.099375505771924,Rameen_Chewing_Video_Files
133.04,1.467478872721475,Rameen_Chewing_Video_Files
133.08,1.0448850114272126,Rameen_Chewing_Video_Files
133.12,0.7398303445068729,Rameen_Chewing_Video_Files
133.16,1.1799213473154984,Rameen_Chewing_Video_Files
133.2,1.059305354966349,Rameen_Chewing_Video_Files
133.24,1.0331178007253476,Rameen_Chewing_Video_Files
133.28,1.0900652742593613,Rameen_Chewing_Video_Files
133.32,1.17173932973409,Rameen_Chewing_Video_Files
133.36,1.2315633232164005,Rameen_Chewing_Video_Files
133.4,1.1012336529358646,Rameen_Chewing_Video_Files
133.44,1.0787189591189723,Rameen_Chewing_Video_Files
133.48,1.321170431335024,Rameen_Chewing_Video_Files
133.52,1.6875276741853404,Rameen_Chewing_Video_Files
133.56,1.5016341201291858,Rameen_Chewing_Video_Files
133.6,2.1219040384882883,Rameen_Chewing_Video_Files
133.64,1.1718459945695805,Rameen_Chewing_Video_Files
133.68,0.519310360551603,Rameen_Chewing_Video_Files
133.72,0.5943350204266266,Rameen_Chewing_Video_Files
133.76,1.2136143183966406,Rameen_Chewing_Video_Files
133.8,1.3636063346200966,Rameen_Chewing_Video_Files
133.84,0.95173913241536,Rameen_Chewing_Video_Files
133.88,0.6231483387711487,Rameen_Chewing_Video_Files
133.92,0.4696621573115734,Rameen_Chewing_Video_Files
133.96,0.3829124272972818,Rameen_Chewing_Video_Files
134.0,0.4816245098198145,Rameen_Chewing_Video_Files
134.04,0.5121448409230345,Rameen_Chewing_Video_Files
134.08,0.495281620741086,Rameen_Chewing_Video_Files
134.12,0.3408674827909564,Rameen_Chewing_Video_Files
134.16,0.4204611867916587,Rameen_Chewing_Video_Files
134.2,0.384497882606165,Rameen_Chewing_Video_Files
134.24,0.3987233454080183,Rameen_Chewing_Video_Files
134.28,0.4304869497377519,Rameen_Chewing_Video_Files
134.32,0.4600929746362057,Rameen_Chewing_Video_Files
134.36,0.6202068719252463,Rameen_Chewing_Video_Files
134.4,0.3135964598050028,Rameen_Chewing_Video_Files
134.44,0.4203507353751795,Rameen_Chewing_Video_Files
134.48,0.551794565797688,Rameen_Chewing_Video_Files
134.52,0.6511107458425563,Rameen_Chewing_Video_Files
134.56,0.7557429821963273,Rameen_Chewing_Video_Files
134.6,0.8938775861900438,Rameen_Chewing_Video_Files
134.64,0.9417989356820348,Rameen_Chewing_Video_Files
134.68,0.9237247522599936,Rameen_Chewing_Video_Files
134.72,1.290846941040955,Rameen_Chewing_Video_Files
134.76,1.341283554103319,Rameen_Chewing_Video_Files
134.8,1.341884483269109,Rameen_Chewing_Video_Files
134.84,1.0574119078817898,Rameen_Chewing_Video_Files
134.88,0.875499172277253,Rameen_Chewing_Video_Files
134.92,0.8160284292394752,Rameen_Chewing_Video_Files
134.96,0.6235916563445177,Rameen_Chewing_Video_Files
135.0,0.5951222249111269,Rameen_Chewing_Video_Files
135.04,0.5394331679275509,Rameen_Chewing_Video_Files
135.08,0.4692334662594808,Rameen_Chewing_Video_Files
135.12,0.4145732311995324,Rameen_Chewing_Video_Files
135.16,0.366511213142458,Rameen_Chewing_Video_Files
135.2,0.3591011404701138,Rameen_Chewing_Video_Files
135.24,0.4136571246805429,Rameen_Chewing_Video_Files
135.28,0.7302000066526846,Rameen_Chewing_Video_Files
135.32,0.7536343910165927,Rameen_Chewing_Video_Files
135.36,0.8075288022464425,Rameen_Chewing_Video_Files
135.4,0.7746950659831084,Rameen_Chewing_Video_Files
135.44,1.1867196977693897,Rameen_Chewing_Video_Files
135.48,0.7789908947920546,Rameen_Chewing_Video_Files
135.52,0.814717553658914,Rameen_Chewing_Video_Files
135.56,0.9678541549763104,Rameen_Chewing_Video_Files
135.6,0.9763659966848556,Rameen_Chewing_Video_Files
135.64,0.8372425428732964,Rameen_Chewing_Video_Files
135.68,0.9253925123057984,Rameen_Chewing_Video_Files
135.72,0.9329973050813728,Rameen_Chewing_Video_Files
135.76,1.2175492672089063,Rameen_Chewing_Video_Files
135.8,1.133396065425757,Rameen_Chewing_Video_Files
135.84,0.8253429468898269,Rameen_Chewing_Video_Files
135.88,0.6613589019350146,Rameen_Chewing_Video_Files
135.92,0.616392749336636,Rameen_Chewing_Video_Files
135.96,0.6678951179099434,Rameen_Chewing_Video_Files
136.0,0.4149609933428728,Rameen_Chewing_Video_Files
136.04,0.2372993290309934,Rameen_Chewing_Video_Files
136.08,0.2837180152460151,Rameen_Chewing_Video_Files
136.12,0.250959818203829,Rameen_Chewing_Video_Files
136.16,0.2488897755114711,Rameen_Chewing_Video_Files
136.2,0.4202289938795201,Rameen_Chewing_Video_Files
136.24,0.4941955266266978,Rameen_Chewing_Video_Files
136.28,0.3687970480591199,Rameen_Chewing_Video_Files
136.32,0.570310508372765,Rameen_Chewing_Video_Files
136.36,0.5934127175900092,Rameen_Chewing_Video_Files
136.4,0.7673214987792695,Rameen_Chewing_Video_Files
136.44,0.7628634226585198,Rameen_Chewing_Video_Files
136.48,0.8331170624889098,Rameen_Chewing_Video_Files
136.52,0.7735598841750514,Rameen_Chewing_Video_Files
136.56,0.5754775432034241,Rameen_Chewing_Video_Files
136.6,2.1870389284612117,Rameen_Chewing_Video_Files
136.64,1.3330409483747876,Rameen_Chewing_Video_Files
136.68,0.7578591705749415,Rameen_Chewing_Video_Files
136.72,0.4874747963747258,Rameen_Chewing_Video_Files
136.76,0.3985574275517076,Rameen_Chewing_Video_Files
136.8,0.43522428121196,Rameen_Chewing_Video_Files
136.84,0.4341630489639274,Rameen_Chewing_Video_Files
136.88,0.4192809408881813,Rameen_Chewing_Video_Files
136.92,0.4151822248473829,Rameen_Chewing_Video_Files
136.96,0.3971110698282511,Rameen_Chewing_Video_Files
137.0,0.3612921215792188,Rameen_Chewing_Video_Files
137.04,0.3707675574668904,Rameen_Chewing_Video_Files
137.08,0.4083063299843494,Rameen_Chewing_Video_Files
137.12,0.6363526060426872,Rameen_Chewing_Video_Files
137.16,1.2598791225609107,Rameen_Chewing_Video_Files
137.2,0.8587782665425719,Rameen_Chewing_Video_Files
137.24,0.8565830392140462,Rameen_Chewing_Video_Files
137.28,0.8985197319315112,Rameen_Chewing_Video_Files
137.32,1.1145846017359773,Rameen_Chewing_Video_Files
137.36,3.5161352104049497,Rameen_Chewing_Video_Files
137.4,2.498300662134388,Rameen_Chewing_Video_Files
137.44,1.165021995674523,Rameen_Chewing_Video_Files
137.48,0.7546884017223919,Rameen_Chewing_Video_Files
137.52,0.5068353763410518,Rameen_Chewing_Video_Files
137.56,0.4216779333032198,Rameen_Chewing_Video_Files
137.6,0.4537642168073903,Rameen_Chewing_Video_Files
137.64,0.4738232141414804,Rameen_Chewing_Video_Files
137.68,0.5269996485883874,Rameen_Chewing_Video_Files
137.72,0.5256164501108059,Rameen_Chewing_Video_Files
137.76,0.5379612308927585,Rameen_Chewing_Video_Files
137.8,0.4839416071278851,Rameen_Chewing_Video_Files
137.84,0.4592937338795381,Rameen_Chewing_Video_Files
137.88,0.5687518113453565,Rameen_Chewing_Video_Files
137.92,0.4213740320289501,Rameen_Chewing_Video_Files
137.96,0.263764267785784,Rameen_Chewing_Video_Files
138.0,0.2333955292011297,Rameen_Chewing_Video_Files
138.04,0.2266742918972204,Rameen_Chewing_Video_Files
138.08,0.2301725631242574,Rameen_Chewing_Video_Files
138.12,0.251222796237067,Rameen_Chewing_Video_Files
138.16,0.3205819205546668,Rameen_Chewing_Video_Files
138.2,0.4304702900519035,Rameen_Chewing_Video_Files
138.24,0.4106284252949129,Rameen_Chewing_Video_Files
138.28,0.3387376150074259,Rameen_Chewing_Video_Files
138.32,0.9207688495990216,Rameen_Chewing_Video_Files
138.36,0.8408541861635948,Rameen_Chewing_Video_Files
138.4,0.5225727651008464,Rameen_Chewing_Video_Files
138.44,0.3608694622167713,Rameen_Chewing_Video_Files
138.48,0.3807016443823054,Rameen_Chewing_Video_Files
138.52,0.4129106964489179,Rameen_Chewing_Video_Files
138.56,0.6707786728806141,Rameen_Chewing_Video_Files
138.6,1.2892491655175884,Rameen_Chewing_Video_Files
138.64,2.205035320709476,Rameen_Chewing_Video_Files
138.68,2.366441245361847,Rameen_Chewing_Video_Files
138.72,2.599113049602665,Rameen_Chewing_Video_Files
138.76,3.0976036963661806,Rameen_Chewing_Video_Files
138.8,1.926205464687644,Rameen_Chewing_Video_Files
138.84,1.7479733660951704,Rameen_Chewing_Video_Files
138.88,1.1682521015181857,Rameen_Chewing_Video_Files
138.92,0.8085853534962567,Rameen_Chewing_Video_Files
138.96,0.6605179114934994,Rameen_Chewing_Video_Files
139.0,0.5318715958728725,Rameen_Chewing_Video_Files
139.04,0.4741019974122587,Rameen_Chewing_Video_Files
139.08,0.4277623200965153,Rameen_Chewing_Video_Files
139.12,0.3805259645934904,Rameen_Chewing_Video_Files
139.16,0.3135083766983966,Rameen_Chewing_Video_Files
139.2,0.2913397886313006,Rameen_Chewing_Video_Files
139.24,0.2517714305769509,Rameen_Chewing_Video_Files
139.28,0.2707989169493242,Rameen_Chewing_Video_Files
139.32,0.2855097653007127,Rameen_Chewing_Video_Files
139.36,0.3472397095916611,Rameen_Chewing_Video_Files
139.4,0.539955265294798,Rameen_Chewing_Video_Files
139.44,2.0478105080039524,Rameen_Chewing_Video_Files
139.48,7.217438419106848,Rameen_Chewing_Video_Files
139.52,9.291191208755745,Rameen_Chewing_Video_Files
139.56,14.017624033703871,Rameen_Chewing_Video_Files
139.6,13.258750565196076,Rameen_Chewing_Video_Files
139.64,11.119485340042536,Rameen_Chewing_Video_Files
139.68,8.163252156472822,Rameen_Chewing_Video_Files
139.72,7.209011406408909,Rameen_Chewing_Video_Files
139.76,3.3468963102401363,Rameen_Chewing_Video_Files
139.8,1.062411715033072,Rameen_Chewing_Video_Files
139.84,0.1143297657996359,Rameen_Chewing_Video_Files
139.88,0.0893534951844209,Rameen_Chewing_Video_Files
139.92,0.1367343781132037,Rameen_Chewing_Video_Files
139.96,0.1472893343645737,Rameen_Chewing_Video_Files
140.0,0.1732790479595606,Rameen_Chewing_Video_Files
140.04,0.2307833087583005,Rameen_Chewing_Video_Files
140.08,0.2897609363231493,Rameen_Chewing_Video_Files
140.12,0.2776267089349217,Rameen_Chewing_Video_Files
140.16,0.4871252742079712,Rameen_Chewing_Video_Files
140.2,1.333665400963978,Rameen_Chewing_Video_Files
140.24,6.617004141618214,Rameen_Chewing_Video_Files
140.28,9.357458038032902,Rameen_Chewing_Video_Files
140.32,12.355509709019588,Rameen_Chewing_Video_Files
140.36,13.360246946735344,Rameen_Chewing_Video_Files
140.4,13.830852783694496,Rameen_Chewing_Video_Files
140.44,13.991959188064918,Rameen_Chewing_Video_Files
140.48,13.25479848764196,Rameen_Chewing_Video_Files
140.52,11.573378556204728,Rameen_Chewing_Video_Files
140.56,5.039186806648142,Rameen_Chewing_Video_Files
140.6,3.0658339285911613,Rameen_Chewing_Video_Files
140.64,2.841085467731099,Rameen_Chewing_Video_Files
140.68,2.9873521948593504,Rameen_Chewing_Video_Files
140.72,1.032872053874064,Rameen_Chewing_Video_Files
140.76,9.18161451822005,Rameen_Chewing_Video_Files
140.8,10.915430064980104,Rameen_Chewing_Video_Files
140.84,12.859738550122591,Rameen_Chewing_Video_Files
140.88,14.265907580870511,Rameen_Chewing_Video_Files
140.92,15.254353045616744,Rameen_Chewing_Video_Files
140.96,17.073775961933663,Rameen_Chewing_Video_Files
141.0,16.86575678527245,Rameen_Chewing_Video_Files
141.04,14.604718926319368,Rameen_Chewing_Video_Files
141.08,16.175822675649872,Rameen_Chewing_Video_Files
141.12,18.249752681962992,Rameen_Chewing_Video_Files
141.16,23.563521909763796,Rameen_Chewing_Video_Files
141.2,27.578499569163203,Rameen_Chewing_Video_Files
141.24,30.8688662773578,Rameen_Chewing_Video_Files
141.28,33.26673051010114,Rameen_Chewing_Video_Files
141.32,35.9056342069812,Rameen_Chewing_Video_Files
141.36,46.873515687415285,Rameen_Chewing_Video_Files
141.4,52.458551975464026,Rameen_Chewing_Video_Files
141.44,56.31567529507505,Rameen_Chewing_Video_Files
141.48,57.939666311277065,Rameen_Chewing_Video_Files
141.52,58.59710336210343,Rameen_Chewing_Video_Files
141.56,56.2291719257613,Rameen_Chewing_Video_Files
141.6,53.500608251116816,Rameen_Chewing_Video_Files
141.64,46.76479699157827,Rameen_Chewing_Video_Files
141.68,34.35623914957227,Rameen_Chewing_Video_Files
141.72,20.65357532601845,Rameen_Chewing_Video_Files
141.76,14.3607368902247,Rameen_Chewing_Video_Files
141.8,14.830270237167824,Rameen_Chewing_Video_Files
141.84,12.0021181783694,Rameen_Chewing_Video_Files
141.88,9.937131658089136,Rameen_Chewing_Video_Files
141.92,8.475789921043072,Rameen_Chewing_Video_Files
141.96,3.7636080671921017,Rameen_Chewing_Video_Files
142.0,2.583118282604799,Rameen_Chewing_Video_Files
142.04,2.4527753845987768,Rameen_Chewing_Video_Files
142.08,3.45155058760702,Rameen_Chewing_Video_Files
142.12,7.381999093145412,Rameen_Chewing_Video_Files
142.16,3.707897498902964,Rameen_Chewing_Video_Files
142.2,3.631401150822294,Rameen_Chewing_Video_Files
142.24,4.722780991956125,Rameen_Chewing_Video_Files
142.28,4.449692658515683,Rameen_Chewing_Video_Files
142.32,4.17046808565594,Rameen_Chewing_Video_Files
142.36,3.246773823219925,Rameen_Chewing_Video_Files
142.4,3.608449387618125,Rameen_Chewing_Video_Files
142.44,5.94463885851086,Rameen_Chewing_Video_Files
142.48,3.820372472784584,Rameen_Chewing_Video_Files
142.52,1.8845216402358504,Rameen_Chewing_Video_Files
142.56,1.319839873810282,Rameen_Chewing_Video_Files
142.6,1.1834380996095724,Rameen_Chewing_Video_Files
142.64,1.888431461780725,Rameen_Chewing_Video_Files
142.68,1.723912492862743,Rameen_Chewing_Video_Files
142.72,2.576665739065509,Rameen_Chewing_Video_Files
142.76,2.082624729764665,Rameen_Chewing_Video_Files
142.8,1.9347609161551655,Rameen_Chewing_Video_Files
142.84,1.7036457911649296,Rameen_Chewing_Video_Files
142.88,1.0465519748100616,Rameen_Chewing_Video_Files
142.92,0.946996658408208,Rameen_Chewing_Video_Files
142.96,1.1509500037733835,Rameen_Chewing_Video_Files
143.0,1.2926371659481104,Rameen_Chewing_Video_Files
143.04,1.3798675188053984,Rameen_Chewing_Video_Files
143.08,1.4973357029205483,Rameen_Chewing_Video_Files
143.12,2.737230429219332,Rameen_Chewing_Video_Files
143.16,4.689535868122696,Rameen_Chewing_Video_Files
143.2,1.8433011580072984,Rameen_Chewing_Video_Files
143.24,2.0464715835568072,Rameen_Chewing_Video_Files
143.28,2.1174544848428685,Rameen_Chewing_Video_Files
143.32,0.5604054227169146,Rameen_Chewing_Video_Files
143.36,0.799616508729942,Rameen_Chewing_Video_Files
143.4,0.9038613042938144,Rameen_Chewing_Video_Files
143.44,0.7085054507400343,Rameen_Chewing_Video_Files
143.48,0.8198318496360757,Rameen_Chewing_Video_Files
143.52,0.8708445794854189,Rameen_Chewing_Video_Files
143.56,0.4826371721986181,Rameen_Chewing_Video_Files
143.6,0.7591433259385529,Rameen_Chewing_Video_Files
143.64,1.1638700931535544,Rameen_Chewing_Video_Files
143.68,1.272678187305255,Rameen_Chewing_Video_Files
143.72,1.3627074931596663,Rameen_Chewing_Video_Files
143.76,2.8712882281487824,Rameen_Chewing_Video_Files
143.8,3.949888137259412,Rameen_Chewing_Video_Files
143.84,4.228515867799874,Rameen_Chewing_Video_Files
143.88,5.439536455703089,Rameen_Chewing_Video_Files
143.92,3.742655550621192,Rameen_Chewing_Video_Files
143.96,1.5666114640495556,Rameen_Chewing_Video_Files
144.0,1.4512266209216282,Rameen_Chewing_Video_Files
144.04,1.6050257320503507,Rameen_Chewing_Video_Files
144.08,3.36762354129517,Rameen_Chewing_Video_Files
144.12,3.442503019706618,Rameen_Chewing_Video_Files
144.16,2.585378151269452,Rameen_Chewing_Video_Files
144.2,1.976322842333409,Rameen_Chewing_Video_Files
144.24,2.9640581597086744,Rameen_Chewing_Video_Files
144.28,1.9031675012804692,Rameen_Chewing_Video_Files
144.32,1.0814651161368474,Rameen_Chewing_Video_Files
144.36,1.347440316098046,Rameen_Chewing_Video_Files
144.4,1.5303384083323572,Rameen_Chewing_Video_Files
144.44,1.4893582837399684,Rameen_Chewing_Video_Files
144.48,1.8341693788283984,Rameen_Chewing_Video_Files
144.52,2.098361086796712,Rameen_Chewing_Video_Files
144.56,1.908929552652192,Rameen_Chewing_Video_Files
144.6,1.7615068422899307,Rameen_Chewing_Video_Files
144.64,1.9573449181896427,Rameen_Chewing_Video_Files
144.68,2.953594191813149,Rameen_Chewing_Video_Files
144.72,2.72691493737784,Rameen_Chewing_Video_Files
144.76,2.354430042607756,Rameen_Chewing_Video_Files
144.8,1.103427014021771,Rameen_Chewing_Video_Files
144.84,0.9187493756693468,Rameen_Chewing_Video_Files
144.88,0.818682284824055,Rameen_Chewing_Video_Files
144.92,1.0316077220547857,Rameen_Chewing_Video_Files
144.96,2.032987149011057,Rameen_Chewing_Video_Files
145.0,1.13873261101522,Rameen_Chewing_Video_Files
145.04,0.8241573451209508,Rameen_Chewing_Video_Files
145.08,0.914109629679263,Rameen_Chewing_Video_Files
145.12,0.9296967823127162,Rameen_Chewing_Video_Files
145.16,0.978367116528357,Rameen_Chewing_Video_Files
145.2,0.9965105056470638,Rameen_Chewing_Video_Files
145.24,1.4028150233259362,Rameen_Chewing_Video_Files
145.28,1.470997259106421,Rameen_Chewing_Video_Files
145.32,1.8416754871520624,Rameen_Chewing_Video_Files
145.36,4.370756929771806,Rameen_Chewing_Video_Files
145.4,5.9435100781849055,Rameen_Chewing_Video_Files
145.44,3.127288883856867,Rameen_Chewing_Video_Files
145.48,1.8432508693158272,Rameen_Chewing_Video_Files
145.52,2.321208487181661,Rameen_Chewing_Video_Files
145.56,3.2599315792576826,Rameen_Chewing_Video_Files
145.6,1.8532170310319995,Rameen_Chewing_Video_Files
145.64,1.0313114248426627,Rameen_Chewing_Video_Files
145.68,2.1305696062209427,Rameen_Chewing_Video_Files
145.72,1.58769378798309,Rameen_Chewing_Video_Files
145.76,1.0015363349662385,Rameen_Chewing_Video_Files
145.8,1.1251231979322898,Rameen_Chewing_Video_Files
145.84,0.270982017995936,Rameen_Chewing_Video_Files
145.88,0.927414898713187,Rameen_Chewing_Video_Files
145.92,1.255157820485273,Rameen_Chewing_Video_Files
145.96,1.0657396687835323,Rameen_Chewing_Video_Files
146.0,0.6597277148725215,Rameen_Chewing_Video_Files
146.04,0.7152593973701927,Rameen_Chewing_Video_Files
146.08,0.9064060290840364,Rameen_Chewing_Video_Files
146.12,0.6879486513984332,Rameen_Chewing_Video_Files
146.16,0.8857434596225742,Rameen_Chewing_Video_Files
146.2,0.8116595490021247,Rameen_Chewing_Video_Files
146.24,0.8937967237908978,Rameen_Chewing_Video_Files
146.28,1.015852163315962,Rameen_Chewing_Video_Files
146.32,0.9269925331434584,Rameen_Chewing_Video_Files
146.36,0.8749560120972434,Rameen_Chewing_Video_Files
146.4,0.5004783064813902,Rameen_Chewing_Video_Files
146.44,2.430591520781506,Rameen_Chewing_Video_Files
146.48,1.5898155483000518,Rameen_Chewing_Video_Files
146.52,1.1691078915362545,Rameen_Chewing_Video_Files
146.56,0.9352603181991602,Rameen_Chewing_Video_Files
146.6,0.515762774751056,Rameen_Chewing_Video_Files
146.64,0.2493933394362019,Rameen_Chewing_Video_Files
146.68,0.0935124469540944,Rameen_Chewing_Video_Files
146.72,0.2401688387799224,Rameen_Chewing_Video_Files
146.76,0.4959614880109724,Rameen_Chewing_Video_Files
146.8,0.340781611379974,Rameen_Chewing_Video_Files
146.84,0.3212710544685511,Rameen_Chewing_Video_Files
146.88,0.2954825119610675,Rameen_Chewing_Video_Files
146.92,0.2909251093724032,Rameen_Chewing_Video_Files
146.96,0.3071263361383715,Rameen_Chewing_Video_Files
147.0,0.407893615396009,Rameen_Chewing_Video_Files
147.04,0.4131963870544726,Rameen_Chewing_Video_Files
147.08,0.3978165132385233,Rameen_Chewing_Video_Files
147.12,0.8417067271590692,Rameen_Chewing_Video_Files
147.16,1.0563372963519724,Rameen_Chewing_Video_Files
147.2,0.969134117767658,Rameen_Chewing_Video_Files
147.24,0.7762860985146223,Rameen_Chewing_Video_Files
147.28,0.5932903952036779,Rameen_Chewing_Video_Files
147.32,0.4996338586752738,Rameen_Chewing_Video_Files
147.36,0.4809770362101619,Rameen_Chewing_Video_Files
147.4,0.6128247008899161,Rameen_Chewing_Video_Files
147.44,0.5815478362866745,Rameen_Chewing_Video_Files
147.48,0.5202070537377601,Rameen_Chewing_Video_Files
147.52,0.641035804194457,Rameen_Chewing_Video_Files
147.56,0.3398805118311557,Rameen_Chewing_Video_Files
147.6,0.1302209006533619,Rameen_Chewing_Video_Files
147.64,0.0692060424792259,Rameen_Chewing_Video_Files
147.68,0.0903839534189542,Rameen_Chewing_Video_Files
147.72,0.0757040734663856,Rameen_Chewing_Video_Files
147.76,0.0656418391255783,Rameen_Chewing_Video_Files
147.8,0.0740235713704957,Rameen_Chewing_Video_Files
147.84,0.0514741920096778,Rameen_Chewing_Video_Files
147.88,0.1160037318540807,Rameen_Chewing_Video_Files
147.92,0.1273852925980343,Rameen_Chewing_Video_Files
147.96,0.0551679171044951,Rameen_Chewing_Video_Files
148.0,0.1214847423539444,Rameen_Chewing_Video_Files
148.04,0.1374179397106704,Rameen_Chewing_Video_Files
148.08,1.080331526877977,Rameen_Chewing_Video_Files
148.12,1.050172388712347,Rameen_Chewing_Video_Files
148.16,0.9388058292697328,Rameen_Chewing_Video_Files
148.2,0.6017500058589673,Rameen_Chewing_Video_Files
148.24,0.5884410926083119,Rameen_Chewing_Video_Files
148.28,0.4072174965612011,Rameen_Chewing_Video_Files
148.32,1.124730349230885,Rameen_Chewing_Video_Files
148.36,0.4167114645728946,Rameen_Chewing_Video_Files
148.4,0.1709729920367516,Rameen_Chewing_Video_Files
148.44,0.1677540925404395,Rameen_Chewing_Video_Files
148.48,0.0686843128376402,Rameen_Chewing_Video_Files
148.52,0.0171920818731076,Rameen_Chewing_Video_Files
148.56,0.0622363628276038,Rameen_Chewing_Video_Files
148.6,0.1320655810060359,Rameen_Chewing_Video_Files
148.64,0.115664489630001,Rameen_Chewing_Video_Files
148.68,0.0954032002367644,Rameen_Chewing_Video_Files
148.72,0.0764702156889686,Rameen_Chewing_Video_Files
148.76,0.1038186663453629,Rameen_Chewing_Video_Files
148.8,0.5985522448505403,Rameen_Chewing_Video_Files
148.84,0.9636973154668508,Rameen_Chewing_Video_Files
148.88,1.4121049210068477,Rameen_Chewing_Video_Files
148.92,1.3874185225615938,Rameen_Chewing_Video_Files
148.96,0.971331117519427,Rameen_Chewing_Video_Files
149.0,1.2900645988457546,Rameen_Chewing_Video_Files
149.04,1.266591462830447,Rameen_Chewing_Video_Files
149.08,0.8767712090429948,Rameen_Chewing_Video_Files
149.12,0.3734760889587066,Rameen_Chewing_Video_Files
149.16,0.2867701089694337,Rameen_Chewing_Video_Files
149.2,0.2584229871457862,Rameen_Chewing_Video_Files
149.24,0.2360956783398598,Rameen_Chewing_Video_Files
149.28,0.1579608331935118,Rameen_Chewing_Video_Files
149.32,0.1198602318135206,Rameen_Chewing_Video_Files
149.36,0.1102002265969186,Rameen_Chewing_Video_Files
149.4,0.0638478794025443,Rameen_Chewing_Video_Files
149.44,0.0845977121660329,Rameen_Chewing_Video_Files
149.48,0.1389703134901568,Rameen_Chewing_Video_Files
149.52,0.1774528598880318,Rameen_Chewing_Video_Files
149.56,0.5430294997286781,Rameen_Chewing_Video_Files
149.6,0.6560526494847813,Rameen_Chewing_Video_Files
149.64,0.5141753949591759,Rameen_Chewing_Video_Files
149.68,0.50347724580822,Rameen_Chewing_Video_Files
149.72,0.3364785878279354,Rameen_Chewing_Video_Files
149.76,0.2383427005186015,Rameen_Chewing_Video_Files
149.8,0.2290507389265114,Rameen_Chewing_Video_Files
149.84,0.2080244402742281,Rameen_Chewing_Video_Files
149.88,0.2082876228932788,Rameen_Chewing_Video_Files
149.92,0.2010275968041878,Rameen_Chewing_Video_Files
149.96,0.1869401337215231,Rameen_Chewing_Video_Files
150.0,0.1495455795461995,Rameen_Chewing_Video_Files
150.04,0.1565428154627116,Rameen_Chewing_Video_Files
150.08,0.1465767380475391,Rameen_Chewing_Video_Files
150.12,0.1427438155744899,Rameen_Chewing_Video_Files
150.16,0.1400826415165372,Rameen_Chewing_Video_Files
150.2,0.1377342883454996,Rameen_Chewing_Video_Files
150.24,0.3071730029420988,Rameen_Chewing_Video_Files
150.28,0.5667759785770803,Rameen_Chewing_Video_Files
150.32,0.7099333939627143,Rameen_Chewing_Video_Files
150.36,1.0066525952827332,Rameen_Chewing_Video_Files
150.4,0.848571875271479,Rameen_Chewing_Video_Files
150.44,0.8656576372623423,Rameen_Chewing_Video_Files
150.48,1.875297842607223,Rameen_Chewing_Video_Files
150.52,0.9137167587185996,Rameen_Chewing_Video_Files
150.56,0.4370285781989818,Rameen_Chewing_Video_Files
150.6,0.2803148907515664,Rameen_Chewing_Video_Files
150.64,0.2142166435810646,Rameen_Chewing_Video_Files
150.68,0.1389226153503051,Rameen_Chewing_Video_Files
150.72,0.1007959649358607,Rameen_Chewing_Video_Files
150.76,0.0608473333496035,Rameen_Chewing_Video_Files
150.8,0.008438077800681,Rameen_Chewing_Video_Files
150.84,0.0584480037929912,Rameen_Chewing_Video_Files
150.88,0.0707041307069993,Rameen_Chewing_Video_Files
150.92,0.0943317755794295,Rameen_Chewing_Video_Files
150.96,0.02541647125205,Rameen_Chewing_Video_Files
151.0,0.0666589640816525,Rameen_Chewing_Video_Files
151.04,0.1518039887330291,Rameen_Chewing_Video_Files
151.08,0.3840764231557633,Rameen_Chewing_Video_Files
151.12,1.164957774281047,Rameen_Chewing_Video_Files
151.16,1.4793997695743273,Rameen_Chewing_Video_Files
151.2,1.1944982156863524,Rameen_Chewing_Video_Files
151.24,1.157288001791137,Rameen_Chewing_Video_Files
151.28,1.9105108335301324,Rameen_Chewing_Video_Files
151.32,0.9798897333334642,Rameen_Chewing_Video_Files
151.36,0.3727789605024903,Rameen_Chewing_Video_Files
151.4,0.4330646865180142,Rameen_Chewing_Video_Files
151.44,0.3889772752934947,Rameen_Chewing_Video_Files
151.48,0.3787237477816466,Rameen_Chewing_Video_Files
151.52,0.3647501946993061,Rameen_Chewing_Video_Files
151.56,0.2713500537929768,Rameen_Chewing_Video_Files
151.6,0.1207551066830561,Rameen_Chewing_Video_Files
151.64,0.1012586609536663,Rameen_Chewing_Video_Files
151.68,0.0858015489122022,Rameen_Chewing_Video_Files
151.72,0.0767629372100778,Rameen_Chewing_Video_Files
151.76,0.0614498669322409,Rameen_Chewing_Video_Files
151.8,0.3651286945021511,Rameen_Chewing_Video_Files
151.84,0.471486550429061,Rameen_Chewing_Video_Files
151.88,0.4556565733179892,Rameen_Chewing_Video_Files
151.92,0.4610305526614954,Rameen_Chewing_Video_Files
151.96,0.2174555589254525,Rameen_Chewing_Video_Files
152.0,0.05765369616165,Rameen_Chewing_Video_Files
152.04,0.1374532697863281,Rameen_Chewing_Video_Files
152.08,0.1865550552793136,Rameen_Chewing_Video_Files
152.12,0.1602752751609189,Rameen_Chewing_Video_Files
152.16,0.1592087576966525,Rameen_Chewing_Video_Files
152.2,0.1408330228918855,Rameen_Chewing_Video_Files
152.24,0.103305417938325,Rameen_Chewing_Video_Files
152.28,0.0928733959305004,Rameen_Chewing_Video_Files
152.32,0.0783482625763147,Rameen_Chewing_Video_Files
152.36,0.0569503290928401,Rameen_Chewing_Video_Files
152.4,0.039145479144882,Rameen_Chewing_Video_Files
152.44,0.0443499924668378,Rameen_Chewing_Video_Files
152.48,1.8714614754920385,Rameen_Chewing_Video_Files
152.52,6.715822806168953,Rameen_Chewing_Video_Files
152.56,9.077035835904496,Rameen_Chewing_Video_Files
152.6,8.31578888681343,Rameen_Chewing_Video_Files
152.64,6.7691201820848805,Rameen_Chewing_Video_Files
152.68,4.037068972516157,Rameen_Chewing_Video_Files
152.72,2.0355652446706167,Rameen_Chewing_Video_Files
152.76,0.9790571173707896,Rameen_Chewing_Video_Files
152.8,0.488953896190764,Rameen_Chewing_Video_Files
152.84,0.2471874571018067,Rameen_Chewing_Video_Files
152.88,0.2132132099016455,Rameen_Chewing_Video_Files
152.92,0.2207875862330553,Rameen_Chewing_Video_Files
152.96,0.1885978082436102,Rameen_Chewing_Video_Files
153.0,0.15566920281514,Rameen_Chewing_Video_Files
153.04,0.1299055181063906,Rameen_Chewing_Video_Files
153.08,0.1406624273603862,Rameen_Chewing_Video_Files
153.12,0.1772324114108247,Rameen_Chewing_Video_Files
153.16,0.0340453159133542,Rameen_Chewing_Video_Files
153.2,0.3281972326474625,Rameen_Chewing_Video_Files
153.24,1.599236170999995,Rameen_Chewing_Video_Files
153.28,1.4854379245776228,Rameen_Chewing_Video_Files
153.32,2.425730169862512,Rameen_Chewing_Video_Files
153.36,0.7953418084842319,Rameen_Chewing_Video_Files
153.4,0.2285996299180048,Rameen_Chewing_Video_Files
153.44,0.2214065081115172,Rameen_Chewing_Video_Files
153.48,0.2103456722148117,Rameen_Chewing_Video_Files
153.52,0.1849285858784115,Rameen_Chewing_Video_Files
153.56,0.1815936499850094,Rameen_Chewing_Video_Files
153.6,0.1992062563815662,Rameen_Chewing_Video_Files
153.64,0.1797216920874583,Rameen_Chewing_Video_Files
153.68,0.1409717348712617,Rameen_Chewing_Video_Files
153.72,0.1008040302728106,Rameen_Chewing_Video_Files
153.76,0.098819365557784,Rameen_Chewing_Video_Files
153.8,0.0454914614682,Rameen_Chewing_Video_Files
153.84,0.1562979816478385,Rameen_Chewing_Video_Files
153.88,0.0999433798501747,Rameen_Chewing_Video_Files
153.92,0.1946415431879201,Rameen_Chewing_Video_Files
153.96,0.3853870404202881,Rameen_Chewing_Video_Files
154.0,0.3762161946554525,Rameen_Chewing_Video_Files
154.04,0.3012673419305972,Rameen_Chewing_Video_Files
154.08,0.410903150665639,Rameen_Chewing_Video_Files
154.12,1.0790803004173946,Rameen_Chewing_Video_Files
154.16,0.7133008158217213,Rameen_Chewing_Video_Files
154.2,0.2149237751277171,Rameen_Chewing_Video_Files
154.24,0.1859683585073232,Rameen_Chewing_Video_Files
154.28,0.1488660085753795,Rameen_Chewing_Video_Files
154.32,0.1055232405468873,Rameen_Chewing_Video_Files
154.36,0.0517017801709509,Rameen_Chewing_Video_Files
154.4,0.0797157393475259,Rameen_Chewing_Video_Files
154.44,0.1913921632490764,Rameen_Chewing_Video_Files
154.48,0.0769219355800537,Rameen_Chewing_Video_Files
154.52,0.0565472772141464,Rameen_Chewing_Video_Files
154.56,0.0821472084447399,Rameen_Chewing_Video_Files
154.6,0.0575360180011471,Rameen_Chewing_Video_Files
154.64,0.0465809157773436,Rameen_Chewing_Video_Files
154.68,0.0772552664527613,Rameen_Chewing_Video_Files
154.72,0.1400042803920919,Rameen_Chewing_Video_Files
154.76,0.2182607189385485,Rameen_Chewing_Video_Files
154.8,0.2765550029732437,Rameen_Chewing_Video_Files
154.84,0.2853466596933915,Rameen_Chewing_Video_Files
154.88,0.8494265245121686,Rameen_Chewing_Video_Files
154.92,1.2717115571394455,Rameen_Chewing_Video_Files
154.96,1.142558343547227,Rameen_Chewing_Video_Files
155.0,0.2309753423815338,Rameen_Chewing_Video_Files
155.04,0.2030950377720556,Rameen_Chewing_Video_Files
155.08,0.2248207507536385,Rameen_Chewing_Video_Files
155.12,0.2231404958437431,Rameen_Chewing_Video_Files
155.16,0.1767126199907645,Rameen_Chewing_Video_Files
155.2,0.1229592885993212,Rameen_Chewing_Video_Files
155.24,0.0840161397035035,Rameen_Chewing_Video_Files
155.28,0.0646016210232474,Rameen_Chewing_Video_Files
155.32,0.0585070759993062,Rameen_Chewing_Video_Files
155.36,0.0544756552545542,Rameen_Chewing_Video_Files
155.4,0.098748139742381,Rameen_Chewing_Video_Files
155.44,0.0676824834219995,Rameen_Chewing_Video_Files
155.48,0.1185784648343567,Rameen_Chewing_Video_Files
155.52,0.2899359305134713,Rameen_Chewing_Video_Files
155.56,0.2940705043634272,Rameen_Chewing_Video_Files
155.6,2.0840277043201216,Rameen_Chewing_Video_Files
155.64,0.8853343555546883,Rameen_Chewing_Video_Files
155.68,0.2547344185438897,Rameen_Chewing_Video_Files
155.72,0.2789960969402233,Rameen_Chewing_Video_Files
155.76,0.2817310230530078,Rameen_Chewing_Video_Files
155.8,0.2643609789944561,Rameen_Chewing_Video_Files
155.84,0.1779843274147818,Rameen_Chewing_Video_Files
155.88,0.0993299116856366,Rameen_Chewing_Video_Files
155.92,0.1120403342727941,Rameen_Chewing_Video_Files
155.96,0.1213568835317721,Rameen_Chewing_Video_Files
156.0,0.1496981375306723,Rameen_Chewing_Video_Files
156.04,0.1534644365584302,Rameen_Chewing_Video_Files
156.08,0.1939234082443994,Rameen_Chewing_Video_Files
156.12,0.1394378906528706,Rameen_Chewing_Video_Files
156.16,0.1613894500291653,Rameen_Chewing_Video_Files
156.2,0.1076431363806239,Rameen_Chewing_Video_Files
156.24,0.4358143213362018,Rameen_Chewing_Video_Files
156.28,1.396510181913611,Rameen_Chewing_Video_Files
156.32,2.1715756623569877,Rameen_Chewing_Video_Files
156.36,2.230954474344294,Rameen_Chewing_Video_Files
156.4,2.900943141547753,Rameen_Chewing_Video_Files
156.44,3.1941968750875795,Rameen_Chewing_Video_Files
156.48,4.183707469619607,Rameen_Chewing_Video_Files
156.52,2.2319967135446808,Rameen_Chewing_Video_Files
156.56,0.5994864863223598,Rameen_Chewing_Video_Files
156.6,0.2975739765825196,Rameen_Chewing_Video_Files
156.64,0.2337103256423279,Rameen_Chewing_Video_Files
156.68,0.1812917468089251,Rameen_Chewing_Video_Files
156.72,0.1735359268324488,Rameen_Chewing_Video_Files
156.76,0.1802472402593166,Rameen_Chewing_Video_Files
156.8,0.0877363142590751,Rameen_Chewing_Video_Files
156.84,0.1997438800706639,Rameen_Chewing_Video_Files
156.88,0.2368541354425904,Rameen_Chewing_Video_Files
156.92,0.2382201719613883,Rameen_Chewing_Video_Files
156.96,0.172084750646289,Rameen_Chewing_Video_Files
157.0,0.2824392639435705,Rameen_Chewing_Video_Files
157.04,0.0324922927718791,Rameen_Chewing_Video_Files
157.08,1.053626364496044,Rameen_Chewing_Video_Files
157.12,1.1999654070324306,Rameen_Chewing_Video_Files
157.16,2.887755237934945,Rameen_Chewing_Video_Files
157.2,1.6581066905433584,Rameen_Chewing_Video_Files
157.24,0.9580859434160046,Rameen_Chewing_Video_Files
157.28,0.806422931472864,Rameen_Chewing_Video_Files
157.32,0.7160020582056966,Rameen_Chewing_Video_Files
157.36,0.368791195559788,Rameen_Chewing_Video_Files
157.4,0.3271077720736988,Rameen_Chewing_Video_Files
157.44,0.4076746069562862,Rameen_Chewing_Video_Files
157.48,0.537365889580947,Rameen_Chewing_Video_Files
157.52,0.4858876617689916,Rameen_Chewing_Video_Files
157.56,0.537911561876625,Rameen_Chewing_Video_Files
157.6,0.6881305058538032,Rameen_Chewing_Video_Files
157.64,0.6606701649963073,Rameen_Chewing_Video_Files
157.68,0.6550631766469853,Rameen_Chewing_Video_Files
157.72,0.6340741602005986,Rameen_Chewing_Video_Files
157.76,0.6464374021773227,Rameen_Chewing_Video_Files
157.8,1.946923038555909,Rameen_Chewing_Video_Files
157.84,1.224827363204971,Rameen_Chewing_Video_Files
157.88,1.0120868153229463,Rameen_Chewing_Video_Files
157.92,1.005579863439292,Rameen_Chewing_Video_Files
157.96,0.7524082198301889,Rameen_Chewing_Video_Files
158.0,2.0166422765578917,Rameen_Chewing_Video_Files
158.04,0.9505884554308832,Rameen_Chewing_Video_Files
158.08,0.4567364899339963,Rameen_Chewing_Video_Files
158.12,0.2967324386206884,Rameen_Chewing_Video_Files
158.16,0.3375063538030854,Rameen_Chewing_Video_Files
158.2,0.4238756120324894,Rameen_Chewing_Video_Files
158.24,0.3035505338279897,Rameen_Chewing_Video_Files
158.28,0.389585605563753,Rameen_Chewing_Video_Files
158.32,0.5795180247490506,Rameen_Chewing_Video_Files
158.36,0.6448922946055258,Rameen_Chewing_Video_Files
158.4,0.7539587368955738,Rameen_Chewing_Video_Files
158.44,0.7543165768490003,Rameen_Chewing_Video_Files
158.48,0.6580330768493095,Rameen_Chewing_Video_Files
158.52,0.5757286482482643,Rameen_Chewing_Video_Files
158.56,0.5910573550456534,Rameen_Chewing_Video_Files
158.6,0.6861593721672985,Rameen_Chewing_Video_Files
158.64,0.7667278807206129,Rameen_Chewing_Video_Files
158.68,0.8696192730038109,Rameen_Chewing_Video_Files
158.72,1.1329595690991792,Rameen_Chewing_Video_Files
158.76,1.14580211372408,Rameen_Chewing_Video_Files
158.8,4.890564567580964,Rameen_Chewing_Video_Files
158.84,6.659113187764819,Rameen_Chewing_Video_Files
158.88,8.386425636688077,Rameen_Chewing_Video_Files
158.92,8.276495854764379,Rameen_Chewing_Video_Files
158.96,9.140032716081322,Rameen_Chewing_Video_Files
159.0,9.455674706572234,Rameen_Chewing_Video_Files
159.04,6.965076475878025,Rameen_Chewing_Video_Files
159.08,6.213734260393021,Rameen_Chewing_Video_Files
159.12,4.046505261010901,Rameen_Chewing_Video_Files
159.16,1.8744969217919545,Rameen_Chewing_Video_Files
159.2,0.4800984330078104,Rameen_Chewing_Video_Files
159.24,0.1729491189518421,Rameen_Chewing_Video_Files
159.28,0.2215312824894384,Rameen_Chewing_Video_Files
159.32,0.1109443342216659,Rameen_Chewing_Video_Files
159.36,0.0392842807186017,Rameen_Chewing_Video_Files
159.4,0.2043892510361345,Rameen_Chewing_Video_Files
159.44,0.2713871107762646,Rameen_Chewing_Video_Files
159.48,0.3018531862123155,Rameen_Chewing_Video_Files
159.52,0.0316435188410369,Rameen_Chewing_Video_Files
159.56,0.1477239779920155,Rameen_Chewing_Video_Files
159.6,0.1621192664772629,Rameen_Chewing_Video_Files
159.64,0.1788992360421055,Rameen_Chewing_Video_Files
159.68,0.103480443864151,Rameen_Chewing_Video_Files
159.72,0.1204695311389559,Rameen_Chewing_Video_Files
159.76,0.0582493061839648,Rameen_Chewing_Video_Files
159.8,0.1985880653460878,Rameen_Chewing_Video_Files
159.84,0.1918593770461884,Rameen_Chewing_Video_Files
159.88,0.1928671741389111,Rameen_Chewing_Video_Files
159.92,0.2539266580394586,Rameen_Chewing_Video_Files
159.96,0.2347476660116289,Rameen_Chewing_Video_Files
160.0,0.6402358264443017,Rameen_Chewing_Video_Files
160.04,0.5442014135519871,Rameen_Chewing_Video_Files
160.08,0.3550715894016662,Rameen_Chewing_Video_Files
160.12,0.1815160582723852,Rameen_Chewing_Video_Files
160.16,0.4446495578997906,Rameen_Chewing_Video_Files
160.2,0.307463467599723,Rameen_Chewing_Video_Files
160.24,0.1484276267976214,Rameen_Chewing_Video_Files
160.28,0.0688418723023059,Rameen_Chewing_Video_Files
160.32,0.0270911077344474,Rameen_Chewing_Video_Files
160.36,0.0379666072851869,Rameen_Chewing_Video_Files
160.4,0.1245497638561772,Rameen_Chewing_Video_Files
160.44,0.1013487679919708,Rameen_Chewing_Video_Files
160.48,0.0692612840024216,Rameen_Chewing_Video_Files
160.52,0.0657463213793587,Rameen_Chewing_Video_Files
160.56,0.0676495168265019,Rameen_Chewing_Video_Files
160.6,0.061190641251671,Rameen_Chewing_Video_Files
160.64,0.0519817927818615,Rameen_Chewing_Video_Files
160.68,0.0556297302327839,Rameen_Chewing_Video_Files
160.72,0.4250824186925162,Rameen_Chewing_Video_Files
160.76,1.492673547336629,Rameen_Chewing_Video_Files
160.8,1.7737786096715695,Rameen_Chewing_Video_Files
160.84,2.8369227909868098,Rameen_Chewing_Video_Files
160.88,4.099750843888086,Rameen_Chewing_Video_Files
160.92,4.84076964399145,Rameen_Chewing_Video_Files
160.96,5.040225069747423,Rameen_Chewing_Video_Files
161.0,4.81328718513539,Rameen_Chewing_Video_Files
161.04,2.4261497936194454,Rameen_Chewing_Video_Files
161.08,1.1931244183640686,Rameen_Chewing_Video_Files
161.12,0.5244240147718046,Rameen_Chewing_Video_Files
161.16,0.2111357349449425,Rameen_Chewing_Video_Files
161.2,0.3785151318254983,Rameen_Chewing_Video_Files
161.24,0.3741703134126741,Rameen_Chewing_Video_Files
161.28,0.3163510825075222,Rameen_Chewing_Video_Files
161.32,0.2283932533509383,Rameen_Chewing_Video_Files
161.36,0.2024283630232169,Rameen_Chewing_Video_Files
161.4,0.164364232157651,Rameen_Chewing_Video_Files
161.44,0.1852675974431347,Rameen_Chewing_Video_Files
161.48,0.1748610515479264,Rameen_Chewing_Video_Files
161.52,0.1732563824013125,Rameen_Chewing_Video_Files
161.56,0.1720443285293579,Rameen_Chewing_Video_Files
161.6,0.2231660306090571,Rameen_Chewing_Video_Files
161.64,0.2700699407853328,Rameen_Chewing_Video_Files
161.68,0.3198663604173541,Rameen_Chewing_Video_Files
161.72,0.3064586878857129,Rameen_Chewing_Video_Files
161.76,0.2738351640156691,Rameen_Chewing_Video_Files
161.8,0.2577075311072118,Rameen_Chewing_Video_Files
161.84,4.14865031571457,Rameen_Chewing_Video_Files
161.88,9.773992158468612,Rameen_Chewing_Video_Files
161.92,14.10369154347711,Rameen_Chewing_Video_Files
161.96,17.31654143670572,Rameen_Chewing_Video_Files
162.0,18.289779487386973,Rameen_Chewing_Video_Files
162.04,27.788219224455503,Rameen_Chewing_Video_Files
162.08,32.2932594219843,Rameen_Chewing_Video_Files
162.12,35.96230271695018,Rameen_Chewing_Video_Files
162.16,43.65242573077008,Rameen_Chewing_Video_Files
162.2,48.22969224558216,Rameen_Chewing_Video_Files
162.24,55.07928493132743,Rameen_Chewing_Video_Files
162.28,56.26808082587753,Rameen_Chewing_Video_Files
162.32,55.39349436607191,Rameen_Chewing_Video_Files
162.36,53.73170349301251,Rameen_Chewing_Video_Files
162.4,51.18571371980806,Rameen_Chewing_Video_Files
162.44,45.77284891914563,Rameen_Chewing_Video_Files
162.48,42.36187945350423,Rameen_Chewing_Video_Files
162.52,35.90194075762052,Rameen_Chewing_Video_Files
162.56,29.350290202412783,Rameen_Chewing_Video_Files
162.6,21.777644759947737,Rameen_Chewing_Video_Files
162.64,17.041369590605818,Rameen_Chewing_Video_Files
162.68,16.244843189769444,Rameen_Chewing_Video_Files
162.72,13.512441309483062,Rameen_Chewing_Video_Files
162.76,14.748175911866852,Rameen_Chewing_Video_Files
162.8,14.78703175678902,Rameen_Chewing_Video_Files
162.84,7.609660370194402,Rameen_Chewing_Video_Files
162.88,5.491682010986187,Rameen_Chewing_Video_Files
162.92,2.136210049298524,Rameen_Chewing_Video_Files
162.96,1.3162235083019538,Rameen_Chewing_Video_Files
163.0,13.81076957797177,Rameen_Chewing_Video_Files
163.04,8.278975381901988,Rameen_Chewing_Video_Files
163.08,5.012346470537248,Rameen_Chewing_Video_Files
163.12,2.909917544375001,Rameen_Chewing_Video_Files
163.16,1.172512759488603,Rameen_Chewing_Video_Files
163.2,1.0765750429374807,Rameen_Chewing_Video_Files
163.24,1.0626843647552,Rameen_Chewing_Video_Files
163.28,4.4363783720126015,Rameen_Chewing_Video_Files
163.32,6.043859558475478,Rameen_Chewing_Video_Files
163.36,5.626455843643175,Rameen_Chewing_Video_Files
163.4,4.015916656112971,Rameen_Chewing_Video_Files
163.44,0.3891344577974653,Rameen_Chewing_Video_Files
163.48,0.415651259554088,Rameen_Chewing_Video_Files
163.52,0.3340073472909528,Rameen_Chewing_Video_Files
163.56,0.1597030699113555,Rameen_Chewing_Video_Files
163.6,0.97636943740897,Rameen_Chewing_Video_Files
163.64,1.773005158066005,Rameen_Chewing_Video_Files
163.68,2.272124796400045,Rameen_Chewing_Video_Files
163.72,2.285478751593561,Rameen_Chewing_Video_Files
163.76,1.7408121216369377,Rameen_Chewing_Video_Files
163.8,0.9588294391555868,Rameen_Chewing_Video_Files
163.84,1.3314890380782296,Rameen_Chewing_Video_Files
163.88,2.8465618308410834,Rameen_Chewing_Video_Files
163.92,2.802006843332061,Rameen_Chewing_Video_Files
163.96,1.5841314292954662,Rameen_Chewing_Video_Files
164.0,1.33294954203167,Rameen_Chewing_Video_Files
164.04,1.1132444935325982,Rameen_Chewing_Video_Files
164.08,0.9400668848225292,Rameen_Chewing_Video_Files
164.12,0.5213917850923158,Rameen_Chewing_Video_Files
164.16,0.5215440193502867,Rameen_Chewing_Video_Files
164.2,0.831528448920937,Rameen_Chewing_Video_Files
164.24,2.5646423077841254,Rameen_Chewing_Video_Files
164.28,6.458562188942524,Rameen_Chewing_Video_Files
164.32,4.1893925013259485,Rameen_Chewing_Video_Files
164.36,4.86569964575453,Rameen_Chewing_Video_Files
164.4,1.92253006555862,Rameen_Chewing_Video_Files
164.44,2.01051881000802,Rameen_Chewing_Video_Files
164.48,2.2754116334268364,Rameen_Chewing_Video_Files
164.52,0.9720465918142192,Rameen_Chewing_Video_Files
164.56,0.735341214877443,Rameen_Chewing_Video_Files
164.6,0.7243290414004222,Rameen_Chewing_Video_Files
164.64,0.6755511854915242,Rameen_Chewing_Video_Files
164.68,0.8265545395276465,Rameen_Chewing_Video_Files
164.72,0.9716869772597077,Rameen_Chewing_Video_Files
164.76,0.9109549636066152,Rameen_Chewing_Video_Files
164.8,0.9731333437113496,Rameen_Chewing_Video_Files
164.84,1.1512351730570305,Rameen_Chewing_Video_Files
164.88,1.9666658952407512,Rameen_Chewing_Video_Files
164.92,2.876054402498182,Rameen_Chewing_Video_Files
164.96,4.118646683954738,Rameen_Chewing_Video_Files
165.0,4.38637963074888,Rameen_Chewing_Video_Files
165.04,5.407159934651524,Rameen_Chewing_Video_Files
165.08,5.737998127825511,Rameen_Chewing_Video_Files
165.12,4.399069129209886,Rameen_Chewing_Video_Files
165.16,5.738487819766624,Rameen_Chewing_Video_Files
165.2,4.708676442071039,Rameen_Chewing_Video_Files
165.24,1.8279030100935485,Rameen_Chewing_Video_Files
165.28,0.78270942289004,Rameen_Chewing_Video_Files
165.32,0.6616118288469186,Rameen_Chewing_Video_Files
165.36,0.6135641731222818,Rameen_Chewing_Video_Files
165.4,0.5737949967398494,Rameen_Chewing_Video_Files
165.44,0.6811555031794004,Rameen_Chewing_Video_Files
165.48,0.7382332217981519,Rameen_Chewing_Video_Files
165.52,1.3232588988268112,Rameen_Chewing_Video_Files
165.56,1.5883518259555147,Rameen_Chewing_Video_Files
165.6,1.394080549572198,Rameen_Chewing_Video_Files
165.64,2.561404187602291,Rameen_Chewing_Video_Files
165.68,6.476362245858921,Rameen_Chewing_Video_Files
165.72,6.221184802676113,Rameen_Chewing_Video_Files
165.76,4.312211468875427,Rameen_Chewing_Video_Files
165.8,3.480746749544145,Rameen_Chewing_Video_Files
165.84,7.568125634841968,Rameen_Chewing_Video_Files
165.88,3.2481972529603222,Rameen_Chewing_Video_Files
165.92,2.1192317419250943,Rameen_Chewing_Video_Files
165.96,1.769073319766403,Rameen_Chewing_Video_Files
166.0,1.5279156048210445,Rameen_Chewing_Video_Files
166.04,1.062696386292374,Rameen_Chewing_Video_Files
166.08,0.8913543461655394,Rameen_Chewing_Video_Files
166.12,0.8810381370302098,Rameen_Chewing_Video_Files
166.16,0.8966287298286418,Rameen_Chewing_Video_Files
166.2,0.9622581400646202,Rameen_Chewing_Video_Files
166.24,0.8943083526546873,Rameen_Chewing_Video_Files
166.28,0.4312892032525333,Rameen_Chewing_Video_Files
166.32,0.4450293108580593,Rameen_Chewing_Video_Files
166.36,0.6390252569336595,Rameen_Chewing_Video_Files
166.4,0.7704666767659271,Rameen_Chewing_Video_Files
166.44,0.8268234623824047,Rameen_Chewing_Video_Files
166.48,0.8826384602683147,Rameen_Chewing_Video_Files
166.52,0.9239949756722976,Rameen_Chewing_Video_Files
166.56,0.8720369247162343,Rameen_Chewing_Video_Files
166.6,0.827429164068712,Rameen_Chewing_Video_Files
166.64,0.6567596378258482,Rameen_Chewing_Video_Files
166.68,0.7105036409965338,Rameen_Chewing_Video_Files
166.72,5.725195765925547,Rameen_Chewing_Video_Files
166.76,8.697597138991807,Rameen_Chewing_Video_Files
166.8,9.845056774120318,Rameen_Chewing_Video_Files
166.84,3.804419652954578,Rameen_Chewing_Video_Files
166.88,1.837196541383,Rameen_Chewing_Video_Files
166.92,1.153828441781351,Rameen_Chewing_Video_Files
166.96,0.790609362748858,Rameen_Chewing_Video_Files
167.0,0.6266606156989346,Rameen_Chewing_Video_Files
167.04,0.5533653174474386,Rameen_Chewing_Video_Files
167.08,0.5400798341251394,Rameen_Chewing_Video_Files
167.12,0.5400680435723039,Rameen_Chewing_Video_Files
167.16,0.7698056837848113,Rameen_Chewing_Video_Files
167.2,0.8506272716116641,Rameen_Chewing_Video_Files
167.24,7.502366327782314,Rameen_Chewing_Video_Files
167.28,10.388686696406715,Rameen_Chewing_Video_Files
167.32,13.062623357828834,Rameen_Chewing_Video_Files
167.36,9.464231395705204,Rameen_Chewing_Video_Files
167.4,3.018962717664757,Rameen_Chewing_Video_Files
167.44,2.9905616261694363,Rameen_Chewing_Video_Files
167.48,0.6171656236820288,Rameen_Chewing_Video_Files
167.52,0.5063760541364273,Rameen_Chewing_Video_Files
167.56,0.4019117097373622,Rameen_Chewing_Video_Files
167.6,0.3119239168927828,Rameen_Chewing_Video_Files
167.64,0.4491206809740773,Rameen_Chewing_Video_Files
167.68,0.4682188828823377,Rameen_Chewing_Video_Files
167.72,0.4895703023206746,Rameen_Chewing_Video_Files
167.76,0.5205920462014467,Rameen_Chewing_Video_Files
167.8,0.5163973559932116,Rameen_Chewing_Video_Files
167.84,0.4918739799867689,Rameen_Chewing_Video_Files
167.88,0.4945908819023439,Rameen_Chewing_Video_Files
167.92,0.4447979450687915,Rameen_Chewing_Video_Files
167.96,2.224414710588297,Rameen_Chewing_Video_Files
168.0,2.3839534854057063,Rameen_Chewing_Video_Files
168.04,1.7587554780587562,Rameen_Chewing_Video_Files
168.08,0.984365031084232,Rameen_Chewing_Video_Files
168.12,0.9621420298832264,Rameen_Chewing_Video_Files
168.16,1.8455791792720715,Rameen_Chewing_Video_Files
168.2,3.665832125310032,Rameen_Chewing_Video_Files
168.24,2.4148910722388868,Rameen_Chewing_Video_Files
168.28,1.4408975224154073,Rameen_Chewing_Video_Files
168.32,0.953085516364705,Rameen_Chewing_Video_Files
168.36,0.7059033465109784,Rameen_Chewing_Video_Files
168.4,0.6168135460197636,Rameen_Chewing_Video_Files
168.44,0.6111801644571003,Rameen_Chewing_Video_Files
168.48,0.6491087154989909,Rameen_Chewing_Video_Files
168.52,0.6611114601895657,Rameen_Chewing_Video_Files
168.56,0.6523604626873931,Rameen_Chewing_Video_Files
168.6,0.6967248924876014,Rameen_Chewing_Video_Files
168.64,0.8770502537245317,Rameen_Chewing_Video_Files
168.68,0.9023145341313836,Rameen_Chewing_Video_Files
168.72,0.9109460465923366,Rameen_Chewing_Video_Files
168.76,0.9481410899749184,Rameen_Chewing_Video_Files
168.8,1.0996171416007103,Rameen_Chewing_Video_Files
168.84,1.0316926088010674,Rameen_Chewing_Video_Files
168.88,1.0430205446379142,Rameen_Chewing_Video_Files
168.92,2.234413102426442,Rameen_Chewing_Video_Files
168.96,1.878935161685863,Rameen_Chewing_Video_Files
169.0,1.6565847004234144,Rameen_Chewing_Video_Files
169.04,1.415248184706235,Rameen_Chewing_Video_Files
169.08,1.0435365277336075,Rameen_Chewing_Video_Files
169.12,0.9197934161632508,Rameen_Chewing_Video_Files
169.16,0.8048741651518955,Rameen_Chewing_Video_Files
169.2,0.7368567804992372,Rameen_Chewing_Video_Files
169.24,0.9225397846378136,Rameen_Chewing_Video_Files
169.28,0.6561525794877028,Rameen_Chewing_Video_Files
169.32,0.5596844230861495,Rameen_Chewing_Video_Files
169.36,0.4408347738166671,Rameen_Chewing_Video_Files
169.4,0.8462387711462757,Rameen_Chewing_Video_Files
169.44,0.7575033144312472,Rameen_Chewing_Video_Files
169.48,0.8090219145578605,Rameen_Chewing_Video_Files
169.52,0.817927379629081,Rameen_Chewing_Video_Files
169.56,0.9561159935810104,Rameen_Chewing_Video_Files
169.6,1.0350381051650563,Rameen_Chewing_Video_Files
169.64,1.4109738500580555,Rameen_Chewing_Video_Files
169.68,1.2226409755062029,Rameen_Chewing_Video_Files
169.72,1.2460771762341796,Rameen_Chewing_Video_Files
169.76,1.321484041735466,Rameen_Chewing_Video_Files
169.8,1.2862509953472314,Rameen_Chewing_Video_Files
169.84,1.1539508445985518,Rameen_Chewing_Video_Files
169.88,1.100580108711331,Rameen_Chewing_Video_Files
169.92,1.286374495203121,Rameen_Chewing_Video_Files
169.96,1.403455920151138,Rameen_Chewing_Video_Files
170.0,2.140835990240056,Rameen_Chewing_Video_Files
170.04,2.2650012178578245,Rameen_Chewing_Video_Files
170.08,1.941041735682098,Rameen_Chewing_Video_Files
170.12,3.34673801989614,Rameen_Chewing_Video_Files
170.16,2.023454461111142,Rameen_Chewing_Video_Files
170.2,2.0486785275414583,Rameen_Chewing_Video_Files
170.24,2.157795179088381,Rameen_Chewing_Video_Files
170.28,2.6632784105910794,Rameen_Chewing_Video_Files
170.32,5.62244251220069,Rameen_Chewing_Video_Files
170.36,8.465904277316753,Rameen_Chewing_Video_Files
170.4,8.534459091762647,Rameen_Chewing_Video_Files
170.44,5.483192151665438,Rameen_Chewing_Video_Files
170.48,4.800128701631612,Rameen_Chewing_Video_Files
170.52,3.5752539316562726,Rameen_Chewing_Video_Files
170.56,2.436240872408653,Rameen_Chewing_Video_Files
170.6,1.620030021935507,Rameen_Chewing_Video_Files
170.64,1.1874363916333093,Rameen_Chewing_Video_Files
170.68,1.2295241541470512,Rameen_Chewing_Video_Files
170.72,1.3691778086103903,Rameen_Chewing_Video_Files
170.76,1.2725194488420246,Rameen_Chewing_Video_Files
170.8,1.4146073924112852,Rameen_Chewing_Video_Files
170.84,0.622580757097947,Rameen_Chewing_Video_Files
170.88,0.7765383780626304,Rameen_Chewing_Video_Files
170.92,1.289392139067662,Rameen_Chewing_Video_Files
170.96,1.0381285638443218,Rameen_Chewing_Video_Files
171.0,1.299567352022662,Rameen_Chewing_Video_Files
171.04,1.955159634802043,Rameen_Chewing_Video_Files
171.08,2.10813244296204,Rameen_Chewing_Video_Files
171.12,2.740850969978669,Rameen_Chewing_Video_Files
171.16,2.2103194199760723,Rameen_Chewing_Video_Files
171.2,1.8314253071440432,Rameen_Chewing_Video_Files
171.24,1.0886919174040293,Rameen_Chewing_Video_Files
171.28,1.534027305002127,Rameen_Chewing_Video_Files
171.32,2.17802400543438,Rameen_Chewing_Video_Files
171.36,2.0156343365557725,Rameen_Chewing_Video_Files
171.4,1.846883273672205,Rameen_Chewing_Video_Files
171.44,1.540581125915003,Rameen_Chewing_Video_Files
171.48,1.5009305920533746,Rameen_Chewing_Video_Files
171.52,1.5741799731909096,Rameen_Chewing_Video_Files
171.56,1.611933548402143,Rameen_Chewing_Video_Files
171.6,1.6805841339613792,Rameen_Chewing_Video_Files
171.64,1.6350255920526264,Rameen_Chewing_Video_Files
171.68,1.154211302578097,Rameen_Chewing_Video_Files
171.72,1.8170783802723265,Rameen_Chewing_Video_Files
171.76,1.002521907350321,Rameen_Chewing_Video_Files
171.8,1.5358005062159843,Rameen_Chewing_Video_Files
171.84,2.2903226057831616,Rameen_Chewing_Video_Files
171.88,3.1788116927347625,Rameen_Chewing_Video_Files
171.92,3.556198820059619,Rameen_Chewing_Video_Files
171.96,3.259077218725989,Rameen_Chewing_Video_Files
172.0,1.7197998967793624,Rameen_Chewing_Video_Files
172.04,2.263851424260309,Rameen_Chewing_Video_Files
172.08,2.8946213031448504,Rameen_Chewing_Video_Files
172.12,1.7224341951621325,Rameen_Chewing_Video_Files
172.16,1.2289233647009874,Rameen_Chewing_Video_Files
172.2,0.9379816052752574,Rameen_Chewing_Video_Files
172.24,0.8064236059050794,Rameen_Chewing_Video_Files
172.28,0.7473391981745836,Rameen_Chewing_Video_Files
172.32,0.7234799245520839,Rameen_Chewing_Video_Files
172.36,0.7268104691928613,Rameen_Chewing_Video_Files
172.4,0.6984677935956553,Rameen_Chewing_Video_Files
172.44,0.7254623679236576,Rameen_Chewing_Video_Files
172.48,0.7425453496707908,Rameen_Chewing_Video_Files
172.52,0.8296272459402477,Rameen_Chewing_Video_Files
172.56,0.9387178983623394,Rameen_Chewing_Video_Files
172.6,0.9522022912570904,Rameen_Chewing_Video_Files
172.64,2.45733603621473,Rameen_Chewing_Video_Files
172.68,1.649104003820663,Rameen_Chewing_Video_Files
172.72,3.116703685769797,Rameen_Chewing_Video_Files
172.76,6.595160095736523,Rameen_Chewing_Video_Files
172.8,4.572804584260003,Rameen_Chewing_Video_Files
172.84,3.878467890208242,Rameen_Chewing_Video_Files
172.88,5.472629904316982,Rameen_Chewing_Video_Files
172.92,3.955839434849156,Rameen_Chewing_Video_Files
172.96,3.222983104284073,Rameen_Chewing_Video_Files
173.0,2.837694535558564,Rameen_Chewing_Video_Files
173.04,2.816318306820747,Rameen_Chewing_Video_Files
173.08,3.095712975086691,Rameen_Chewing_Video_Files
173.12,3.039760058176457,Rameen_Chewing_Video_Files
173.16,3.1254424986160445,Rameen_Chewing_Video_Files
173.2,2.7641277228992887,Rameen_Chewing_Video_Files
173.24,2.7923166185952506,Rameen_Chewing_Video_Files
173.28,2.442143134808362,Rameen_Chewing_Video_Files
173.32,2.101030333693229,Rameen_Chewing_Video_Files
173.36,2.2169790310986777,Rameen_Chewing_Video_Files
173.4,5.423811272093949,Rameen_Chewing_Video_Files
173.44,5.504886212188254,Rameen_Chewing_Video_Files
173.48,3.362947652444475,Rameen_Chewing_Video_Files
173.52,2.044015098072673,Rameen_Chewing_Video_Files
173.56,2.0082263748885327,Rameen_Chewing_Video_Files
173.6,2.2586422807205526,Rameen_Chewing_Video_Files
173.64,2.455523520947134,Rameen_Chewing_Video_Files
173.68,1.7225308334268612,Rameen_Chewing_Video_Files
173.72,2.323443928579905,Rameen_Chewing_Video_Files
173.76,3.189617882692818,Rameen_Chewing_Video_Files
173.8,3.565943926833861,Rameen_Chewing_Video_Files
173.84,3.5146900789814577,Rameen_Chewing_Video_Files
173.88,2.6919888483097663,Rameen_Chewing_Video_Files
173.92,1.6644254981481472,Rameen_Chewing_Video_Files
173.96,0.8279073921591462,Rameen_Chewing_Video_Files
174.0,0.5574839526441537,Rameen_Chewing_Video_Files
174.04,0.597953986836362,Rameen_Chewing_Video_Files
174.08,0.8933390071757644,Rameen_Chewing_Video_Files
174.12,1.8709076905318232,Rameen_Chewing_Video_Files
174.16,1.8543652479405035,Rameen_Chewing_Video_Files
174.2,1.5447351493979646,Rameen_Chewing_Video_Files
174.24,2.721465521039335,Rameen_Chewing_Video_Files
174.28,4.359385403942384,Rameen_Chewing_Video_Files
174.32,3.700712682873402,Rameen_Chewing_Video_Files
174.36,4.405214543000588,Rameen_Chewing_Video_Files
174.4,4.57367609346439,Rameen_Chewing_Video_Files
174.44,3.124186266005428,Rameen_Chewing_Video_Files
174.48,1.8507796210383487,Rameen_Chewing_Video_Files
174.52,1.215817649475558,Rameen_Chewing_Video_Files
174.56,0.8963405932363612,Rameen_Chewing_Video_Files
174.6,0.722745604892496,Rameen_Chewing_Video_Files
174.64,0.6306458322095555,Rameen_Chewing_Video_Files
174.68,0.5252941036393833,Rameen_Chewing_Video_Files
174.72,0.5378110739367995,Rameen_Chewing_Video_Files
174.76,0.450220113688538,Rameen_Chewing_Video_Files
174.8,1.7785845647273324,Rameen_Chewing_Video_Files
174.84,2.323127357968414,Rameen_Chewing_Video_Files
174.88,2.5740812519767946,Rameen_Chewing_Video_Files
174.92,2.817298740195915,Rameen_Chewing_Video_Files
174.96,2.450133231021835,Rameen_Chewing_Video_Files
175.0,6.168042664700496,Rameen_Chewing_Video_Files
175.04,7.453441659934873,Rameen_Chewing_Video_Files
175.08,4.303377179183406,Rameen_Chewing_Video_Files
175.12,3.6068033439712,Rameen_Chewing_Video_Files
175.16,1.8562667060064533,Rameen_Chewing_Video_Files
175.2,1.3350000312317474,Rameen_Chewing_Video_Files
175.24,1.734857769715664,Rameen_Chewing_Video_Files
175.28,1.381567406469874,Rameen_Chewing_Video_Files
175.32,1.5408526132206255,Rameen_Chewing_Video_Files
175.36,1.858741482297372,Rameen_Chewing_Video_Files
175.4,1.1541002684612158,Rameen_Chewing_Video_Files
175.44,0.869640507291364,Rameen_Chewing_Video_Files
175.48,1.572091685045232,Rameen_Chewing_Video_Files
175.52,1.963810350877472,Rameen_Chewing_Video_Files
175.56,1.725734880499875,Rameen_Chewing_Video_Files
175.6,2.155616774059292,Rameen_Chewing_Video_Files
175.64,6.646756736640289,Rameen_Chewing_Video_Files
175.68,8.438955224066008,Rameen_Chewing_Video_Files
175.72,7.634200297168165,Rameen_Chewing_Video_Files
175.76,8.515234244856055,Rameen_Chewing_Video_Files
175.8,8.88572698752515,Rameen_Chewing_Video_Files
175.84,8.74413994782055,Rameen_Chewing_Video_Files
175.88,4.904393693140821,Rameen_Chewing_Video_Files
175.92,1.626892973598928,Rameen_Chewing_Video_Files
175.96,0.8151100216054142,Rameen_Chewing_Video_Files
176.0,0.4826916822125094,Rameen_Chewing_Video_Files
176.04,0.4231545258635471,Rameen_Chewing_Video_Files
176.08,0.3239275908849524,Rameen_Chewing_Video_Files
176.12,0.8528758020293405,Rameen_Chewing_Video_Files
176.16,0.7072314792998503,Rameen_Chewing_Video_Files
176.2,0.8444020062760524,Rameen_Chewing_Video_Files
176.24,0.2489052492714664,Rameen_Chewing_Video_Files
176.28,3.0839184989924613,Rameen_Chewing_Video_Files
176.32,2.7192288496469823,Rameen_Chewing_Video_Files
176.36,2.716768079936174,Rameen_Chewing_Video_Files
176.4,2.0216366893858604,Rameen_Chewing_Video_Files
176.44,1.3668197536874165,Rameen_Chewing_Video_Files
176.48,1.3185577045491927,Rameen_Chewing_Video_Files
176.52,2.4974881438434493,Rameen_Chewing_Video_Files
176.56,1.2977568138962454,Rameen_Chewing_Video_Files
176.6,0.8638123032813845,Rameen_Chewing_Video_Files
176.64,0.9010471083025408,Rameen_Chewing_Video_Files
176.68,1.0011202611646308,Rameen_Chewing_Video_Files
176.72,0.8229371588493299,Rameen_Chewing_Video_Files
176.76,0.8240128220338983,Rameen_Chewing_Video_Files
176.8,0.8119380914021838,Rameen_Chewing_Video_Files
176.84,0.588135848423933,Rameen_Chewing_Video_Files
176.88,0.5731067718639887,Rameen_Chewing_Video_Files
176.92,0.6786200405108858,Rameen_Chewing_Video_Files
176.96,0.6097861861927082,Rameen_Chewing_Video_Files
177.0,0.6173840501031295,Rameen_Chewing_Video_Files
177.04,0.9316377530315364,Rameen_Chewing_Video_Files
177.08,2.111621174119686,Rameen_Chewing_Video_Files
177.12,3.785679306937559,Rameen_Chewing_Video_Files
177.16,1.870776491629256,Rameen_Chewing_Video_Files
177.2,2.5819687269042726,Rameen_Chewing_Video_Files
177.24,3.596245536514084,Rameen_Chewing_Video_Files
177.28,4.32789315444217,Rameen_Chewing_Video_Files
177.32,4.376930247295814,Rameen_Chewing_Video_Files
177.36,4.995347001526095,Rameen_Chewing_Video_Files
177.4,4.011565306067154,Rameen_Chewing_Video_Files
177.44,2.8555215805717986,Rameen_Chewing_Video_Files
177.48,1.448749480658729,Rameen_Chewing_Video_Files
177.52,1.0366630524370029,Rameen_Chewing_Video_Files
177.56,1.0570636773403614,Rameen_Chewing_Video_Files
177.6,1.2696976769754216,Rameen_Chewing_Video_Files
177.64,1.3773899058629382,Rameen_Chewing_Video_Files
177.68,1.4098661581218377,Rameen_Chewing_Video_Files
177.72,1.224027360984092,Rameen_Chewing_Video_Files
177.76,0.7519028950397205,Rameen_Chewing_Video_Files
177.8,0.3806852213230731,Rameen_Chewing_Video_Files
177.84,0.2414964478452325,Rameen_Chewing_Video_Files
177.88,0.3734532884068825,Rameen_Chewing_Video_Files
177.92,0.9985554102498344,Rameen_Chewing_Video_Files
177.96,0.8859595350137358,Rameen_Chewing_Video_Files
178.0,1.2558266428229683,Rameen_Chewing_Video_Files
178.04,6.632631072942415,Rameen_Chewing_Video_Files
178.08,8.766980454233511,Rameen_Chewing_Video_Files
178.12,8.99325659841136,Rameen_Chewing_Video_Files
178.16,9.379518396768994,Rameen_Chewing_Video_Files
178.2,9.207403563112264,Rameen_Chewing_Video_Files
178.24,8.769102915628713,Rameen_Chewing_Video_Files
178.28,8.159388724326345,Rameen_Chewing_Video_Files
178.32,7.748685650413957,Rameen_Chewing_Video_Files
178.36,7.8479128978918755,Rameen_Chewing_Video_Files
178.4,7.769379965339362,Rameen_Chewing_Video_Files
178.44,7.524427778108598,Rameen_Chewing_Video_Files
178.48,3.517545558370246,Rameen_Chewing_Video_Files
178.52,2.0732476647477847,Rameen_Chewing_Video_Files
178.56,1.3364634270747338,Rameen_Chewing_Video_Files
178.6,0.9478473077532668,Rameen_Chewing_Video_Files
178.64,0.7479357375709563,Rameen_Chewing_Video_Files
178.68,0.4727489712356078,Rameen_Chewing_Video_Files
178.72,0.2758260541532644,Rameen_Chewing_Video_Files
178.76,0.2711791189292156,Rameen_Chewing_Video_Files
178.8,0.2656423505224491,Rameen_Chewing_Video_Files
178.84,0.9372211179338316,Rameen_Chewing_Video_Files
178.88,1.5660269386931924,Rameen_Chewing_Video_Files
178.92,1.3289796666738996,Rameen_Chewing_Video_Files
178.96,1.1783553465709136,Rameen_Chewing_Video_Files
179.0,1.5228916395663186,Rameen_Chewing_Video_Files
179.04,1.343164155242174,Rameen_Chewing_Video_Files
179.08,3.093171578322741,Rameen_Chewing_Video_Files
179.12,4.35936278191362,Rameen_Chewing_Video_Files
179.16,2.8756200921251853,Rameen_Chewing_Video_Files
179.2,2.1866545907241526,Rameen_Chewing_Video_Files
179.24,1.8625527878101733,Rameen_Chewing_Video_Files
179.28,1.7583085371716884,Rameen_Chewing_Video_Files
179.32,1.3144222277022042,Rameen_Chewing_Video_Files
179.36,0.9277838300598938,Rameen_Chewing_Video_Files
179.4,0.6869951423115132,Rameen_Chewing_Video_Files
179.44,0.6119571726780887,Rameen_Chewing_Video_Files
179.48,0.6492050721748984,Rameen_Chewing_Video_Files
179.52,0.6735096443151558,Rameen_Chewing_Video_Files
179.56,0.6063693124036101,Rameen_Chewing_Video_Files
179.6,0.5969144961617662,Rameen_Chewing_Video_Files
179.64,0.6074397506210777,Rameen_Chewing_Video_Files
179.68,1.1267060976244765,Rameen_Chewing_Video_Files
179.72,1.185972960405379,Rameen_Chewing_Video_Files
179.76,1.0672166523868645,Rameen_Chewing_Video_Files
179.8,0.9154668838808188,Rameen_Chewing_Video_Files
179.84,2.262286239618988,Rameen_Chewing_Video_Files
179.88,1.3481196055761149,Rameen_Chewing_Video_Files
179.92,1.317779997369776,Rameen_Chewing_Video_Files
179.96,1.3273544321804769,Rameen_Chewing_Video_Files
180.0,1.053496297005612,Rameen_Chewing_Video_Files
180.04,1.3441679825221828,Rameen_Chewing_Video_Files
180.08,2.03848218719031,Rameen_Chewing_Video_Files
180.12,1.8029255897977297,Rameen_Chewing_Video_Files
180.16,1.5397827036882747,Rameen_Chewing_Video_Files
180.2,1.3342298091828606,Rameen_Chewing_Video_Files
180.24,1.2409507999814235,Rameen_Chewing_Video_Files
180.28,2.468999881926107,Rameen_Chewing_Video_Files
180.32,1.4873894782720658,Rameen_Chewing_Video_Files
180.36,1.7934234933395887,Rameen_Chewing_Video_Files
180.4,1.8537252369295028,Rameen_Chewing_Video_Files
180.44,1.3481569472308748,Rameen_Chewing_Video_Files
180.48,1.0989104338328357,Rameen_Chewing_Video_Files
180.52,0.9525895830576708,Rameen_Chewing_Video_Files
180.56,1.7559561673914206,Rameen_Chewing_Video_Files
180.6,1.074579675679577,Rameen_Chewing_Video_Files
180.64,0.6303311366069547,Rameen_Chewing_Video_Files
180.68,0.5819971801050037,Rameen_Chewing_Video_Files
180.72,0.7396030952339773,Rameen_Chewing_Video_Files
180.76,0.7066563766708356,Rameen_Chewing_Video_Files
180.8,0.6995785619216417,Rameen_Chewing_Video_Files
180.84,0.7993081548509724,Rameen_Chewing_Video_Files
180.88,0.9388696200384888,Rameen_Chewing_Video_Files
180.92,1.1897840570143414,Rameen_Chewing_Video_Files
180.96,1.2678631334152632,Rameen_Chewing_Video_Files
181.0,1.3333296625047393,Rameen_Chewing_Video_Files
181.04,1.3210025292256264,Rameen_Chewing_Video_Files
181.08,1.6917973139693665,Rameen_Chewing_Video_Files
181.12,2.306859028563733,Rameen_Chewing_Video_Files
181.16,2.551664221785392,Rameen_Chewing_Video_Files
181.2,2.473244106972188,Rameen_Chewing_Video_Files
181.24,10.285603957254247,Rameen_Chewing_Video_Files
181.28,12.415734666366404,Rameen_Chewing_Video_Files
181.32,12.215037216055606,Rameen_Chewing_Video_Files
181.36,11.636236641079485,Rameen_Chewing_Video_Files
181.4,12.127493339574512,Rameen_Chewing_Video_Files
181.44,11.369889657326212,Rameen_Chewing_Video_Files
181.48,11.226869985061574,Rameen_Chewing_Video_Files
181.52,11.17273927574641,Rameen_Chewing_Video_Files
181.56,11.373819030533298,Rameen_Chewing_Video_Files
181.6,11.090842861160382,Rameen_Chewing_Video_Files
181.64,8.866102015676361,Rameen_Chewing_Video_Files
181.68,4.267803160017622,Rameen_Chewing_Video_Files
181.72,2.6370349230299768,Rameen_Chewing_Video_Files
181.76,2.4401110040053573,Rameen_Chewing_Video_Files
181.8,2.3164268221678417,Rameen_Chewing_Video_Files
181.84,1.90693252907467,Rameen_Chewing_Video_Files
181.88,1.858889138173535,Rameen_Chewing_Video_Files
181.92,3.254025526963225,Rameen_Chewing_Video_Files
181.96,3.631663351749596,Rameen_Chewing_Video_Files
182.0,10.959300106483376,Rameen_Chewing_Video_Files
182.04,17.58153127741969,Rameen_Chewing_Video_Files
182.08,19.556641295358872,Rameen_Chewing_Video_Files
182.12,19.314259201491563,Rameen_Chewing_Video_Files
182.16,19.840479051760106,Rameen_Chewing_Video_Files
182.2,20.750561934131404,Rameen_Chewing_Video_Files
182.24,20.93467259615093,Rameen_Chewing_Video_Files
182.28,22.50138299074639,Rameen_Chewing_Video_Files
182.32,23.413355527400785,Rameen_Chewing_Video_Files
182.36,24.50016076544516,Rameen_Chewing_Video_Files
182.4,25.858485552907496,Rameen_Chewing_Video_Files
182.44,26.72748264419374,Rameen_Chewing_Video_Files
182.48,28.562260582883624,Rameen_Chewing_Video_Files
182.52,31.27880070397392,Rameen_Chewing_Video_Files
182.56,33.9604113257648,Rameen_Chewing_Video_Files
182.6,38.44860344150788,Rameen_Chewing_Video_Files
182.64,43.64442149657692,Rameen_Chewing_Video_Files
182.68,48.7329000835894,Rameen_Chewing_Video_Files
182.72,50.08423714160413,Rameen_Chewing_Video_Files
182.76,51.912634058862245,Rameen_Chewing_Video_Files
182.8,53.46752060004106,Rameen_Chewing_Video_Files
182.84,53.50744913632846,Rameen_Chewing_Video_Files
182.88,51.279124763327694,Rameen_Chewing_Video_Files
182.92,47.57322081083753,Rameen_Chewing_Video_Files
182.96,44.50896280872627,Rameen_Chewing_Video_Files
183.0,38.08576604170004,Rameen_Chewing_Video_Files
183.04,28.254110693995383,Rameen_Chewing_Video_Files
183.08,20.20923803616993,Rameen_Chewing_Video_Files
183.12,15.759179802686898,Rameen_Chewing_Video_Files
183.16,14.508256600838616,Rameen_Chewing_Video_Files
183.2,13.345144215080056,Rameen_Chewing_Video_Files
183.24,14.17292052187118,Rameen_Chewing_Video_Files
183.28,9.00730702629415,Rameen_Chewing_Video_Files
183.32,7.092767682229401,Rameen_Chewing_Video_Files
183.36,6.693978672246651,Rameen_Chewing_Video_Files
183.4,7.41538935419405,Rameen_Chewing_Video_Files
183.44,3.718717872529322,Rameen_Chewing_Video_Files
183.48,0.5808431791638548,Rameen_Chewing_Video_Files
183.52,3.3635966826403987,Rameen_Chewing_Video_Files
183.56,12.644285895772454,Rameen_Chewing_Video_Files
183.6,18.789672440139064,Rameen_Chewing_Video_Files
183.64,9.63800462906897,Rameen_Chewing_Video_Files
183.68,9.654011562597065,Rameen_Chewing_Video_Files
183.72,5.269191488395417,Rameen_Chewing_Video_Files
183.76,1.8744416578875929,Rameen_Chewing_Video_Files
183.8,3.5144906991046265,Rameen_Chewing_Video_Files
183.84,2.794046958862843,Rameen_Chewing_Video_Files
183.88,2.374537403304918,Rameen_Chewing_Video_Files
183.92,1.9755656741776195,Rameen_Chewing_Video_Files
183.96,2.493866171054134,Rameen_Chewing_Video_Files
184.0,3.1347915378011444,Rameen_Chewing_Video_Files
184.04,1.3391802458606028,Rameen_Chewing_Video_Files
184.08,0.47053470612156,Rameen_Chewing_Video_Files
184.12,1.142646515502068,Rameen_Chewing_Video_Files
184.16,1.2520380767077752,Rameen_Chewing_Video_Files
184.2,3.3849326931831807,Rameen_Chewing_Video_Files
184.24,9.777146617476552,Rameen_Chewing_Video_Files
184.28,7.829559611131319,Rameen_Chewing_Video_Files
184.32,6.088470168546951,Rameen_Chewing_Video_Files
184.36,5.631773861897055,Rameen_Chewing_Video_Files
184.4,5.660477486659757,Rameen_Chewing_Video_Files
184.44,3.17270698802344,Rameen_Chewing_Video_Files
184.48,1.043414743800139,Rameen_Chewing_Video_Files
184.52,0.6384190421379992,Rameen_Chewing_Video_Files
184.56,0.7874689949820685,Rameen_Chewing_Video_Files
184.6,1.06337186882313,Rameen_Chewing_Video_Files
184.64,1.404406167371033,Rameen_Chewing_Video_Files
184.68,1.2725431098461095,Rameen_Chewing_Video_Files
184.72,1.0919881725052636,Rameen_Chewing_Video_Files
184.76,0.7787292853028487,Rameen_Chewing_Video_Files
184.8,1.1297066742320845,Rameen_Chewing_Video_Files
184.84,0.431952430469019,Rameen_Chewing_Video_Files
184.88,0.3584285780132092,Rameen_Chewing_Video_Files
184.92,4.2702073564502765,Rameen_Chewing_Video_Files
184.96,7.009083838685702,Rameen_Chewing_Video_Files
185.0,6.486289425783999,Rameen_Chewing_Video_Files
185.04,5.853854066980567,Rameen_Chewing_Video_Files
185.08,6.978577855434292,Rameen_Chewing_Video_Files
185.12,3.877440801970548,Rameen_Chewing_Video_Files
185.16,3.573352864676011,Rameen_Chewing_Video_Files
185.2,1.272220731566139,Rameen_Chewing_Video_Files
185.24,2.4278471574413825,Rameen_Chewing_Video_Files
185.28,2.085832648233038,Rameen_Chewing_Video_Files
185.32,1.4799595824006024,Rameen_Chewing_Video_Files
185.36,1.9159784435686584,Rameen_Chewing_Video_Files
185.4,2.3792845864572234,Rameen_Chewing_Video_Files
185.44,1.9372260968291923,Rameen_Chewing_Video_Files
185.48,1.511665751077222,Rameen_Chewing_Video_Files
185.52,1.5528709212984997,Rameen_Chewing_Video_Files
185.56,1.3346746304204318,Rameen_Chewing_Video_Files
185.6,1.7795972850035922,Rameen_Chewing_Video_Files
185.64,4.509268105365997,Rameen_Chewing_Video_Files
185.68,10.090703443691025,Rameen_Chewing_Video_Files
185.72,10.145844979604767,Rameen_Chewing_Video_Files
185.76,11.34180345457192,Rameen_Chewing_Video_Files
185.8,9.45164669616554,Rameen_Chewing_Video_Files
185.84,7.55759597256438,Rameen_Chewing_Video_Files
185.88,6.537319385984648,Rameen_Chewing_Video_Files
185.92,2.3619038149003284,Rameen_Chewing_Video_Files
185.96,1.8052788682599292,Rameen_Chewing_Video_Files
186.0,1.7524519210750438,Rameen_Chewing_Video_Files
186.04,1.8437402854995768,Rameen_Chewing_Video_Files
186.08,2.0957531290065856,Rameen_Chewing_Video_Files
186.12,2.3599257557851434,Rameen_Chewing_Video_Files
186.16,1.8510190284444967,Rameen_Chewing_Video_Files
186.2,0.9935338098416427,Rameen_Chewing_Video_Files
186.24,0.6194190776642432,Rameen_Chewing_Video_Files
186.28,0.4780019286188471,Rameen_Chewing_Video_Files
186.32,0.5208751944092064,Rameen_Chewing_Video_Files
186.36,0.2791993581151731,Rameen_Chewing_Video_Files
186.4,6.557173774262095,Rameen_Chewing_Video_Files
186.44,5.625088316440495,Rameen_Chewing_Video_Files
186.48,4.520089787794036,Rameen_Chewing_Video_Files
186.52,5.505291534721182,Rameen_Chewing_Video_Files
186.56,6.949144199450902,Rameen_Chewing_Video_Files
186.6,4.305481292463576,Rameen_Chewing_Video_Files
186.64,2.317104065389672,Rameen_Chewing_Video_Files
186.68,2.103984602682535,Rameen_Chewing_Video_Files
186.72,1.6659610371561862,Rameen_Chewing_Video_Files
186.76,1.142091168455454,Rameen_Chewing_Video_Files
186.8,0.9539235917584062,Rameen_Chewing_Video_Files
186.84,0.849302436042242,Rameen_Chewing_Video_Files
186.88,0.79252817571822,Rameen_Chewing_Video_Files
186.92,0.7163002497678774,Rameen_Chewing_Video_Files
186.96,0.8013299481616118,Rameen_Chewing_Video_Files
187.0,3.0676186237062795,Rameen_Chewing_Video_Files
187.04,3.244415697689116,Rameen_Chewing_Video_Files
187.08,7.465987407967568,Rameen_Chewing_Video_Files
187.12,3.5427684318480264,Rameen_Chewing_Video_Files
187.16,1.960339201020817,Rameen_Chewing_Video_Files
187.2,1.3104283040005216,Rameen_Chewing_Video_Files
187.24,1.6257536258451857,Rameen_Chewing_Video_Files
187.28,2.486616650956336,Rameen_Chewing_Video_Files
187.32,2.6909595365909937,Rameen_Chewing_Video_Files
187.36,5.101816733643568,Rameen_Chewing_Video_Files
187.4,6.355000356289549,Rameen_Chewing_Video_Files
187.44,4.992776404974467,Rameen_Chewing_Video_Files
187.48,4.132713386302938,Rameen_Chewing_Video_Files
187.52,3.757620526242284,Rameen_Chewing_Video_Files
187.56,2.4563750442574457,Rameen_Chewing_Video_Files
187.6,1.844089024596804,Rameen_Chewing_Video_Files
187.64,1.7207844661444638,Rameen_Chewing_Video_Files
187.68,1.533834950042422,Rameen_Chewing_Video_Files
187.72,4.00310029547142,Rameen_Chewing_Video_Files
187.76,3.0401992368599693,Rameen_Chewing_Video_Files
187.8,1.2518780483334644,Rameen_Chewing_Video_Files
187.84,0.8458581018814987,Rameen_Chewing_Video_Files
187.88,0.9223071768374352,Rameen_Chewing_Video_Files
187.92,0.7321164821301044,Rameen_Chewing_Video_Files
187.96,1.1078124281023054,Rameen_Chewing_Video_Files
188.0,1.3750926051910255,Rameen_Chewing_Video_Files
188.04,1.3998939822817182,Rameen_Chewing_Video_Files
188.08,1.42904067773459,Rameen_Chewing_Video_Files
188.12,2.065088102980198,Rameen_Chewing_Video_Files
188.16,4.205897815761055,Rameen_Chewing_Video_Files
188.2,3.686678063705599,Rameen_Chewing_Video_Files
188.24,2.723702702404369,Rameen_Chewing_Video_Files
188.28,2.0364484318180383,Rameen_Chewing_Video_Files
188.32,1.2518230738587697,Rameen_Chewing_Video_Files
188.36,0.6749669678395089,Rameen_Chewing_Video_Files
188.4,0.4835070649433327,Rameen_Chewing_Video_Files
188.44,0.4566764446177751,Rameen_Chewing_Video_Files
188.48,0.4367814384931558,Rameen_Chewing_Video_Files
188.52,0.9066585331819088,Rameen_Chewing_Video_Files
188.56,2.698105438591813,Rameen_Chewing_Video_Files
188.6,3.625657080085862,Rameen_Chewing_Video_Files
188.64,4.987107461262479,Rameen_Chewing_Video_Files
188.68,5.8905231800389375,Rameen_Chewing_Video_Files
188.72,7.606737118132644,Rameen_Chewing_Video_Files
188.76,8.663571964982092,Rameen_Chewing_Video_Files
188.8,8.362190684687082,Rameen_Chewing_Video_Files
188.84,6.44644304800218,Rameen_Chewing_Video_Files
188.88,4.298039517127499,Rameen_Chewing_Video_Files
188.92,1.6012725249284836,Rameen_Chewing_Video_Files
188.96,0.0889816104491826,Rameen_Chewing_Video_Files
189.0,0.4362847491076438,Rameen_Chewing_Video_Files
189.04,0.3312937054145475,Rameen_Chewing_Video_Files
189.08,0.0897426211044138,Rameen_Chewing_Video_Files
189.12,0.2662518013896861,Rameen_Chewing_Video_Files
189.16,0.3070444533251336,Rameen_Chewing_Video_Files
189.2,0.3786570095707577,Rameen_Chewing_Video_Files
189.24,0.341187084429771,Rameen_Chewing_Video_Files
189.28,0.5060628125015372,Rameen_Chewing_Video_Files
189.32,1.4585009808590492,Rameen_Chewing_Video_Files
189.36,1.1525666764950862,Rameen_Chewing_Video_Files
189.4,1.527727876107724,Rameen_Chewing_Video_Files
189.44,1.5728202913772051,Rameen_Chewing_Video_Files
189.48,1.445468155209527,Rameen_Chewing_Video_Files
189.52,2.788916828881256,Rameen_Chewing_Video_Files
189.56,5.547237390444442,Rameen_Chewing_Video_Files
189.6,3.67207720442832,Rameen_Chewing_Video_Files
189.64,1.7712964091225016,Rameen_Chewing_Video_Files
189.68,1.9680876237610427,Rameen_Chewing_Video_Files
189.72,1.7415984078227236,Rameen_Chewing_Video_Files
189.76,1.3310733401807116,Rameen_Chewing_Video_Files
189.8,1.085141910291494,Rameen_Chewing_Video_Files
189.84,1.1708190295956744,Rameen_Chewing_Video_Files
189.88,1.5966335087260757,Rameen_Chewing_Video_Files
189.92,1.8073371695719989,Rameen_Chewing_Video_Files
189.96,2.052298356197222,Rameen_Chewing_Video_Files
190.0,2.078310345199243,Rameen_Chewing_Video_Files
190.04,1.9338355103245843,Rameen_Chewing_Video_Files
190.08,1.803900558729832,Rameen_Chewing_Video_Files
190.12,1.6156191247727851,Rameen_Chewing_Video_Files
190.16,1.518676009279594,Rameen_Chewing_Video_Files
190.2,1.3427790762230214,Rameen_Chewing_Video_Files
190.24,3.0972082610834475,Rameen_Chewing_Video_Files
190.28,1.2499396637657885,Rameen_Chewing_Video_Files
190.32,0.597693234426453,Rameen_Chewing_Video_Files
190.36,0.7858845191484564,Rameen_Chewing_Video_Files
190.4,0.8602947486198635,Rameen_Chewing_Video_Files
190.44,0.7754066494849858,Rameen_Chewing_Video_Files
190.48,0.6641409817676837,Rameen_Chewing_Video_Files
190.52,0.6492366235670625,Rameen_Chewing_Video_Files
190.56,0.723975255479192,Rameen_Chewing_Video_Files
190.6,0.6825708084911198,Rameen_Chewing_Video_Files
190.64,0.5572414142967838,Rameen_Chewing_Video_Files
190.68,0.5468698018648682,Rameen_Chewing_Video_Files
190.72,1.729160210734125,Rameen_Chewing_Video_Files
190.76,0.7735900198046188,Rameen_Chewing_Video_Files
190.8,0.8162175716562222,Rameen_Chewing_Video_Files
190.84,0.940662501163723,Rameen_Chewing_Video_Files
190.88,1.4829928056786548,Rameen_Chewing_Video_Files
190.92,0.7937803810980602,Rameen_Chewing_Video_Files
190.96,1.1254628443005923,Rameen_Chewing_Video_Files
191.0,1.089251611194852,Rameen_Chewing_Video_Files
191.04,0.9987644078431986,Rameen_Chewing_Video_Files
191.08,1.205398955916953,Rameen_Chewing_Video_Files
191.12,1.0819081222913045,Rameen_Chewing_Video_Files
191.16,0.7308641802711023,Rameen_Chewing_Video_Files
191.2,0.6990360622795131,Rameen_Chewing_Video_Files
191.24,0.690412388576366,Rameen_Chewing_Video_Files
191.28,0.4342101610698773,Rameen_Chewing_Video_Files
191.32,0.5108947417946961,Rameen_Chewing_Video_Files
191.36,0.9556100014998488,Rameen_Chewing_Video_Files
191.4,2.058584885221668,Rameen_Chewing_Video_Files
191.44,1.3356987073531872,Rameen_Chewing_Video_Files
191.48,1.790358949582062,Rameen_Chewing_Video_Files
191.52,2.2297831627871267,Rameen_Chewing_Video_Files
191.56,2.4645280193310257,Rameen_Chewing_Video_Files
191.6,1.4722110339663834,Rameen_Chewing_Video_Files
191.64,0.6667911617290141,Rameen_Chewing_Video_Files
191.68,0.4618452061676528,Rameen_Chewing_Video_Files
191.72,0.6712561549664448,Rameen_Chewing_Video_Files
191.76,0.7849174200683126,Rameen_Chewing_Video_Files
191.8,0.8394740900140535,Rameen_Chewing_Video_Files
191.84,0.821408175802503,Rameen_Chewing_Video_Files
191.88,0.8048090313142882,Rameen_Chewing_Video_Files
191.92,0.7733510053621345,Rameen_Chewing_Video_Files
191.96,0.7975556310732597,Rameen_Chewing_Video_Files
192.0,0.7826441555154003,Rameen_Chewing_Video_Files
192.04,0.7823893827860913,Rameen_Chewing_Video_Files
192.08,3.647053620269096,Rameen_Chewing_Video_Files
192.12,4.242413794275366,Rameen_Chewing_Video_Files
192.16,4.064839686051543,Rameen_Chewing_Video_Files
192.2,3.021786542966416,Rameen_Chewing_Video_Files
192.24,4.286404770617956,Rameen_Chewing_Video_Files
192.28,4.744658449746211,Rameen_Chewing_Video_Files
192.32,2.0382620040989425,Rameen_Chewing_Video_Files
192.36,1.5901482860875922,Rameen_Chewing_Video_Files
192.4,1.432552900814123,Rameen_Chewing_Video_Files
192.44,1.7483459564128838,Rameen_Chewing_Video_Files
192.48,1.3697422189918629,Rameen_Chewing_Video_Files
192.52,1.2321006639517402,Rameen_Chewing_Video_Files
192.56,1.449371377815621,Rameen_Chewing_Video_Files
192.6,1.3720443840025307,Rameen_Chewing_Video_Files
192.64,1.291176044167228,Rameen_Chewing_Video_Files
192.68,1.235266661256536,Rameen_Chewing_Video_Files
192.72,1.2677023312006022,Rameen_Chewing_Video_Files
192.76,2.1873855349713645,Rameen_Chewing_Video_Files
192.8,3.635918386284108,Rameen_Chewing_Video_Files
192.84,4.5754039773754425,Rameen_Chewing_Video_Files
192.88,3.825692710596677,Rameen_Chewing_Video_Files
192.92,3.075866641592992,Rameen_Chewing_Video_Files
192.96,5.702468601414688,Rameen_Chewing_Video_Files
193.0,5.0137157316634005,Rameen_Chewing_Video_Files
193.04,5.0432580137693135,Rameen_Chewing_Video_Files
193.08,3.7548890790028673,Rameen_Chewing_Video_Files
193.12,2.107293864268377,Rameen_Chewing_Video_Files
193.16,1.0044186853307575,Rameen_Chewing_Video_Files
193.2,0.7008984344056619,Rameen_Chewing_Video_Files
193.24,0.7119525705668371,Rameen_Chewing_Video_Files
193.28,0.850919783998378,Rameen_Chewing_Video_Files
193.32,0.7429762733757503,Rameen_Chewing_Video_Files
193.36,0.6878051163723052,Rameen_Chewing_Video_Files
193.4,0.7389990578615563,Rameen_Chewing_Video_Files
193.44,0.7350910251992915,Rameen_Chewing_Video_Files
193.48,0.7151145292765682,Rameen_Chewing_Video_Files
193.52,0.778021572563503,Rameen_Chewing_Video_Files
193.56,0.7700576847947396,Rameen_Chewing_Video_Files
193.6,0.7779039594500273,Rameen_Chewing_Video_Files
193.64,1.4379902825327435,Rameen_Chewing_Video_Files
193.68,1.9602990590326508,Rameen_Chewing_Video_Files
193.72,2.8661927622301544,Rameen_Chewing_Video_Files
193.76,3.459476937426152,Rameen_Chewing_Video_Files
193.8,3.938004221814026,Rameen_Chewing_Video_Files
193.84,3.342694599841763,Rameen_Chewing_Video_Files
193.88,2.2925854595913626,Rameen_Chewing_Video_Files
193.92,1.6059534947124383,Rameen_Chewing_Video_Files
193.96,1.0667197152355128,Rameen_Chewing_Video_Files
194.0,0.8984850440248372,Rameen_Chewing_Video_Files
194.04,0.868143109010336,Rameen_Chewing_Video_Files
194.08,0.8706968493075536,Rameen_Chewing_Video_Files
194.12,0.8691206364032764,Rameen_Chewing_Video_Files
194.16,0.7655242671210823,Rameen_Chewing_Video_Files
194.2,0.7339881927468728,Rameen_Chewing_Video_Files
194.24,0.6477074402334718,Rameen_Chewing_Video_Files
194.28,2.518675872584031,Rameen_Chewing_Video_Files
194.32,5.62735019256166,Rameen_Chewing_Video_Files
194.36,3.287693957436916,Rameen_Chewing_Video_Files
194.4,2.4005292595460195,Rameen_Chewing_Video_Files
194.44,2.590433719817318,Rameen_Chewing_Video_Files
194.48,2.5868784812194296,Rameen_Chewing_Video_Files
194.52,7.591338395504948,Rameen_Chewing_Video_Files
194.56,6.300998314493547,Rameen_Chewing_Video_Files
194.6,4.480737940833588,Rameen_Chewing_Video_Files
194.64,4.020641784918005,Rameen_Chewing_Video_Files
194.68,2.4075129095355297,Rameen_Chewing_Video_Files
194.72,1.4054730826672508,Rameen_Chewing_Video_Files
194.76,1.1011238401609855,Rameen_Chewing_Video_Files
194.8,1.3030755112994388,Rameen_Chewing_Video_Files
194.84,1.2531736000647102,Rameen_Chewing_Video_Files
194.88,1.4614436079697206,Rameen_Chewing_Video_Files
194.92,1.3582533265600527,Rameen_Chewing_Video_Files
194.96,1.2785186407801217,Rameen_Chewing_Video_Files
195.0,1.2902389398903047,Rameen_Chewing_Video_Files
195.04,0.98773895233571,Rameen_Chewing_Video_Files
195.08,2.949314649783187,Rameen_Chewing_Video_Files
195.12,2.883458012996992,Rameen_Chewing_Video_Files
195.16,3.0189554548640225,Rameen_Chewing_Video_Files
195.2,2.9868643398193617,Rameen_Chewing_Video_Files
195.24,3.2987498366923256,Rameen_Chewing_Video_Files
195.28,5.388873181559672,Rameen_Chewing_Video_Files
195.32,3.2269510542170403,Rameen_Chewing_Video_Files
195.36,2.8210755024416048,Rameen_Chewing_Video_Files
195.4,1.5116672831422564,Rameen_Chewing_Video_Files
195.44,1.4539850008155284,Rameen_Chewing_Video_Files
195.48,1.246154011846175,Rameen_Chewing_Video_Files
195.52,1.0975312144485423,Rameen_Chewing_Video_Files
195.56,0.9540205553121704,Rameen_Chewing_Video_Files
195.6,0.9384524745301804,Rameen_Chewing_Video_Files
195.64,1.0363234971214874,Rameen_Chewing_Video_Files
195.68,1.1175163029441857,Rameen_Chewing_Video_Files
195.72,1.145774182738181,Rameen_Chewing_Video_Files
195.76,1.163110361566712,Rameen_Chewing_Video_Files
195.8,1.9534395052744968,Rameen_Chewing_Video_Files
195.84,2.197970929673106,Rameen_Chewing_Video_Files
195.88,2.2733830537054547,Rameen_Chewing_Video_Files
195.92,2.0527628070181656,Rameen_Chewing_Video_Files
195.96,1.9790282823489784,Rameen_Chewing_Video_Files
196.0,2.131601566647009,Rameen_Chewing_Video_Files
196.04,2.82164894996166,Rameen_Chewing_Video_Files
196.08,3.1744189157413447,Rameen_Chewing_Video_Files
196.12,2.043464976406411,Rameen_Chewing_Video_Files
196.16,1.6127167037041226,Rameen_Chewing_Video_Files
196.2,1.3707718912554634,Rameen_Chewing_Video_Files
196.24,1.3526478026559554,Rameen_Chewing_Video_Files
196.28,1.428964284767474,Rameen_Chewing_Video_Files
196.32,1.312790952616853,Rameen_Chewing_Video_Files
196.36,1.1388744665107675,Rameen_Chewing_Video_Files
196.4,1.0130263112869295,Rameen_Chewing_Video_Files
196.44,0.983027358354684,Rameen_Chewing_Video_Files
196.48,1.0963528593935343,Rameen_Chewing_Video_Files
196.52,2.2005546834345164,Rameen_Chewing_Video_Files
196.56,3.330154159833264,Rameen_Chewing_Video_Files
196.6,3.4778228567541323,Rameen_Chewing_Video_Files
196.64,3.541551228202508,Rameen_Chewing_Video_Files
196.68,3.803890523794172,Rameen_Chewing_Video_Files
196.72,6.568357839539466,Rameen_Chewing_Video_Files
196.76,2.0453124411868364,Rameen_Chewing_Video_Files
196.8,1.3197602649724458,Rameen_Chewing_Video_Files
196.84,1.5581034373975504,Rameen_Chewing_Video_Files
196.88,1.7443665818382172,Rameen_Chewing_Video_Files
196.92,1.4515597389893593,Rameen_Chewing_Video_Files
196.96,1.1545507520007794,Rameen_Chewing_Video_Files
197.0,0.9651776144960597,Rameen_Chewing_Video_Files
197.04,0.8081371569561081,Rameen_Chewing_Video_Files
197.08,0.8299648112602459,Rameen_Chewing_Video_Files
197.12,0.8352704910779504,Rameen_Chewing_Video_Files
197.16,0.8470306603980177,Rameen_Chewing_Video_Files
197.2,0.8624704557184132,Rameen_Chewing_Video_Files
197.24,0.923068113065438,Rameen_Chewing_Video_Files
197.28,1.0362209952537242,Rameen_Chewing_Video_Files
197.32,2.752643999679069,Rameen_Chewing_Video_Files
197.36,5.015786505772949,Rameen_Chewing_Video_Files
197.4,3.639076994992189,Rameen_Chewing_Video_Files
197.44,3.1587267649850133,Rameen_Chewing_Video_Files
197.48,3.902466252571069,Rameen_Chewing_Video_Files
197.52,6.001185637093058,Rameen_Chewing_Video_Files
197.56,5.530622475164117,Rameen_Chewing_Video_Files
197.6,4.209038033197057,Rameen_Chewing_Video_Files
197.64,2.29688498831806,Rameen_Chewing_Video_Files
197.68,1.2698214519150206,Rameen_Chewing_Video_Files
197.72,1.141767036277178,Rameen_Chewing_Video_Files
197.76,0.8601162769179476,Rameen_Chewing_Video_Files
197.8,0.6182308541124926,Rameen_Chewing_Video_Files
197.84,0.5512128325843745,Rameen_Chewing_Video_Files
197.88,0.5026279989809836,Rameen_Chewing_Video_Files
197.92,0.5730791771255751,Rameen_Chewing_Video_Files
197.96,0.6088252701704157,Rameen_Chewing_Video_Files
198.0,0.7320686308675638,Rameen_Chewing_Video_Files
198.04,0.5782782062039479,Rameen_Chewing_Video_Files
198.08,0.5925319604868801,Rameen_Chewing_Video_Files
198.12,1.7903126449502176,Rameen_Chewing_Video_Files
198.16,3.3487431801990843,Rameen_Chewing_Video_Files
198.2,2.7952916326992385,Rameen_Chewing_Video_Files
198.24,2.993197130315496,Rameen_Chewing_Video_Files
198.28,2.7111954716692432,Rameen_Chewing_Video_Files
198.32,1.6044039428548624,Rameen_Chewing_Video_Files
198.36,0.7262753903082733,Rameen_Chewing_Video_Files
198.4,0.5617036481690687,Rameen_Chewing_Video_Files
198.44,0.5489220080864626,Rameen_Chewing_Video_Files
198.48,0.695357820630403,Rameen_Chewing_Video_Files
198.52,0.4139056999736427,Rameen_Chewing_Video_Files
198.56,0.3615912838876258,Rameen_Chewing_Video_Files
198.6,0.4110418814519108,Rameen_Chewing_Video_Files
198.64,0.4924594161528243,Rameen_Chewing_Video_Files
198.68,0.5618836603992178,Rameen_Chewing_Video_Files
198.72,0.5825290040772186,Rameen_Chewing_Video_Files
198.76,0.6320086122317317,Rameen_Chewing_Video_Files
198.8,1.031769333840452,Rameen_Chewing_Video_Files
198.84,0.8097048761979825,Rameen_Chewing_Video_Files
198.88,3.2017745401975497,Rameen_Chewing_Video_Files
198.92,11.067340773127295,Rameen_Chewing_Video_Files
198.96,11.54889158024138,Rameen_Chewing_Video_Files
199.0,11.254040461212789,Rameen_Chewing_Video_Files
199.04,10.37276686001557,Rameen_Chewing_Video_Files
199.08,9.425503520392796,Rameen_Chewing_Video_Files
199.12,8.152397164907597,Rameen_Chewing_Video_Files
199.16,7.043534904651077,Rameen_Chewing_Video_Files
199.2,6.325199359784833,Rameen_Chewing_Video_Files
199.24,5.82429892751484,Rameen_Chewing_Video_Files
199.28,5.952419439264589,Rameen_Chewing_Video_Files
199.32,4.468891139508794,Rameen_Chewing_Video_Files
199.36,3.392382330902274,Rameen_Chewing_Video_Files
199.4,2.7089663277992355,Rameen_Chewing_Video_Files
199.44,2.217802343760744,Rameen_Chewing_Video_Files
199.48,1.7180168859633291,Rameen_Chewing_Video_Files
199.52,1.4813419789207856,Rameen_Chewing_Video_Files
199.56,1.2518435859855053,Rameen_Chewing_Video_Files
199.6,1.123076284739147,Rameen_Chewing_Video_Files
199.64,1.061763506965086,Rameen_Chewing_Video_Files
199.68,0.9712637413335988,Rameen_Chewing_Video_Files
199.72,0.9387949706676312,Rameen_Chewing_Video_Files
199.76,0.8828074039220921,Rameen_Chewing_Video_Files
199.8,0.7945577130673904,Rameen_Chewing_Video_Files
199.84,0.7387960056289639,Rameen_Chewing_Video_Files
199.88,0.6787602838092793,Rameen_Chewing_Video_Files
199.92,0.8358170692973069,Rameen_Chewing_Video_Files
199.96,0.7534727045332199,Rameen_Chewing_Video_Files
200.0,2.117376059138962,Rameen_Chewing_Video_Files
200.04,4.306499964803707,Rameen_Chewing_Video_Files
200.08,4.563925712799761,Rameen_Chewing_Video_Files
200.12,2.551319044552044,Rameen_Chewing_Video_Files
200.16,1.675736001180593,Rameen_Chewing_Video_Files
200.2,1.254249891058629,Rameen_Chewing_Video_Files
200.24,1.1277485965294247,Rameen_Chewing_Video_Files
200.28,0.5521010245530832,Rameen_Chewing_Video_Files
200.32,0.6543477774438551,Rameen_Chewing_Video_Files
200.36,1.0450059382885342,Rameen_Chewing_Video_Files
200.4,4.402177034603003,Rameen_Chewing_Video_Files
200.44,5.081969074067234,Rameen_Chewing_Video_Files
200.48,5.655893996598276,Rameen_Chewing_Video_Files
200.52,6.820631518791738,Rameen_Chewing_Video_Files
200.56,4.068463494611467,Rameen_Chewing_Video_Files
200.6,4.237579319714492,Rameen_Chewing_Video_Files
200.64,4.227357048115986,Rameen_Chewing_Video_Files
200.68,4.208981584491398,Rameen_Chewing_Video_Files
200.72,3.537202608731441,Rameen_Chewing_Video_Files
200.76,2.726377331296256,Rameen_Chewing_Video_Files
200.8,2.4357897885007365,Rameen_Chewing_Video_Files
200.84,0.5848494155663758,Rameen_Chewing_Video_Files
200.88,0.8390144313910829,Rameen_Chewing_Video_Files
200.92,7.50587487195227,Rameen_Chewing_Video_Files
200.96,4.52556986344786,Rameen_Chewing_Video_Files
201.0,3.5760015953578987,Rameen_Chewing_Video_Files
201.04,2.3687667948429105,Rameen_Chewing_Video_Files
201.08,2.9038559170057185,Rameen_Chewing_Video_Files
201.12,4.739419269653814,Rameen_Chewing_Video_Files
201.16,7.014153701763417,Rameen_Chewing_Video_Files
201.2,5.245381606879532,Rameen_Chewing_Video_Files
201.24,4.684916347738191,Rameen_Chewing_Video_Files
201.28,3.8595601285597696,Rameen_Chewing_Video_Files
201.32,2.0115441648379777,Rameen_Chewing_Video_Files
201.36,1.7919126777889685,Rameen_Chewing_Video_Files
201.4,1.7767556369120985,Rameen_Chewing_Video_Files
201.44,1.514983558636727,Rameen_Chewing_Video_Files
201.48,1.30550225306292,Rameen_Chewing_Video_Files
201.52,1.2556713036897256,Rameen_Chewing_Video_Files
201.56,1.1262003106063936,Rameen_Chewing_Video_Files
201.6,0.9928776663169478,Rameen_Chewing_Video_Files
201.64,0.9336444073564524,Rameen_Chewing_Video_Files
201.68,0.832765347731905,Rameen_Chewing_Video_Files
201.72,0.7827787069846815,Rameen_Chewing_Video_Files
201.76,0.7718278664957477,Rameen_Chewing_Video_Files
201.8,0.7924778051652557,Rameen_Chewing_Video_Files
201.84,0.8154877666250943,Rameen_Chewing_Video_Files
201.88,0.7637928437456863,Rameen_Chewing_Video_Files
201.92,7.443868848394765,Rameen_Chewing_Video_Files
201.96,11.449123272334283,Rameen_Chewing_Video_Files
202.0,12.729511211816,Rameen_Chewing_Video_Files
202.04,12.485880601511983,Rameen_Chewing_Video_Files
202.08,11.505358719803564,Rameen_Chewing_Video_Files
202.12,11.101171830628031,Rameen_Chewing_Video_Files
202.16,10.748628119287163,Rameen_Chewing_Video_Files
202.2,10.59830320144374,Rameen_Chewing_Video_Files
202.24,9.564390693893838,Rameen_Chewing_Video_Files
202.28,4.947659271391572,Rameen_Chewing_Video_Files
202.32,3.311070319817312,Rameen_Chewing_Video_Files
202.36,1.917665752868868,Rameen_Chewing_Video_Files
202.4,1.5163374885451042,Rameen_Chewing_Video_Files
202.44,1.310791400020227,Rameen_Chewing_Video_Files
202.48,1.1679039458990772,Rameen_Chewing_Video_Files
202.52,0.996334253110634,Rameen_Chewing_Video_Files
202.56,0.8429789504007812,Rameen_Chewing_Video_Files
202.6,0.5948371026971734,Rameen_Chewing_Video_Files
202.64,0.4465170643716752,Rameen_Chewing_Video_Files
202.68,0.3451716928176472,Rameen_Chewing_Video_Files
202.72,0.2805990805794785,Rameen_Chewing_Video_Files
202.76,0.2596656149107335,Rameen_Chewing_Video_Files
202.8,0.2848557056995468,Rameen_Chewing_Video_Files
202.84,0.2779864439191554,Rameen_Chewing_Video_Files
202.88,0.4117742836546068,Rameen_Chewing_Video_Files
202.92,0.5877587422953957,Rameen_Chewing_Video_Files
202.96,0.8114443815456867,Rameen_Chewing_Video_Files
203.0,0.9732712898493736,Rameen_Chewing_Video_Files
203.04,1.0740524130804567,Rameen_Chewing_Video_Files
203.08,1.5185932940208196,Rameen_Chewing_Video_Files
203.12,1.3234815576863246,Rameen_Chewing_Video_Files
203.16,0.8464002606029296,Rameen_Chewing_Video_Files
203.2,1.4214254583861083,Rameen_Chewing_Video_Files
203.24,1.3885855664898497,Rameen_Chewing_Video_Files
203.28,1.392934119129298,Rameen_Chewing_Video_Files
203.32,1.4692482136017635,Rameen_Chewing_Video_Files
203.36,3.0641022819136734,Rameen_Chewing_Video_Files
203.4,2.518210293656357,Rameen_Chewing_Video_Files
203.44,1.0560314200223226,Rameen_Chewing_Video_Files
203.48,0.5671219283931851,Rameen_Chewing_Video_Files
203.52,0.5556303152423246,Rameen_Chewing_Video_Files
203.56,0.4617017766464681,Rameen_Chewing_Video_Files
203.6,0.399998423820794,Rameen_Chewing_Video_Files
203.64,0.4041840118901921,Rameen_Chewing_Video_Files
203.68,0.3877693908621206,Rameen_Chewing_Video_Files
203.72,0.4062539126206494,Rameen_Chewing_Video_Files
203.76,0.3929437760163637,Rameen_Chewing_Video_Files
203.8,0.3855677478849647,Rameen_Chewing_Video_Files
203.84,0.3874851355692736,Rameen_Chewing_Video_Files
203.88,0.383235180896837,Rameen_Chewing_Video_Files
203.92,0.3883255285401921,Rameen_Chewing_Video_Files
203.96,0.3903987963452077,Rameen_Chewing_Video_Files
204.0,0.4030838325525765,Rameen_Chewing_Video_Files
204.04,0.4191409602763833,Rameen_Chewing_Video_Files
204.08,0.431499728756793,Rameen_Chewing_Video_Files
204.12,0.4325657719445347,Rameen_Chewing_Video_Files
204.16,0.4661323220447496,Rameen_Chewing_Video_Files
204.2,0.4922359031190808,Rameen_Chewing_Video_Files
204.24,0.5358764013792734,Rameen_Chewing_Video_Files
204.28,0.58042929857513,Rameen_Chewing_Video_Files
204.32,0.6328533279228068,Rameen_Chewing_Video_Files
204.36,0.5903759442385013,Rameen_Chewing_Video_Files
204.4,0.490515964404298,Rameen_Chewing_Video_Files
204.44,0.4416818331068228,Rameen_Chewing_Video_Files
204.48,0.3826921295330938,Rameen_Chewing_Video_Files
204.52,0.3474197199327509,Rameen_Chewing_Video_Files
204.56,0.3751022527587543,Rameen_Chewing_Video_Files
204.6,0.425684537752428,Rameen_Chewing_Video_Files
204.64,0.636739130012145,Rameen_Chewing_Video_Files
204.68,0.7287394228848383,Rameen_Chewing_Video_Files
204.72,2.0068207248489176,Rameen_Chewing_Video_Files
204.76,2.118693679945974,Rameen_Chewing_Video_Files
204.8,2.2143876163343763,Rameen_Chewing_Video_Files
204.84,2.20940269067095,Rameen_Chewing_Video_Files
204.88,2.1745566126972107,Rameen_Chewing_Video_Files
204.92,2.2274075992931723,Rameen_Chewing_Video_Files
204.96,2.185338239938063,Rameen_Chewing_Video_Files
205.0,1.8797997746467965,Rameen_Chewing_Video_Files
205.04,1.6303641828702735,Rameen_Chewing_Video_Files
205.08,1.3380988095670392,Rameen_Chewing_Video_Files
205.12,1.0749178778574755,Rameen_Chewing_Video_Files
205.16,0.7933857743798449,Rameen_Chewing_Video_Files
205.2,0.6869551608286554,Rameen_Chewing_Video_Files
205.24,0.6506105053553932,Rameen_Chewing_Video_Files
205.28,0.7192378165521305,Rameen_Chewing_Video_Files
205.32,0.8061600132090728,Rameen_Chewing_Video_Files
205.36,1.1852136349059166,Rameen_Chewing_Video_Files
205.4,1.1801553986667632,Rameen_Chewing_Video_Files
205.44,1.1376533274738048,Rameen_Chewing_Video_Files
205.48,0.9275175740574934,Rameen_Chewing_Video_Files
205.52,0.827308408798674,Rameen_Chewing_Video_Files
205.56,0.5504560169870324,Rameen_Chewing_Video_Files
205.6,0.3744299569561518,Rameen_Chewing_Video_Files
205.64,0.2776023012858168,Rameen_Chewing_Video_Files
205.68,0.2491763689018475,Rameen_Chewing_Video_Files
205.72,0.2331164778203192,Rameen_Chewing_Video_Files
205.76,0.2302516201667368,Rameen_Chewing_Video_Files
205.8,0.223451407539922,Rameen_Chewing_Video_Files
205.84,0.2200024449575426,Rameen_Chewing_Video_Files
205.88,0.2094900317421694,Rameen_Chewing_Video_Files
205.92,0.1869926351080586,Rameen_Chewing_Video_Files
205.96,0.2791938439106633,Rameen_Chewing_Video_Files
206.0,0.854801695885296,Rameen_Chewing_Video_Files
206.04,0.981934565861336,Rameen_Chewing_Video_Files
206.08,1.0721091822359647,Rameen_Chewing_Video_Files
206.12,1.5985113689578685,Rameen_Chewing_Video_Files
206.16,1.334466787638577,Rameen_Chewing_Video_Files
206.2,1.7211827873399816,Rameen_Chewing_Video_Files
206.24,2.517015334980419,Rameen_Chewing_Video_Files
206.28,1.4935733731075092,Rameen_Chewing_Video_Files
206.32,0.931447468203427,Rameen_Chewing_Video_Files
206.36,0.5270521656152373,Rameen_Chewing_Video_Files
206.4,0.3767164886730295,Rameen_Chewing_Video_Files
206.44,0.2969415362832084,Rameen_Chewing_Video_Files
206.48,0.2972197010826843,Rameen_Chewing_Video_Files
206.52,0.2846922370297551,Rameen_Chewing_Video_Files
206.56,0.3105597032656675,Rameen_Chewing_Video_Files
206.6,0.3489078597375187,Rameen_Chewing_Video_Files
206.64,0.3830391761229392,Rameen_Chewing_Video_Files
206.68,0.3904364716961802,Rameen_Chewing_Video_Files
206.72,0.3773977164384539,Rameen_Chewing_Video_Files
206.76,0.3782836003811526,Rameen_Chewing_Video_Files
206.8,0.3996749930232204,Rameen_Chewing_Video_Files
206.84,0.3963532970798762,Rameen_Chewing_Video_Files
206.88,0.4157543004358942,Rameen_Chewing_Video_Files
206.92,0.4250467679595813,Rameen_Chewing_Video_Files
206.96,0.444256627613912,Rameen_Chewing_Video_Files
207.0,0.4845421552803309,Rameen_Chewing_Video_Files
207.04,0.6742269696242291,Rameen_Chewing_Video_Files
207.08,0.9226701150542774,Rameen_Chewing_Video_Files
207.12,0.9157776712876258,Rameen_Chewing_Video_Files
207.16,0.9635818836621004,Rameen_Chewing_Video_Files
207.2,1.0577891568668047,Rameen_Chewing_Video_Files
207.24,1.0475890510273551,Rameen_Chewing_Video_Files
207.28,1.318694363664028,Rameen_Chewing_Video_Files
207.32,1.6954079350047864,Rameen_Chewing_Video_Files
207.36,1.722210241410155,Rameen_Chewing_Video_Files
207.4,3.692248142975327,Rameen_Chewing_Video_Files
207.44,2.4788243373143186,Rameen_Chewing_Video_Files
207.48,2.74995082479723,Rameen_Chewing_Video_Files
207.52,2.134165040252257,Rameen_Chewing_Video_Files
207.56,0.972625781159345,Rameen_Chewing_Video_Files
207.6,0.7780799944763414,Rameen_Chewing_Video_Files
207.64,0.6048316368222683,Rameen_Chewing_Video_Files
207.68,0.5278612703643215,Rameen_Chewing_Video_Files
207.72,0.6505844120098401,Rameen_Chewing_Video_Files
207.76,0.7086799472980998,Rameen_Chewing_Video_Files
207.8,0.8044684802715616,Rameen_Chewing_Video_Files
207.84,0.8080634579897937,Rameen_Chewing_Video_Files
207.88,0.8313100067653029,Rameen_Chewing_Video_Files
207.92,0.8232150322052867,Rameen_Chewing_Video_Files
207.96,0.7960388261817677,Rameen_Chewing_Video_Files
208.0,0.7268916343921566,Rameen_Chewing_Video_Files
208.04,0.5920467230686696,Rameen_Chewing_Video_Files
208.08,0.5176738571835644,Rameen_Chewing_Video_Files
208.12,0.4160560865103327,Rameen_Chewing_Video_Files
208.16,0.6103844896762898,Rameen_Chewing_Video_Files
208.2,0.7411494811407053,Rameen_Chewing_Video_Files
208.24,0.707827894857484,Rameen_Chewing_Video_Files
208.28,2.038866715730318,Rameen_Chewing_Video_Files
208.32,4.530039146289412,Rameen_Chewing_Video_Files
208.36,6.757806765044035,Rameen_Chewing_Video_Files
208.4,6.202487202667343,Rameen_Chewing_Video_Files
208.44,5.613167523384021,Rameen_Chewing_Video_Files
208.48,5.302439753604237,Rameen_Chewing_Video_Files
208.52,3.875037734044512,Rameen_Chewing_Video_Files
208.56,1.485097342588377,Rameen_Chewing_Video_Files
208.6,0.5002684957437358,Rameen_Chewing_Video_Files
208.64,0.2851649981758406,Rameen_Chewing_Video_Files
208.68,0.2727887847925802,Rameen_Chewing_Video_Files
208.72,0.258210667591125,Rameen_Chewing_Video_Files
208.76,0.2562951126081436,Rameen_Chewing_Video_Files
208.8,0.3824703797715678,Rameen_Chewing_Video_Files
208.84,0.5420175353262726,Rameen_Chewing_Video_Files
208.88,0.5703552580988834,Rameen_Chewing_Video_Files
208.92,0.587597294505565,Rameen_Chewing_Video_Files
208.96,0.5729205449417932,Rameen_Chewing_Video_Files
209.0,0.5682215278240532,Rameen_Chewing_Video_Files
209.04,0.5890108603168746,Rameen_Chewing_Video_Files
209.08,0.5847687326008206,Rameen_Chewing_Video_Files
209.12,0.5921562908653366,Rameen_Chewing_Video_Files
209.16,0.5900432041922203,Rameen_Chewing_Video_Files
209.2,0.5919681434058321,Rameen_Chewing_Video_Files
209.24,0.5658670247683089,Rameen_Chewing_Video_Files
209.28,0.5250971624573773,Rameen_Chewing_Video_Files
209.32,0.5123588318751692,Rameen_Chewing_Video_Files
209.36,0.5094244409745557,Rameen_Chewing_Video_Files
209.4,0.6730350769607037,Rameen_Chewing_Video_Files
209.44,0.7238283041146947,Rameen_Chewing_Video_Files
209.48,0.7607198212079188,Rameen_Chewing_Video_Files
209.52,0.8147603323604372,Rameen_Chewing_Video_Files
209.56,1.099389650050284,Rameen_Chewing_Video_Files
209.6,1.8329549872900937,Rameen_Chewing_Video_Files
209.64,1.046078057943546,Rameen_Chewing_Video_Files
209.68,0.5851911247307541,Rameen_Chewing_Video_Files
209.72,0.3885921486480039,Rameen_Chewing_Video_Files
209.76,0.4644798778144213,Rameen_Chewing_Video_Files
209.8,0.4693240944161481,Rameen_Chewing_Video_Files
209.84,0.4704695136210465,Rameen_Chewing_Video_Files
209.88,0.5246958751262596,Rameen_Chewing_Video_Files
209.92,0.3845038346384343,Rameen_Chewing_Video_Files
209.96,0.2219966211946853,Rameen_Chewing_Video_Files
210.0,0.1853250533212157,Rameen_Chewing_Video_Files
210.04,0.2597703555224143,Rameen_Chewing_Video_Files
210.08,0.1016606443541844,Rameen_Chewing_Video_Files
210.12,0.1089437885390907,Rameen_Chewing_Video_Files
210.16,0.1942939313626885,Rameen_Chewing_Video_Files
210.2,0.2543049603623413,Rameen_Chewing_Video_Files
210.24,0.2367308497288037,Rameen_Chewing_Video_Files
210.28,0.228829187059917,Rameen_Chewing_Video_Files
210.32,0.26664156764256,Rameen_Chewing_Video_Files
210.36,0.1708201640647128,Rameen_Chewing_Video_Files
210.4,0.542468092330187,Rameen_Chewing_Video_Files
210.44,1.2147526059946183,Rameen_Chewing_Video_Files
210.48,1.7676504135582969,Rameen_Chewing_Video_Files
210.52,1.6723931214360084,Rameen_Chewing_Video_Files
210.56,0.9441849726039848,Rameen_Chewing_Video_Files
210.6,1.4849356745902569,Rameen_Chewing_Video_Files
210.64,1.2417097689708476,Rameen_Chewing_Video_Files
210.68,0.8448191141111069,Rameen_Chewing_Video_Files
210.72,0.8141055101797571,Rameen_Chewing_Video_Files
210.76,0.6790863552790529,Rameen_Chewing_Video_Files
210.8,0.5925366991785923,Rameen_Chewing_Video_Files
210.84,0.6101440558441843,Rameen_Chewing_Video_Files
210.88,0.6052968268959618,Rameen_Chewing_Video_Files
210.92,0.5609530765572219,Rameen_Chewing_Video_Files
210.96,0.5931414626419007,Rameen_Chewing_Video_Files
211.0,0.5832431887008971,Rameen_Chewing_Video_Files
211.04,0.5465333640170792,Rameen_Chewing_Video_Files
211.08,0.523256355022758,Rameen_Chewing_Video_Files
211.12,0.4836912571228758,Rameen_Chewing_Video_Files
211.16,0.5099393884876354,Rameen_Chewing_Video_Files
211.2,0.4981273119712603,Rameen_Chewing_Video_Files
211.24,0.5097893166543571,Rameen_Chewing_Video_Files
211.28,0.5147530630955278,Rameen_Chewing_Video_Files
211.32,0.5124023129483376,Rameen_Chewing_Video_Files
211.36,0.5079586468463623,Rameen_Chewing_Video_Files
211.4,0.4067761099804357,Rameen_Chewing_Video_Files
211.44,0.3293558726294185,Rameen_Chewing_Video_Files
211.48,0.3105386472945137,Rameen_Chewing_Video_Files
211.52,0.2769471896252503,Rameen_Chewing_Video_Files
211.56,0.2539603072075804,Rameen_Chewing_Video_Files
211.6,0.2554728391238783,Rameen_Chewing_Video_Files
211.64,0.2686458309455631,Rameen_Chewing_Video_Files
211.68,0.2794026211571456,Rameen_Chewing_Video_Files
211.72,0.2899693619020576,Rameen_Chewing_Video_Files
211.76,0.3014103126456109,Rameen_Chewing_Video_Files
211.8,0.3159409419714229,Rameen_Chewing_Video_Files
211.84,0.3218666644940493,Rameen_Chewing_Video_Files
211.88,0.323864564020167,Rameen_Chewing_Video_Files
211.92,0.3179312973465629,Rameen_Chewing_Video_Files
211.96,0.3119223053855394,Rameen_Chewing_Video_Files
212.0,0.3136067132110772,Rameen_Chewing_Video_Files
212.04,0.3117470920835039,Rameen_Chewing_Video_Files
212.08,0.3131471221941562,Rameen_Chewing_Video_Files
212.12,0.3313035719146858,Rameen_Chewing_Video_Files
212.16,0.3582356530042081,Rameen_Chewing_Video_Files
212.2,0.855368282208865,Rameen_Chewing_Video_Files
212.24,1.2700960032713102,Rameen_Chewing_Video_Files
212.28,1.4621204492459854,Rameen_Chewing_Video_Files
212.32,1.7352849098964205,Rameen_Chewing_Video_Files
212.36,1.995458129803195,Rameen_Chewing_Video_Files
212.4,2.254013009594778,Rameen_Chewing_Video_Files
212.44,2.4141697762269567,Rameen_Chewing_Video_Files
212.48,2.767511288249679,Rameen_Chewing_Video_Files
212.52,3.4295048870830263,Rameen_Chewing_Video_Files
212.56,3.7247373328126487,Rameen_Chewing_Video_Files
212.6,3.0442435856811856,Rameen_Chewing_Video_Files
212.64,1.4799889766817371,Rameen_Chewing_Video_Files
212.68,0.7146163076033933,Rameen_Chewing_Video_Files
212.72,0.3005564093436114,Rameen_Chewing_Video_Files
212.76,0.1182531637276067,Rameen_Chewing_Video_Files
212.8,0.0913826335788854,Rameen_Chewing_Video_Files
212.84,0.0974347482184781,Rameen_Chewing_Video_Files
212.88,0.1112882250927071,Rameen_Chewing_Video_Files
212.92,0.1425740322537725,Rameen_Chewing_Video_Files
212.96,0.2402505349550884,Rameen_Chewing_Video_Files
213.0,0.4119394673063369,Rameen_Chewing_Video_Files
213.04,0.4357716126133281,Rameen_Chewing_Video_Files
213.08,0.4785288410688488,Rameen_Chewing_Video_Files
213.12,0.590636985631859,Rameen_Chewing_Video_Files
213.16,1.1158443427124505,Rameen_Chewing_Video_Files
213.2,0.999721765200658,Rameen_Chewing_Video_Files
213.24,0.8419168477851036,Rameen_Chewing_Video_Files
213.28,0.7508478255422723,Rameen_Chewing_Video_Files
213.32,0.6443439077157639,Rameen_Chewing_Video_Files
213.36,0.6425659347218061,Rameen_Chewing_Video_Files
213.4,0.5851056657225799,Rameen_Chewing_Video_Files
213.44,0.5095562731647294,Rameen_Chewing_Video_Files
213.48,0.5266086518166279,Rameen_Chewing_Video_Files
213.52,0.5280983272565262,Rameen_Chewing_Video_Files
213.56,2.23910446033165,Rameen_Chewing_Video_Files
213.6,4.457283026653606,Rameen_Chewing_Video_Files
213.64,7.824566909430926,Rameen_Chewing_Video_Files
213.68,10.207857709302267,Rameen_Chewing_Video_Files
213.72,12.056342795092108,Rameen_Chewing_Video_Files
213.76,11.98403643838405,Rameen_Chewing_Video_Files
213.8,33.38573103506022,Rameen_Chewing_Video_Files
213.84,31.98629244632346,Rameen_Chewing_Video_Files
213.88,34.73208285509402,Rameen_Chewing_Video_Files
213.92,40.31040289393162,Rameen_Chewing_Video_Files
213.96,49.63684117638681,Rameen_Chewing_Video_Files
214.0,55.678723078204406,Rameen_Chewing_Video_Files
214.04,57.205738405413136,Rameen_Chewing_Video_Files
214.08,60.31193233256301,Rameen_Chewing_Video_Files
214.12,60.83324090485723,Rameen_Chewing_Video_Files
214.16,64.00014292345348,Rameen_Chewing_Video_Files
214.2,66.02636036871537,Rameen_Chewing_Video_Files
214.24,63.870052251827744,Rameen_Chewing_Video_Files
214.28,63.99861615710526,Rameen_Chewing_Video_Files
214.32,62.763478351606274,Rameen_Chewing_Video_Files
214.36,57.6867480694858,Rameen_Chewing_Video_Files
214.4,40.29558107297861,Rameen_Chewing_Video_Files
214.44,26.76933087735823,Rameen_Chewing_Video_Files
214.48,14.604891525914638,Rameen_Chewing_Video_Files
214.52,12.390187944286115,Rameen_Chewing_Video_Files
214.56,11.290612862805196,Rameen_Chewing_Video_Files
214.6,6.822341320357194,Rameen_Chewing_Video_Files
214.64,11.734855040315669,Rameen_Chewing_Video_Files
214.68,11.770072738444211,Rameen_Chewing_Video_Files
214.72,10.181845346726156,Rameen_Chewing_Video_Files
214.76,3.019546062263828,Rameen_Chewing_Video_Files
214.8,2.124805955865122,Rameen_Chewing_Video_Files
214.84,3.5737092442337293,Rameen_Chewing_Video_Files
214.88,1.0433767829636769,Rameen_Chewing_Video_Files
214.92,0.7083681809693098,Rameen_Chewing_Video_Files
214.96,0.6105230372364939,Rameen_Chewing_Video_Files
215.0,2.775923792788794,Rameen_Chewing_Video_Files
215.04,1.6484198342267409,Rameen_Chewing_Video_Files
215.08,1.1710853684770302,Rameen_Chewing_Video_Files
215.12,0.9777130094507004,Rameen_Chewing_Video_Files
215.16,0.7703952178227265,Rameen_Chewing_Video_Files
215.2,2.0279000704332573,Rameen_Chewing_Video_Files
215.24,1.4754009103812318,Rameen_Chewing_Video_Files
215.28,2.432180377332404,Rameen_Chewing_Video_Files
215.32,1.584051210867741,Rameen_Chewing_Video_Files
215.36,0.9444868616898474,Rameen_Chewing_Video_Files
215.4,0.8363778795955065,Rameen_Chewing_Video_Files
215.44,1.2708416261797166,Rameen_Chewing_Video_Files
215.48,1.072501884466271,Rameen_Chewing_Video_Files
215.52,1.0007481486242589,Rameen_Chewing_Video_Files
215.56,1.262449543238771,Rameen_Chewing_Video_Files
215.6,5.077704886705838,Rameen_Chewing_Video_Files
215.64,4.977326404493096,Rameen_Chewing_Video_Files
215.68,6.051010118982188,Rameen_Chewing_Video_Files
215.72,4.041089658263817,Rameen_Chewing_Video_Files
215.76,4.486933197749868,Rameen_Chewing_Video_Files
215.8,2.519047158404829,Rameen_Chewing_Video_Files
215.84,3.365879936480359,Rameen_Chewing_Video_Files
215.88,2.395968728305272,Rameen_Chewing_Video_Files
215.92,0.5177572119711368,Rameen_Chewing_Video_Files
215.96,1.0871605983660655,Rameen_Chewing_Video_Files
216.0,2.492377946022281,Rameen_Chewing_Video_Files
216.04,3.1099205687319755,Rameen_Chewing_Video_Files
216.08,2.9578491258326864,Rameen_Chewing_Video_Files
216.12,2.985366869358253,Rameen_Chewing_Video_Files
216.16,3.342617477760768,Rameen_Chewing_Video_Files
216.2,3.831477218773839,Rameen_Chewing_Video_Files
216.24,3.2358591905131653,Rameen_Chewing_Video_Files
216.28,2.046409802450028,Rameen_Chewing_Video_Files
216.32,0.7756636084044842,Rameen_Chewing_Video_Files
216.36,0.8915182253077546,Rameen_Chewing_Video_Files
216.4,2.319390553382132,Rameen_Chewing_Video_Files
216.44,3.015747671248284,Rameen_Chewing_Video_Files
216.48,2.8146043670439664,Rameen_Chewing_Video_Files
216.52,4.75676865912882,Rameen_Chewing_Video_Files
216.56,6.143393035616586,Rameen_Chewing_Video_Files
216.6,5.177280379529048,Rameen_Chewing_Video_Files
216.64,4.260309360336313,Rameen_Chewing_Video_Files
216.68,4.084325758623263,Rameen_Chewing_Video_Files
216.72,4.104520436616928,Rameen_Chewing_Video_Files
216.76,4.085232658484668,Rameen_Chewing_Video_Files
216.8,3.8343270850055897,Rameen_Chewing_Video_Files
216.84,3.758889076010081,Rameen_Chewing_Video_Files
216.88,2.7417063430059803,Rameen_Chewing_Video_Files
216.92,0.6548308402726902,Rameen_Chewing_Video_Files
216.96,1.165884207886924,Rameen_Chewing_Video_Files
217.0,2.5703270602956985,Rameen_Chewing_Video_Files
217.04,1.4189228785424353,Rameen_Chewing_Video_Files
217.08,1.435867244129097,Rameen_Chewing_Video_Files
217.12,2.908648449616153,Rameen_Chewing_Video_Files
217.16,3.880220239193696,Rameen_Chewing_Video_Files
217.2,4.533684991466586,Rameen_Chewing_Video_Files
217.24,5.02773314349474,Rameen_Chewing_Video_Files
217.28,3.810852693749941,Rameen_Chewing_Video_Files
217.32,2.673353918642177,Rameen_Chewing_Video_Files
217.36,1.7029052394229198,Rameen_Chewing_Video_Files
217.4,1.47594458756574,Rameen_Chewing_Video_Files
217.44,1.15868686950669,Rameen_Chewing_Video_Files
217.48,0.9992356416743466,Rameen_Chewing_Video_Files
217.52,0.8207150751761977,Rameen_Chewing_Video_Files
217.56,0.8686656216809412,Rameen_Chewing_Video_Files
217.6,1.0369219317962586,Rameen_Chewing_Video_Files
217.64,1.206109900807309,Rameen_Chewing_Video_Files
217.68,1.4051365029501006,Rameen_Chewing_Video_Files
217.72,1.1172301290382285,Rameen_Chewing_Video_Files
217.76,3.382463661936013,Rameen_Chewing_Video_Files
217.8,1.470410167805946,Rameen_Chewing_Video_Files
217.84,2.532865694390709,Rameen_Chewing_Video_Files
217.88,2.184802735535959,Rameen_Chewing_Video_Files
217.92,0.5236626557152263,Rameen_Chewing_Video_Files
217.96,0.2993768631312709,Rameen_Chewing_Video_Files
218.0,0.1702489178165562,Rameen_Chewing_Video_Files
218.04,0.259826152067111,Rameen_Chewing_Video_Files
218.08,0.3808633391897282,Rameen_Chewing_Video_Files
218.12,0.5320106146207261,Rameen_Chewing_Video_Files
218.16,0.6861076349041844,Rameen_Chewing_Video_Files
218.2,0.7590021509454357,Rameen_Chewing_Video_Files
218.24,0.8761577294272627,Rameen_Chewing_Video_Files
218.28,1.011042302552232,Rameen_Chewing_Video_Files
218.32,1.4515687129129822,Rameen_Chewing_Video_Files
218.36,1.192202028400356,Rameen_Chewing_Video_Files
218.4,0.7582053792291378,Rameen_Chewing_Video_Files
218.44,1.2607503654267431,Rameen_Chewing_Video_Files
218.48,1.51065057714174,Rameen_Chewing_Video_Files
218.52,1.1045127951002616,Rameen_Chewing_Video_Files
218.56,1.136375276000103,Rameen_Chewing_Video_Files
218.6,1.826902129733751,Rameen_Chewing_Video_Files
218.64,3.2800416039799227,Rameen_Chewing_Video_Files
218.68,1.7992198455750703,Rameen_Chewing_Video_Files
218.72,1.006942755962003,Rameen_Chewing_Video_Files
218.76,0.6262327912485683,Rameen_Chewing_Video_Files
218.8,0.4030335694161338,Rameen_Chewing_Video_Files
218.84,0.5227561067904236,Rameen_Chewing_Video_Files
218.88,0.649441496320273,Rameen_Chewing_Video_Files
218.92,0.8979399039571608,Rameen_Chewing_Video_Files
218.96,0.9890773374781054,Rameen_Chewing_Video_Files
219.0,1.032374094159077,Rameen_Chewing_Video_Files
219.04,1.0575785195185776,Rameen_Chewing_Video_Files
219.08,0.841145299731042,Rameen_Chewing_Video_Files
219.12,0.7635141923598139,Rameen_Chewing_Video_Files
219.16,0.7455638201000815,Rameen_Chewing_Video_Files
219.2,1.1373397967175014,Rameen_Chewing_Video_Files
219.24,1.073451217304416,Rameen_Chewing_Video_Files
219.28,0.7659922465378193,Rameen_Chewing_Video_Files
219.32,0.4318197894885379,Rameen_Chewing_Video_Files
219.36,0.4775802126186314,Rameen_Chewing_Video_Files
219.4,0.5171972217106886,Rameen_Chewing_Video_Files
219.44,0.5977918597248572,Rameen_Chewing_Video_Files
219.48,0.7332201933909003,Rameen_Chewing_Video_Files
219.52,0.8867135060311928,Rameen_Chewing_Video_Files
219.56,0.9068510200263464,Rameen_Chewing_Video_Files
219.6,1.032781786235918,Rameen_Chewing_Video_Files
219.64,1.011354069690274,Rameen_Chewing_Video_Files
219.68,0.8624315793344252,Rameen_Chewing_Video_Files
219.72,0.5157041810695082,Rameen_Chewing_Video_Files
219.76,0.5436798525599095,Rameen_Chewing_Video_Files
219.8,1.796891311136113,Rameen_Chewing_Video_Files
219.84,1.3387278137948508,Rameen_Chewing_Video_Files
219.88,1.036541297017503,Rameen_Chewing_Video_Files
219.92,0.7593910251103333,Rameen_Chewing_Video_Files
219.96,0.563590091004068,Rameen_Chewing_Video_Files
220.0,0.6434775881289477,Rameen_Chewing_Video_Files
220.04,0.7389302893135804,Rameen_Chewing_Video_Files
220.08,0.8498152962964854,Rameen_Chewing_Video_Files
220.12,0.909284853277202,Rameen_Chewing_Video_Files
220.16,0.9182711379376384,Rameen_Chewing_Video_Files
220.2,0.918708092910151,Rameen_Chewing_Video_Files
220.24,0.8372852949855867,Rameen_Chewing_Video_Files
220.28,0.6376175613230849,Rameen_Chewing_Video_Files
220.32,0.7668270179803922,Rameen_Chewing_Video_Files
220.36,0.8220298818473099,Rameen_Chewing_Video_Files
220.4,1.0088295438079822,Rameen_Chewing_Video_Files
220.44,1.6527054021862475,Rameen_Chewing_Video_Files
220.48,1.8000925873135745,Rameen_Chewing_Video_Files
220.52,1.2824948240911485,Rameen_Chewing_Video_Files
220.56,5.676407525142655,Rameen_Chewing_Video_Files
220.6,3.033523713090383,Rameen_Chewing_Video_Files
220.64,1.3728147119893386,Rameen_Chewing_Video_Files
220.68,1.1378589209319367,Rameen_Chewing_Video_Files
220.72,1.0590349413125948,Rameen_Chewing_Video_Files
220.76,1.0716211166005,Rameen_Chewing_Video_Files
220.8,0.9853720446660572,Rameen_Chewing_Video_Files
220.84,1.2031872637194372,Rameen_Chewing_Video_Files
220.88,1.2032657130252846,Rameen_Chewing_Video_Files
220.92,1.1555089947822434,Rameen_Chewing_Video_Files
220.96,1.0921804614530184,Rameen_Chewing_Video_Files
221.0,0.90833134409635,Rameen_Chewing_Video_Files
221.04,1.0113427089358644,Rameen_Chewing_Video_Files
221.08,0.6845412593016823,Rameen_Chewing_Video_Files
221.12,0.7315918510796998,Rameen_Chewing_Video_Files
221.16,0.7599566778701421,Rameen_Chewing_Video_Files
221.2,0.637153631757571,Rameen_Chewing_Video_Files
221.24,0.7268004250798239,Rameen_Chewing_Video_Files
221.28,0.6185349233234023,Rameen_Chewing_Video_Files
221.32,0.4721537184173621,Rameen_Chewing_Video_Files
221.36,0.4735117897199182,Rameen_Chewing_Video_Files
221.4,0.4040336416423054,Rameen_Chewing_Video_Files
221.44,0.4293448059673951,Rameen_Chewing_Video_Files
221.48,0.3843927383422851,Rameen_Chewing_Video_Files
221.52,0.4002254077073252,Rameen_Chewing_Video_Files
221.56,0.4723913739974517,Rameen_Chewing_Video_Files
221.6,0.4905100799860999,Rameen_Chewing_Video_Files
221.64,0.761388450088126,Rameen_Chewing_Video_Files
221.68,0.8889375304810149,Rameen_Chewing_Video_Files
221.72,1.0955683560435725,Rameen_Chewing_Video_Files
221.76,1.5138557039769371,Rameen_Chewing_Video_Files
221.8,1.396603203350841,Rameen_Chewing_Video_Files
221.84,1.3734335150232682,Rameen_Chewing_Video_Files
221.88,1.2841323978225638,Rameen_Chewing_Video_Files
221.92,4.771537942635814,Rameen_Chewing_Video_Files
221.96,6.9602793504318585,Rameen_Chewing_Video_Files
222.0,6.639603232286904,Rameen_Chewing_Video_Files
222.04,4.615637540259564,Rameen_Chewing_Video_Files
222.08,2.7823464974314143,Rameen_Chewing_Video_Files
222.12,1.7295988866364105,Rameen_Chewing_Video_Files
222.16,1.21329643451471,Rameen_Chewing_Video_Files
222.2,0.7206552045137836,Rameen_Chewing_Video_Files
222.24,0.8583591598380317,Rameen_Chewing_Video_Files
222.28,0.8963566837121115,Rameen_Chewing_Video_Files
222.32,0.949036352934623,Rameen_Chewing_Video_Files
222.36,0.4870813404834057,Rameen_Chewing_Video_Files
222.4,0.5330152642565287,Rameen_Chewing_Video_Files
222.44,0.7009658098197434,Rameen_Chewing_Video_Files
222.48,0.6500813211523891,Rameen_Chewing_Video_Files
222.52,0.5690671854577765,Rameen_Chewing_Video_Files
222.56,0.5864428002879924,Rameen_Chewing_Video_Files
222.6,0.6008562664275634,Rameen_Chewing_Video_Files
222.64,0.5985059686940779,Rameen_Chewing_Video_Files
222.68,0.651547730731728,Rameen_Chewing_Video_Files
222.72,0.6671953287173094,Rameen_Chewing_Video_Files
222.76,0.6507066945584712,Rameen_Chewing_Video_Files
222.8,0.603017139158437,Rameen_Chewing_Video_Files
222.84,0.8748504450905318,Rameen_Chewing_Video_Files
222.88,4.6672261149388525,Rameen_Chewing_Video_Files
222.92,2.158264452541951,Rameen_Chewing_Video_Files
222.96,1.2554921607601064,Rameen_Chewing_Video_Files
223.0,1.6857302140210606,Rameen_Chewing_Video_Files
223.04,1.930953252048747,Rameen_Chewing_Video_Files
223.08,1.7833603194181262,Rameen_Chewing_Video_Files
223.12,1.5268362917980074,Rameen_Chewing_Video_Files
223.16,1.0469910539596343,Rameen_Chewing_Video_Files
223.2,0.6859176752596848,Rameen_Chewing_Video_Files
223.24,0.5884889952053042,Rameen_Chewing_Video_Files
223.28,0.5015214869533698,Rameen_Chewing_Video_Files
223.32,0.473592103912986,Rameen_Chewing_Video_Files
223.36,0.4476276663246902,Rameen_Chewing_Video_Files
223.4,0.4145557299340501,Rameen_Chewing_Video_Files
223.44,0.4033049532280162,Rameen_Chewing_Video_Files
223.48,0.4109281410082624,Rameen_Chewing_Video_Files
223.52,0.4172322322299555,Rameen_Chewing_Video_Files
223.56,0.4390941212480266,Rameen_Chewing_Video_Files
223.6,0.5527081747974065,Rameen_Chewing_Video_Files
223.64,0.6793620187698899,Rameen_Chewing_Video_Files
223.68,0.7712517890616937,Rameen_Chewing_Video_Files
223.72,0.7709548816664948,Rameen_Chewing_Video_Files
223.76,0.8903626561743362,Rameen_Chewing_Video_Files
223.8,2.147910343584148,Rameen_Chewing_Video_Files
223.84,1.743625899777111,Rameen_Chewing_Video_Files
223.88,1.708527246666835,Rameen_Chewing_Video_Files
223.92,1.5856738720079022,Rameen_Chewing_Video_Files
223.96,4.779430662550106,Rameen_Chewing_Video_Files
224.0,5.820054364230898,Rameen_Chewing_Video_Files
224.04,1.9321427153217567,Rameen_Chewing_Video_Files
224.08,1.197442476143633,Rameen_Chewing_Video_Files
224.12,1.1882521589741788,Rameen_Chewing_Video_Files
224.16,0.6704942517944315,Rameen_Chewing_Video_Files
224.2,0.7696657087528345,Rameen_Chewing_Video_Files
224.24,0.8656084322301423,Rameen_Chewing_Video_Files
224.28,0.9013756152720216,Rameen_Chewing_Video_Files
224.32,1.564543601271818,Rameen_Chewing_Video_Files
224.36,1.8184187467591664,Rameen_Chewing_Video_Files
224.4,1.7423734831636737,Rameen_Chewing_Video_Files
224.44,1.6132392929484758,Rameen_Chewing_Video_Files
224.48,1.925678744889503,Rameen_Chewing_Video_Files
224.52,1.8405181537196205,Rameen_Chewing_Video_Files
224.56,1.659539542338857,Rameen_Chewing_Video_Files
224.6,0.4324447224020664,Rameen_Chewing_Video_Files
224.64,1.1997945733802615,Rameen_Chewing_Video_Files
224.68,1.4974215972767566,Rameen_Chewing_Video_Files
224.72,1.7877235765676582,Rameen_Chewing_Video_Files
224.76,1.7842294175261986,Rameen_Chewing_Video_Files
224.8,1.1131824891641289,Rameen_Chewing_Video_Files
224.84,0.6294787230870134,Rameen_Chewing_Video_Files
224.88,0.4336901321852572,Rameen_Chewing_Video_Files
224.92,0.4751326380884243,Rameen_Chewing_Video_Files
224.96,0.5202858255430324,Rameen_Chewing_Video_Files
225.0,0.4266440464929024,Rameen_Chewing_Video_Files
225.04,0.1223225673114413,Rameen_Chewing_Video_Files
225.08,0.1569055576791957,Rameen_Chewing_Video_Files
225.12,0.1929082647928419,Rameen_Chewing_Video_Files
225.16,0.2280293037248919,Rameen_Chewing_Video_Files
225.2,0.5395841119815247,Rameen_Chewing_Video_Files
225.24,7.224407442321043,Rameen_Chewing_Video_Files
225.28,3.870789263222522,Rameen_Chewing_Video_Files
225.32,2.613864370754908,Rameen_Chewing_Video_Files
225.36,0.9489548936515998,Rameen_Chewing_Video_Files
225.4,1.4177775104727866,Rameen_Chewing_Video_Files
225.44,2.8660457102266568,Rameen_Chewing_Video_Files
225.48,8.15008050638125,Rameen_Chewing_Video_Files
225.52,6.81723910305359,Rameen_Chewing_Video_Files
225.56,5.653859524593193,Rameen_Chewing_Video_Files
225.6,2.8239455254746937,Rameen_Chewing_Video_Files
225.64,1.2145349390941695,Rameen_Chewing_Video_Files
225.68,0.8436056082332579,Rameen_Chewing_Video_Files
225.72,1.3170438576146752,Rameen_Chewing_Video_Files
225.76,0.9975485621492254,Rameen_Chewing_Video_Files
225.8,0.9960414565539346,Rameen_Chewing_Video_Files
225.84,1.1372450140594543,Rameen_Chewing_Video_Files
225.88,1.2650587509391242,Rameen_Chewing_Video_Files
225.92,0.9532529255196636,Rameen_Chewing_Video_Files
225.96,0.3831212649584926,Rameen_Chewing_Video_Files
226.0,0.3744229585136684,Rameen_Chewing_Video_Files
226.04,1.3022123598836848,Rameen_Chewing_Video_Files
226.08,0.8359363079329104,Rameen_Chewing_Video_Files
226.12,1.2171811503626546,Rameen_Chewing_Video_Files
226.16,0.7393958597555693,Rameen_Chewing_Video_Files
226.2,0.6742028643829399,Rameen_Chewing_Video_Files
226.24,1.174766062618994,Rameen_Chewing_Video_Files
226.28,2.4738070730597213,Rameen_Chewing_Video_Files
226.32,1.2779539527416095,Rameen_Chewing_Video_Files
226.36,1.318777928121998,Rameen_Chewing_Video_Files
226.4,1.3956840466039475,Rameen_Chewing_Video_Files
226.44,0.7783903701857859,Rameen_Chewing_Video_Files
226.48,0.560506703641704,Rameen_Chewing_Video_Files
226.52,0.5513837493245229,Rameen_Chewing_Video_Files
226.56,0.5578454879983721,Rameen_Chewing_Video_Files
226.6,0.5718982245923714,Rameen_Chewing_Video_Files
226.64,0.5889347142575269,Rameen_Chewing_Video_Files
226.68,0.6098124197308268,Rameen_Chewing_Video_Files
226.72,0.633330723265935,Rameen_Chewing_Video_Files
226.76,0.5692040680669568,Rameen_Chewing_Video_Files
226.8,3.050962274456803,Rameen_Chewing_Video_Files
226.84,1.0326029532620655,Rameen_Chewing_Video_Files
226.88,0.7237916051479886,Rameen_Chewing_Video_Files
226.92,1.1988412692500146,Rameen_Chewing_Video_Files
226.96,1.5483857124830915,Rameen_Chewing_Video_Files
227.0,1.512886441441859,Rameen_Chewing_Video_Files
227.04,3.279905101500747,Rameen_Chewing_Video_Files
227.08,1.7077306273050217,Rameen_Chewing_Video_Files
227.12,0.7907330754398779,Rameen_Chewing_Video_Files
227.16,0.4516815611601646,Rameen_Chewing_Video_Files
227.2,0.4731986218683321,Rameen_Chewing_Video_Files
227.24,0.5190038648392099,Rameen_Chewing_Video_Files
227.28,0.5432118364923944,Rameen_Chewing_Video_Files
227.32,0.5913620363313947,Rameen_Chewing_Video_Files
227.36,0.6660901613214524,Rameen_Chewing_Video_Files
227.4,0.634755332799148,Rameen_Chewing_Video_Files
227.44,0.681863799614963,Rameen_Chewing_Video_Files
227.48,0.5247381884617737,Rameen_Chewing_Video_Files
227.52,0.6486218577119388,Rameen_Chewing_Video_Files
227.56,1.7477036521617677,Rameen_Chewing_Video_Files
227.6,2.8693740637515845,Rameen_Chewing_Video_Files
227.64,1.2775805227159884,Rameen_Chewing_Video_Files
227.68,0.9826503466167112,Rameen_Chewing_Video_Files
227.72,0.829827328838261,Rameen_Chewing_Video_Files
227.76,0.8568357101502879,Rameen_Chewing_Video_Files
227.8,1.139103041025768,Rameen_Chewing_Video_Files
227.84,1.6809882240540202,Rameen_Chewing_Video_Files
227.88,1.980552713251157,Rameen_Chewing_Video_Files
227.92,1.3729932049191582,Rameen_Chewing_Video_Files
227.96,0.6939199436439829,Rameen_Chewing_Video_Files
228.0,0.3946806325828776,Rameen_Chewing_Video_Files
228.04,0.3078234492069322,Rameen_Chewing_Video_Files
228.08,0.3302710285859419,Rameen_Chewing_Video_Files
228.12,0.399506328085439,Rameen_Chewing_Video_Files
228.16,0.4393647684004107,Rameen_Chewing_Video_Files
228.2,0.4817343715373976,Rameen_Chewing_Video_Files
228.24,0.4748676422376062,Rameen_Chewing_Video_Files
228.28,0.5408261951268231,Rameen_Chewing_Video_Files
228.32,0.5071578773476325,Rameen_Chewing_Video_Files
228.36,0.5785181930253056,Rameen_Chewing_Video_Files
228.4,0.498239562903003,Rameen_Chewing_Video_Files
228.44,1.3759619930640123,Rameen_Chewing_Video_Files
228.48,1.2902885878323351,Rameen_Chewing_Video_Files
228.52,1.2601279797487537,Rameen_Chewing_Video_Files
228.56,1.055599646855481,Rameen_Chewing_Video_Files
228.6,3.063335487996901,Rameen_Chewing_Video_Files
228.64,4.90059607637143,Rameen_Chewing_Video_Files
228.68,2.6534556115453576,Rameen_Chewing_Video_Files
228.72,2.497315175138708,Rameen_Chewing_Video_Files
228.76,1.5953977621444342,Rameen_Chewing_Video_Files
228.8,1.0035741031990828,Rameen_Chewing_Video_Files
228.84,1.0922800155054868,Rameen_Chewing_Video_Files
228.88,2.487843092889704,Rameen_Chewing_Video_Files
228.92,2.188905861507063,Rameen_Chewing_Video_Files
228.96,2.7329687607384843,Rameen_Chewing_Video_Files
229.0,2.714288944858513,Rameen_Chewing_Video_Files
229.04,2.630856375210352,Rameen_Chewing_Video_Files
229.08,2.4641406365625023,Rameen_Chewing_Video_Files
229.12,2.3893495956718453,Rameen_Chewing_Video_Files
229.16,2.043595618437582,Rameen_Chewing_Video_Files
229.2,1.2570575717019263,Rameen_Chewing_Video_Files
229.24,0.9038135875980376,Rameen_Chewing_Video_Files
229.28,0.8342698905577546,Rameen_Chewing_Video_Files
229.32,0.8429516383399351,Rameen_Chewing_Video_Files
229.36,0.5599563569711551,Rameen_Chewing_Video_Files
229.4,0.7285141984327653,Rameen_Chewing_Video_Files
229.44,0.7705960148564058,Rameen_Chewing_Video_Files
229.48,0.6170495733070116,Rameen_Chewing_Video_Files
229.52,3.6018034960291465,Rameen_Chewing_Video_Files
229.56,4.746000543710834,Rameen_Chewing_Video_Files
229.6,7.848719037993365,Rameen_Chewing_Video_Files
229.64,16.215104656428462,Rameen_Chewing_Video_Files
229.68,17.102740767613128,Rameen_Chewing_Video_Files
229.72,15.971569543010268,Rameen_Chewing_Video_Files
229.76,14.101459032192071,Rameen_Chewing_Video_Files
229.8,9.427099225821378,Rameen_Chewing_Video_Files
229.84,3.572405138768296,Rameen_Chewing_Video_Files
229.88,1.9851831516579013,Rameen_Chewing_Video_Files
229.92,1.5841909885051633,Rameen_Chewing_Video_Files
229.96,1.135813972326608,Rameen_Chewing_Video_Files
230.0,1.0435072695391718,Rameen_Chewing_Video_Files
230.04,0.872182789289971,Rameen_Chewing_Video_Files
230.08,0.5205611648830141,Rameen_Chewing_Video_Files
230.12,0.4914802577414067,Rameen_Chewing_Video_Files
230.16,0.5793877257020649,Rameen_Chewing_Video_Files
230.2,0.9864544834672784,Rameen_Chewing_Video_Files
230.24,3.112198091576802,Rameen_Chewing_Video_Files
230.28,24.31418600674712,Rameen_Chewing_Video_Files
230.32,21.75173683520362,Rameen_Chewing_Video_Files
230.36,23.157819331852068,Rameen_Chewing_Video_Files
230.4,20.263965560966916,Rameen_Chewing_Video_Files
230.44,26.64992211578962,Rameen_Chewing_Video_Files
230.48,31.23927274457658,Rameen_Chewing_Video_Files
230.52,32.64876362256249,Rameen_Chewing_Video_Files
230.56,36.36495045643399,Rameen_Chewing_Video_Files
230.6,41.98198862893887,Rameen_Chewing_Video_Files
230.64,53.57715585922934,Rameen_Chewing_Video_Files
230.68,58.20586310606461,Rameen_Chewing_Video_Files
230.72,57.932850747789175,Rameen_Chewing_Video_Files
230.76,56.97512028003091,Rameen_Chewing_Video_Files
230.8,53.49209954450439,Rameen_Chewing_Video_Files
230.84,46.07031975637796,Rameen_Chewing_Video_Files
230.88,42.12146161876227,Rameen_Chewing_Video_Files
230.92,31.528528198576563,Rameen_Chewing_Video_Files
230.96,25.249081192271905,Rameen_Chewing_Video_Files
231.0,20.922530014366043,Rameen_Chewing_Video_Files
231.04,14.609767955375675,Rameen_Chewing_Video_Files
231.08,13.734765023069125,Rameen_Chewing_Video_Files
231.12,11.72381647384757,Rameen_Chewing_Video_Files
231.16,13.509993967315136,Rameen_Chewing_Video_Files
231.2,14.19358500917004,Rameen_Chewing_Video_Files
231.24,10.900805887082557,Rameen_Chewing_Video_Files
231.28,6.521202896112305,Rameen_Chewing_Video_Files
231.32,2.8328884010500395,Rameen_Chewing_Video_Files
231.36,0.8267574436266755,Rameen_Chewing_Video_Files
231.4,4.107817742025721,Rameen_Chewing_Video_Files
231.44,2.40035612367634,Rameen_Chewing_Video_Files
231.48,3.10799469976232,Rameen_Chewing_Video_Files
231.52,2.834007092267219,Rameen_Chewing_Video_Files
231.56,2.4920880526760936,Rameen_Chewing_Video_Files
231.6,1.7944639125482302,Rameen_Chewing_Video_Files
231.64,2.776427489113908,Rameen_Chewing_Video_Files
231.68,3.866145391027211,Rameen_Chewing_Video_Files
231.72,2.901002980020266,Rameen_Chewing_Video_Files
231.76,1.9139111097142445,Rameen_Chewing_Video_Files
231.8,2.721761732554316,Rameen_Chewing_Video_Files
231.84,2.103376035610717,Rameen_Chewing_Video_Files
231.88,2.791260549444639,Rameen_Chewing_Video_Files
231.92,2.3159532345323544,Rameen_Chewing_Video_Files
231.96,1.737168080949176,Rameen_Chewing_Video_Files
232.0,2.0695402016395485,Rameen_Chewing_Video_Files
232.04,2.0603730163341085,Rameen_Chewing_Video_Files
232.08,2.218679509944184,Rameen_Chewing_Video_Files
232.12,2.489240531026029,Rameen_Chewing_Video_Files
232.16,2.2294570929731465,Rameen_Chewing_Video_Files
232.2,6.260736458069757,Rameen_Chewing_Video_Files
232.24,9.87286130580638,Rameen_Chewing_Video_Files
232.28,2.072582939972476,Rameen_Chewing_Video_Files
232.32,1.087599344884682,Rameen_Chewing_Video_Files
232.36,2.3525623592060287,Rameen_Chewing_Video_Files
232.4,2.753354904888152,Rameen_Chewing_Video_Files
232.44,1.6849090425835245,Rameen_Chewing_Video_Files
232.48,0.9908936983132132,Rameen_Chewing_Video_Files
232.52,0.6821735215615291,Rameen_Chewing_Video_Files
232.56,0.5381171082882521,Rameen_Chewing_Video_Files
232.6,0.6716706120049698,Rameen_Chewing_Video_Files
232.64,0.5811341372667543,Rameen_Chewing_Video_Files
232.68,0.6555281836874778,Rameen_Chewing_Video_Files
232.72,0.674129616022293,Rameen_Chewing_Video_Files
232.76,1.006717336279176,Rameen_Chewing_Video_Files
232.8,2.9479259136515097,Rameen_Chewing_Video_Files
232.84,3.570439015827195,Rameen_Chewing_Video_Files
232.88,2.155779348709173,Rameen_Chewing_Video_Files
232.92,6.358251725391057,Rameen_Chewing_Video_Files
232.96,6.156670804468381,Rameen_Chewing_Video_Files
233.0,2.2199813489903657,Rameen_Chewing_Video_Files
233.04,1.8112234036791215,Rameen_Chewing_Video_Files
233.08,2.887166192425167,Rameen_Chewing_Video_Files
233.12,2.0550929023492706,Rameen_Chewing_Video_Files
233.16,1.8275948955290924,Rameen_Chewing_Video_Files
233.2,1.7119660532158787,Rameen_Chewing_Video_Files
233.24,1.2617569779639124,Rameen_Chewing_Video_Files
233.28,1.044771205912316,Rameen_Chewing_Video_Files
233.32,1.069046180640463,Rameen_Chewing_Video_Files
233.36,1.1913360180015011,Rameen_Chewing_Video_Files
233.4,1.460483510248992,Rameen_Chewing_Video_Files
233.44,1.731718071273426,Rameen_Chewing_Video_Files
233.48,1.5441806815580543,Rameen_Chewing_Video_Files
233.52,1.257927972175254,Rameen_Chewing_Video_Files
233.56,0.9839447604002052,Rameen_Chewing_Video_Files
233.6,0.8037116470792224,Rameen_Chewing_Video_Files
233.64,2.020773566147484,Rameen_Chewing_Video_Files
233.68,2.6326374111275026,Rameen_Chewing_Video_Files
233.72,1.931030491452808,Rameen_Chewing_Video_Files
233.76,1.419004797717041,Rameen_Chewing_Video_Files
233.8,0.8711735798774878,Rameen_Chewing_Video_Files
233.84,0.715050137677076,Rameen_Chewing_Video_Files
233.88,0.919054789056046,Rameen_Chewing_Video_Files
233.92,0.8833721441056471,Rameen_Chewing_Video_Files
233.96,0.8865188666395856,Rameen_Chewing_Video_Files
234.0,0.6021103657881668,Rameen_Chewing_Video_Files
234.04,0.4914461695630672,Rameen_Chewing_Video_Files
234.08,0.5755252121482801,Rameen_Chewing_Video_Files
234.12,0.5508260729702638,Rameen_Chewing_Video_Files
234.16,0.4584742778685123,Rameen_Chewing_Video_Files
234.2,0.3780462733671416,Rameen_Chewing_Video_Files
234.24,0.3796536838991718,Rameen_Chewing_Video_Files
234.28,0.3880979902606828,Rameen_Chewing_Video_Files
234.32,0.3751354373433144,Rameen_Chewing_Video_Files
234.36,0.461606947377705,Rameen_Chewing_Video_Files
234.4,0.6008664835749661,Rameen_Chewing_Video_Files
234.44,0.624555027968438,Rameen_Chewing_Video_Files
234.48,0.609098635900086,Rameen_Chewing_Video_Files
234.52,0.6191405292008327,Rameen_Chewing_Video_Files
234.56,0.4630286748025744,Rameen_Chewing_Video_Files
234.6,0.5234759087003362,Rameen_Chewing_Video_Files
234.64,0.4155616126886455,Rameen_Chewing_Video_Files
234.68,0.4300153143746175,Rameen_Chewing_Video_Files
234.72,0.5180412767632891,Rameen_Chewing_Video_Files
234.76,0.5059846254376872,Rameen_Chewing_Video_Files
234.8,0.7005224707137147,Rameen_Chewing_Video_Files
234.84,0.9184145486967774,Rameen_Chewing_Video_Files
234.88,0.8901444604177423,Rameen_Chewing_Video_Files
234.92,0.8912018844695789,Rameen_Chewing_Video_Files
234.96,0.850332537355645,Rameen_Chewing_Video_Files
235.0,1.1164711673676109,Rameen_Chewing_Video_Files
235.04,2.915252019743474,Rameen_Chewing_Video_Files
235.08,1.3066915744011576,Rameen_Chewing_Video_Files
235.12,0.893251836044871,Rameen_Chewing_Video_Files
235.16,0.8654975619997983,Rameen_Chewing_Video_Files
235.2,0.8305385317826952,Rameen_Chewing_Video_Files
235.24,0.7551960208959622,Rameen_Chewing_Video_Files
235.28,0.6279522640631889,Rameen_Chewing_Video_Files
235.32,0.5635822873087634,Rameen_Chewing_Video_Files
235.36,0.5465479081731763,Rameen_Chewing_Video_Files
235.4,0.5526585240566231,Rameen_Chewing_Video_Files
235.44,0.9463558438960864,Rameen_Chewing_Video_Files
235.48,2.521615268918456,Rameen_Chewing_Video_Files
235.52,1.310148527190768,Rameen_Chewing_Video_Files
235.56,1.1707378595055211,Rameen_Chewing_Video_Files
235.6,1.20544211185226,Rameen_Chewing_Video_Files
235.64,0.9120324932595206,Rameen_Chewing_Video_Files
235.68,0.7762171643653503,Rameen_Chewing_Video_Files
235.72,0.6089193122289293,Rameen_Chewing_Video_Files
235.76,0.6992280528516743,Rameen_Chewing_Video_Files
235.8,0.6987779100787732,Rameen_Chewing_Video_Files
235.84,0.6162670682081205,Rameen_Chewing_Video_Files
235.88,0.5272639865587568,Rameen_Chewing_Video_Files
235.92,0.5179868865959852,Rameen_Chewing_Video_Files
235.96,0.5150282947712089,Rameen_Chewing_Video_Files
236.0,0.5537966261476475,Rameen_Chewing_Video_Files
236.04,0.5804915069487631,Rameen_Chewing_Video_Files
236.08,1.0248399686881982,Rameen_Chewing_Video_Files
236.12,2.0754090951589084,Rameen_Chewing_Video_Files
236.16,3.193074330067924,Rameen_Chewing_Video_Files
236.2,1.825376577954681,Rameen_Chewing_Video_Files
236.24,0.7969501502899993,Rameen_Chewing_Video_Files
236.28,0.6909043433334727,Rameen_Chewing_Video_Files
236.32,0.7700790855929271,Rameen_Chewing_Video_Files
236.36,0.8886517571940358,Rameen_Chewing_Video_Files
236.4,1.2335099044313074,Rameen_Chewing_Video_Files
236.44,3.1575132523939216,Rameen_Chewing_Video_Files
236.48,1.625680109769933,Rameen_Chewing_Video_Files
236.52,1.6117487515610818,Rameen_Chewing_Video_Files
236.56,1.452569409216772,Rameen_Chewing_Video_Files
236.6,1.0212705749225055,Rameen_Chewing_Video_Files
236.64,0.8617561093673965,Rameen_Chewing_Video_Files
236.68,0.7909697363708935,Rameen_Chewing_Video_Files
236.72,0.7681649682085624,Rameen_Chewing_Video_Files
236.76,0.6933727644691388,Rameen_Chewing_Video_Files
236.8,0.66733058821095,Rameen_Chewing_Video_Files
236.84,0.717029946367092,Rameen_Chewing_Video_Files
236.88,0.5282818887478269,Rameen_Chewing_Video_Files
236.92,1.5220355755698831,Rameen_Chewing_Video_Files
236.96,0.7449628902230668,Rameen_Chewing_Video_Files
237.0,0.6685659047012209,Rameen_Chewing_Video_Files
237.04,0.7229723463975012,Rameen_Chewing_Video_Files
237.08,1.048384604633802,Rameen_Chewing_Video_Files
237.12,0.4289100482348857,Rameen_Chewing_Video_Files
237.16,1.0784613434780483,Rameen_Chewing_Video_Files
237.2,1.821868190152624,Rameen_Chewing_Video_Files
237.24,1.5805349908446495,Rameen_Chewing_Video_Files
237.28,1.111731531690105,Rameen_Chewing_Video_Files
237.32,0.6486394528719364,Rameen_Chewing_Video_Files
237.36,0.5435925617522885,Rameen_Chewing_Video_Files
237.4,0.4747736709613057,Rameen_Chewing_Video_Files
237.44,0.3913595541807381,Rameen_Chewing_Video_Files
237.48,0.4575159441918784,Rameen_Chewing_Video_Files
237.52,0.4851683812075973,Rameen_Chewing_Video_Files
237.56,0.4631501105190347,Rameen_Chewing_Video_Files
237.6,0.4836006731912228,Rameen_Chewing_Video_Files
237.64,0.946538637909182,Rameen_Chewing_Video_Files
237.68,0.7817317366490127,Rameen_Chewing_Video_Files
237.72,0.797780501566661,Rameen_Chewing_Video_Files
237.76,0.817376035490111,Rameen_Chewing_Video_Files
237.8,0.8968722047169497,Rameen_Chewing_Video_Files
237.84,3.292017565957392,Rameen_Chewing_Video_Files
237.88,2.766993150494974,Rameen_Chewing_Video_Files
237.92,1.949604965506384,Rameen_Chewing_Video_Files
237.96,1.6598107242727966,Rameen_Chewing_Video_Files
238.0,1.4871539847547526,Rameen_Chewing_Video_Files
238.04,1.4334221050233933,Rameen_Chewing_Video_Files
238.08,1.7876083229527504,Rameen_Chewing_Video_Files
238.12,1.5245074213969234,Rameen_Chewing_Video_Files
238.16,1.196313644335739,Rameen_Chewing_Video_Files
238.2,1.0682350146025308,Rameen_Chewing_Video_Files
238.24,1.0038727098869882,Rameen_Chewing_Video_Files
238.28,0.9723839820425176,Rameen_Chewing_Video_Files
238.32,1.0398623926655952,Rameen_Chewing_Video_Files
238.36,0.9995148671358288,Rameen_Chewing_Video_Files
238.4,1.3594189471226843,Rameen_Chewing_Video_Files
238.44,5.719497426336271,Rameen_Chewing_Video_Files
238.48,4.22962106878476,Rameen_Chewing_Video_Files
238.52,3.265193093788918,Rameen_Chewing_Video_Files
238.56,2.484414461238829,Rameen_Chewing_Video_Files
238.6,2.312720145486306,Rameen_Chewing_Video_Files
238.64,6.568081776688199,Rameen_Chewing_Video_Files
238.68,5.028677577243686,Rameen_Chewing_Video_Files
238.72,5.111149429663782,Rameen_Chewing_Video_Files
238.76,3.1016950561895373,Rameen_Chewing_Video_Files
238.8,1.376330404963831,Rameen_Chewing_Video_Files
238.84,1.0609427956850714,Rameen_Chewing_Video_Files
238.88,1.0191439395927318,Rameen_Chewing_Video_Files
238.92,0.8948015780669557,Rameen_Chewing_Video_Files
238.96,1.0727378383794877,Rameen_Chewing_Video_Files
239.0,1.2856911944424445,Rameen_Chewing_Video_Files
239.04,1.1414799596179157,Rameen_Chewing_Video_Files
239.08,0.989757290623278,Rameen_Chewing_Video_Files
239.12,0.6939489513854775,Rameen_Chewing_Video_Files
239.16,0.5946780034146459,Rameen_Chewing_Video_Files
239.2,0.8929529882578838,Rameen_Chewing_Video_Files
239.24,1.4000922491469738,Rameen_Chewing_Video_Files
239.28,2.653507049089623,Rameen_Chewing_Video_Files
239.32,3.1980419111051197,Rameen_Chewing_Video_Files
239.36,3.2574976843590573,Rameen_Chewing_Video_Files
239.4,1.8089229480503315,Rameen_Chewing_Video_Files
239.44,1.4263724714548267,Rameen_Chewing_Video_Files
239.48,1.617256736696165,Rameen_Chewing_Video_Files
239.52,1.0176876962451342,Rameen_Chewing_Video_Files
239.56,0.573784240478589,Rameen_Chewing_Video_Files
239.6,0.3412327883062873,Rameen_Chewing_Video_Files
239.64,0.2912048243724372,Rameen_Chewing_Video_Files
239.68,0.2072604980643148,Rameen_Chewing_Video_Files
239.72,0.1480168127297772,Rameen_Chewing_Video_Files
239.76,0.1453162675220008,Rameen_Chewing_Video_Files
239.8,0.1890348743264347,Rameen_Chewing_Video_Files
239.84,0.278227684776422,Rameen_Chewing_Video_Files
239.88,0.3100118845145908,Rameen_Chewing_Video_Files
239.92,0.4240703378214928,Rameen_Chewing_Video_Files
239.96,0.5733623772746249,Rameen_Chewing_Video_Files
240.0,0.6440331477168771,Rameen_Chewing_Video_Files
240.04,1.235860205810021,Rameen_Chewing_Video_Files
240.08,1.134399543497189,Rameen_Chewing_Video_Files
240.12,1.405633937230736,Rameen_Chewing_Video_Files
240.16,1.5385461321814216,Rameen_Chewing_Video_Files
240.2,1.143506282598839,Rameen_Chewing_Video_Files
240.24,1.0512077619978193,Rameen_Chewing_Video_Files
240.28,1.373244493842242,Rameen_Chewing_Video_Files
240.32,1.3054987372802915,Rameen_Chewing_Video_Files
240.36,1.9160238557131368,Rameen_Chewing_Video_Files
240.4,1.6936103098534938,Rameen_Chewing_Video_Files
240.44,0.9134826865699976,Rameen_Chewing_Video_Files
240.48,0.7226769474825752,Rameen_Chewing_Video_Files
240.52,0.636213927448383,Rameen_Chewing_Video_Files
240.56,0.5935000380279255,Rameen_Chewing_Video_Files
240.6,1.052878253303181,Rameen_Chewing_Video_Files
240.64,1.776119291938431,Rameen_Chewing_Video_Files
240.68,0.8237802508201179,Rameen_Chewing_Video_Files
240.72,0.8869486674084842,Rameen_Chewing_Video_Files
240.76,1.1639679466185102,Rameen_Chewing_Video_Files
240.8,1.0327864699788538,Rameen_Chewing_Video_Files
240.84,0.9881389273384766,Rameen_Chewing_Video_Files
240.88,0.7771604184807306,Rameen_Chewing_Video_Files
240.92,1.2349445991707009,Rameen_Chewing_Video_Files
240.96,1.3756714843041962,Rameen_Chewing_Video_Files
241.0,1.199007863840729,Rameen_Chewing_Video_Files
241.04,1.3734085799681603,Rameen_Chewing_Video_Files
241.08,1.7920277034770171,Rameen_Chewing_Video_Files
241.12,1.7206420563976703,Rameen_Chewing_Video_Files
241.16,2.3911959445993647,Rameen_Chewing_Video_Files
241.2,1.7342660784699624,Rameen_Chewing_Video_Files
241.24,0.9669139221920402,Rameen_Chewing_Video_Files
241.28,0.7526868966547315,Rameen_Chewing_Video_Files
241.32,0.6880646726666716,Rameen_Chewing_Video_Files
241.36,0.5909916182495852,Rameen_Chewing_Video_Files
241.4,0.5538983581311827,Rameen_Chewing_Video_Files
241.44,0.6756175896468445,Rameen_Chewing_Video_Files
241.48,0.6920779768105007,Rameen_Chewing_Video_Files
241.52,0.7126298529286867,Rameen_Chewing_Video_Files
241.56,0.7084323692166228,Rameen_Chewing_Video_Files
241.6,0.698272279788917,Rameen_Chewing_Video_Files
241.64,0.6669240392521365,Rameen_Chewing_Video_Files
241.68,0.8214171137700428,Rameen_Chewing_Video_Files
241.72,1.01391566220271,Rameen_Chewing_Video_Files
241.76,3.055554531582676,Rameen_Chewing_Video_Files
241.8,2.4447097680112986,Rameen_Chewing_Video_Files
241.84,3.2648095753959496,Rameen_Chewing_Video_Files
241.88,4.5264819452505085,Rameen_Chewing_Video_Files
241.92,6.61206646129828,Rameen_Chewing_Video_Files
241.96,5.224719219323921,Rameen_Chewing_Video_Files
242.0,3.2206282076421995,Rameen_Chewing_Video_Files
242.04,2.7209563544657938,Rameen_Chewing_Video_Files
242.08,1.95795172594164,Rameen_Chewing_Video_Files
242.12,2.176799798486624,Rameen_Chewing_Video_Files
242.16,1.687124553750124,Rameen_Chewing_Video_Files
242.2,1.4526944038266585,Rameen_Chewing_Video_Files
242.24,0.5630560454114139,Rameen_Chewing_Video_Files
242.28,0.1756004597534786,Rameen_Chewing_Video_Files
242.32,0.2579978806724967,Rameen_Chewing_Video_Files
242.36,0.5212903348534131,Rameen_Chewing_Video_Files
242.4,0.7161446496513485,Rameen_Chewing_Video_Files
242.44,0.4077918586376658,Rameen_Chewing_Video_Files
242.48,0.7622657457452215,Rameen_Chewing_Video_Files
242.52,0.5080777459020585,Rameen_Chewing_Video_Files
242.56,0.4696243117942718,Rameen_Chewing_Video_Files
242.6,0.5449799326603012,Rameen_Chewing_Video_Files
242.64,0.5577779322055854,Rameen_Chewing_Video_Files
242.68,0.5416695545172352,Rameen_Chewing_Video_Files
242.72,0.6657175085644255,Rameen_Chewing_Video_Files
242.76,0.7179247525357912,Rameen_Chewing_Video_Files
242.8,0.7950650070395462,Rameen_Chewing_Video_Files
242.84,0.7908661463801901,Rameen_Chewing_Video_Files
242.88,1.4260282944746698,Rameen_Chewing_Video_Files
242.92,1.234146218566576,Rameen_Chewing_Video_Files
242.96,1.376166208132139,Rameen_Chewing_Video_Files
243.0,1.3825627291431162,Rameen_Chewing_Video_Files
243.04,0.8512638536609547,Rameen_Chewing_Video_Files
243.08,0.6293614437918338,Rameen_Chewing_Video_Files
243.12,0.6216263611534707,Rameen_Chewing_Video_Files
243.16,0.5930693669451078,Rameen_Chewing_Video_Files
243.2,0.4521202441802149,Rameen_Chewing_Video_Files
243.24,0.3585084394242774,Rameen_Chewing_Video_Files
243.28,0.3814986629240091,Rameen_Chewing_Video_Files
243.32,0.2691657310701847,Rameen_Chewing_Video_Files
243.36,0.1759203368947089,Rameen_Chewing_Video_Files
243.4,0.1406813488892694,Rameen_Chewing_Video_Files
243.44,0.0562870476088691,Rameen_Chewing_Video_Files
243.48,0.0421082980061152,Rameen_Chewing_Video_Files
243.52,0.083324346367454,Rameen_Chewing_Video_Files
243.56,0.1016019682473536,Rameen_Chewing_Video_Files
243.6,0.1066014054930882,Rameen_Chewing_Video_Files
243.64,0.2079696375737933,Rameen_Chewing_Video_Files
243.68,0.3623787396685108,Rameen_Chewing_Video_Files
243.72,0.4551036994225406,Rameen_Chewing_Video_Files
243.76,0.4004786803848915,Rameen_Chewing_Video_Files
243.8,0.4480499194021193,Rameen_Chewing_Video_Files
243.84,0.4404463728541814,Rameen_Chewing_Video_Files
243.88,0.8707830584404278,Rameen_Chewing_Video_Files
243.92,1.0569501181922132,Rameen_Chewing_Video_Files
243.96,0.6596494586478449,Rameen_Chewing_Video_Files
244.0,0.4229828000720171,Rameen_Chewing_Video_Files
244.04,0.3283754644521185,Rameen_Chewing_Video_Files
244.08,0.3295316040731283,Rameen_Chewing_Video_Files
244.12,0.3209315867902597,Rameen_Chewing_Video_Files
244.16,0.327550639628856,Rameen_Chewing_Video_Files
244.2,0.3183517635238583,Rameen_Chewing_Video_Files
244.24,0.2020607054245928,Rameen_Chewing_Video_Files
244.28,0.1851437076781719,Rameen_Chewing_Video_Files
244.32,0.125943779322017,Rameen_Chewing_Video_Files
244.36,0.1113395671354036,Rameen_Chewing_Video_Files
244.4,0.1272174403832043,Rameen_Chewing_Video_Files
244.44,0.1295150509090305,Rameen_Chewing_Video_Files
244.48,0.1342767561688355,Rameen_Chewing_Video_Files
244.52,0.1412019175004042,Rameen_Chewing_Video_Files
244.56,0.1388329368722476,Rameen_Chewing_Video_Files
244.6,0.1418600198568632,Rameen_Chewing_Video_Files
244.64,0.8085042177892386,Rameen_Chewing_Video_Files
244.68,1.90591270269087,Rameen_Chewing_Video_Files
244.72,3.65974771722576,Rameen_Chewing_Video_Files
244.76,6.178456950692167,Rameen_Chewing_Video_Files
244.8,7.414869782258006,Rameen_Chewing_Video_Files
244.84,6.471821750549326,Rameen_Chewing_Video_Files
244.88,3.1794190145227117,Rameen_Chewing_Video_Files
244.92,1.3449476432126657,Rameen_Chewing_Video_Files
244.96,0.5150929147344648,Rameen_Chewing_Video_Files
245.0,0.3222007793749753,Rameen_Chewing_Video_Files
245.04,0.404627346548143,Rameen_Chewing_Video_Files
245.08,0.5481748681235469,Rameen_Chewing_Video_Files
245.12,0.6059790392080219,Rameen_Chewing_Video_Files
245.16,0.4971402699780419,Rameen_Chewing_Video_Files
245.2,0.4008526724066709,Rameen_Chewing_Video_Files
245.24,0.3295251788189752,Rameen_Chewing_Video_Files
245.28,0.2793730681701792,Rameen_Chewing_Video_Files
245.32,0.2543603701911934,Rameen_Chewing_Video_Files
245.36,0.2288220685171794,Rameen_Chewing_Video_Files
245.4,0.2038362379817952,Rameen_Chewing_Video_Files
245.44,0.1830577192035625,Rameen_Chewing_Video_Files
245.48,0.1637113748791142,Rameen_Chewing_Video_Files
245.52,0.1473863056411066,Rameen_Chewing_Video_Files
245.56,0.1170821514961702,Rameen_Chewing_Video_Files
245.6,0.1263006163641422,Rameen_Chewing_Video_Files
245.64,0.1345836150662441,Rameen_Chewing_Video_Files
245.68,0.1290004124522957,Rameen_Chewing_Video_Files
245.72,0.1376577378998817,Rameen_Chewing_Video_Files
245.76,0.2000650922068741,Rameen_Chewing_Video_Files
245.8,2.938637262159922,Rameen_Chewing_Video_Files
245.84,6.332571115209635,Rameen_Chewing_Video_Files
245.88,8.040866995117202,Rameen_Chewing_Video_Files
245.92,8.839766201627576,Rameen_Chewing_Video_Files
245.96,9.503026300068395,Rameen_Chewing_Video_Files
246.0,9.871885998318485,Rameen_Chewing_Video_Files
246.04,9.531750530621808,Rameen_Chewing_Video_Files
246.08,8.589854842187059,Rameen_Chewing_Video_Files
246.12,9.643116849842263,Rameen_Chewing_Video_Files
246.16,11.07528711941,Rameen_Chewing_Video_Files
246.2,9.960669742261269,Rameen_Chewing_Video_Files
246.24,5.213100684140684,Rameen_Chewing_Video_Files
246.28,1.5185841138938565,Rameen_Chewing_Video_Files
246.32,1.1545316014196054,Rameen_Chewing_Video_Files
246.36,1.631274562219112,Rameen_Chewing_Video_Files
246.4,1.4122863432763937,Rameen_Chewing_Video_Files
246.44,1.3068827081106826,Rameen_Chewing_Video_Files
246.48,1.4083895187621098,Rameen_Chewing_Video_Files
246.52,1.267272122982357,Rameen_Chewing_Video_Files
246.56,0.8047719210503118,Rameen_Chewing_Video_Files
246.6,0.7116832413564883,Rameen_Chewing_Video_Files
246.64,12.939510181582955,Rameen_Chewing_Video_Files
246.68,11.638434325132604,Rameen_Chewing_Video_Files
246.72,10.94460402000182,Rameen_Chewing_Video_Files
246.76,10.529837466668246,Rameen_Chewing_Video_Files
246.8,11.887592878859508,Rameen_Chewing_Video_Files
246.84,13.808570911601048,Rameen_Chewing_Video_Files
246.88,18.8919547238739,Rameen_Chewing_Video_Files
246.92,27.569142683409325,Rameen_Chewing_Video_Files
246.96,32.1337691252012,Rameen_Chewing_Video_Files
247.0,34.114216668395635,Rameen_Chewing_Video_Files
247.04,35.70749466687069,Rameen_Chewing_Video_Files
247.08,39.94194913999291,Rameen_Chewing_Video_Files
247.12,45.06697792985594,Rameen_Chewing_Video_Files
247.16,48.924742974344014,Rameen_Chewing_Video_Files
247.2,52.1830827424507,Rameen_Chewing_Video_Files
247.24,54.51258015577108,Rameen_Chewing_Video_Files
247.28,53.6338696962472,Rameen_Chewing_Video_Files
247.32,51.971683099365805,Rameen_Chewing_Video_Files
247.36,51.33364111985052,Rameen_Chewing_Video_Files
247.4,49.33057457631435,Rameen_Chewing_Video_Files
247.44,47.27739771543247,Rameen_Chewing_Video_Files
247.48,36.51980011939951,Rameen_Chewing_Video_Files
247.52,24.56162448612704,Rameen_Chewing_Video_Files
247.56,14.860878055607536,Rameen_Chewing_Video_Files
247.6,12.647020684129972,Rameen_Chewing_Video_Files
247.64,11.227977107806336,Rameen_Chewing_Video_Files
247.68,13.899624207409571,Rameen_Chewing_Video_Files
247.72,14.239905308755274,Rameen_Chewing_Video_Files
247.76,11.9845995376943,Rameen_Chewing_Video_Files
247.8,2.948410610057723,Rameen_Chewing_Video_Files
247.84,0.5334533632169185,Rameen_Chewing_Video_Files
247.88,13.036591842223176,Rameen_Chewing_Video_Files
247.92,8.89233392220787,Rameen_Chewing_Video_Files
247.96,6.598510041237791,Rameen_Chewing_Video_Files
248.0,3.7118790653133766,Rameen_Chewing_Video_Files
248.04,7.790869006878903,Rameen_Chewing_Video_Files
248.08,3.3896882245265405,Rameen_Chewing_Video_Files
248.12,1.8306365203448265,Rameen_Chewing_Video_Files
248.16,3.5882988912878395,Rameen_Chewing_Video_Files
248.2,1.4651299937119109,Rameen_Chewing_Video_Files
248.24,6.985433804928702,Rameen_Chewing_Video_Files
248.28,9.75478318001442,Rameen_Chewing_Video_Files
248.32,7.197077783966014,Rameen_Chewing_Video_Files
248.36,4.6931913240073575,Rameen_Chewing_Video_Files
248.4,3.588336087898166,Rameen_Chewing_Video_Files
248.44,2.727956741961476,Rameen_Chewing_Video_Files
248.48,1.948298302541585,Rameen_Chewing_Video_Files
248.52,2.1224702462285743,Rameen_Chewing_Video_Files
248.56,1.2966453245064091,Rameen_Chewing_Video_Files
248.6,0.9445989878178724,Rameen_Chewing_Video_Files
248.64,0.9961434907082032,Rameen_Chewing_Video_Files
248.68,2.3349442803544225,Rameen_Chewing_Video_Files
248.72,7.655437168649692,Rameen_Chewing_Video_Files
248.76,6.628354395043811,Rameen_Chewing_Video_Files
248.8,4.646486066485055,Rameen_Chewing_Video_Files
248.84,3.943088079791938,Rameen_Chewing_Video_Files
248.88,1.1442282544110756,Rameen_Chewing_Video_Files
248.92,0.6840102238276005,Rameen_Chewing_Video_Files
248.96,0.7120848541165201,Rameen_Chewing_Video_Files
249.0,1.5209680619154842,Rameen_Chewing_Video_Files
249.04,1.8926323712831084,Rameen_Chewing_Video_Files
249.08,2.099678995622849,Rameen_Chewing_Video_Files
249.12,1.639995011513428,Rameen_Chewing_Video_Files
249.16,1.7203075261821366,Rameen_Chewing_Video_Files
249.2,2.319389048257656,Rameen_Chewing_Video_Files
249.24,1.944575981616784,Rameen_Chewing_Video_Files
249.28,3.21800972008793,Rameen_Chewing_Video_Files
249.32,4.811011722321889,Rameen_Chewing_Video_Files
249.36,2.768897760458002,Rameen_Chewing_Video_Files
249.4,3.0187325564000336,Rameen_Chewing_Video_Files
249.44,2.8570519157701937,Rameen_Chewing_Video_Files
249.48,2.3791976965295736,Rameen_Chewing_Video_Files
249.52,3.1197403123062952,Rameen_Chewing_Video_Files
249.56,4.230823791618708,Rameen_Chewing_Video_Files
249.6,4.438916773756625,Rameen_Chewing_Video_Files
249.64,3.6465563818569993,Rameen_Chewing_Video_Files
249.68,4.20047243087891,Rameen_Chewing_Video_Files
249.72,3.719473606561696,Rameen_Chewing_Video_Files
249.76,3.1942532131723,Rameen_Chewing_Video_Files
249.8,3.319487028784664,Rameen_Chewing_Video_Files
249.84,3.161493886651693,Rameen_Chewing_Video_Files
249.88,2.1920067773468928,Rameen_Chewing_Video_Files
249.92,4.597726128249166,Rameen_Chewing_Video_Files
249.96,4.454381789393267,Rameen_Chewing_Video_Files
250.0,2.696256922184916,Rameen_Chewing_Video_Files
250.04,2.102718964959311,Rameen_Chewing_Video_Files
250.08,2.701453609960355,Rameen_Chewing_Video_Files
250.12,4.321829073874975,Rameen_Chewing_Video_Files
250.16,4.797462648218583,Rameen_Chewing_Video_Files
250.2,2.194808564021533,Rameen_Chewing_Video_Files
250.24,2.094444480031305,Rameen_Chewing_Video_Files
250.28,2.159714035530576,Rameen_Chewing_Video_Files
250.32,1.5080438480119074,Rameen_Chewing_Video_Files
250.36,0.8190604666537983,Rameen_Chewing_Video_Files
250.4,1.015037094474627,Rameen_Chewing_Video_Files
250.44,1.4453419434711556,Rameen_Chewing_Video_Files
250.48,2.023044318092051,Rameen_Chewing_Video_Files
250.52,2.28998397680782,Rameen_Chewing_Video_Files
250.56,3.1753795954196837,Rameen_Chewing_Video_Files
250.6,6.476339917522665,Rameen_Chewing_Video_Files
250.64,9.313545217954411,Rameen_Chewing_Video_Files
250.68,6.26509726841131,Rameen_Chewing_Video_Files
250.72,6.643671286792787,Rameen_Chewing_Video_Files
250.76,3.742153070918668,Rameen_Chewing_Video_Files
250.8,2.817801099284339,Rameen_Chewing_Video_Files
250.84,1.5545036968473642,Rameen_Chewing_Video_Files
250.88,0.97946735794021,Rameen_Chewing_Video_Files
250.92,1.429334406515251,Rameen_Chewing_Video_Files
250.96,0.9550450349742202,Rameen_Chewing_Video_Files
251.0,1.0193912116015615,Rameen_Chewing_Video_Files
251.04,0.5488625566356504,Rameen_Chewing_Video_Files
251.08,0.607086623925475,Rameen_Chewing_Video_Files
251.12,2.0708154916938697,Rameen_Chewing_Video_Files
251.16,2.038261483900644,Rameen_Chewing_Video_Files
251.2,2.438259691586244,Rameen_Chewing_Video_Files
251.24,1.2734735716636232,Rameen_Chewing_Video_Files
251.28,1.1279144476134129,Rameen_Chewing_Video_Files
251.32,5.106393463698496,Rameen_Chewing_Video_Files
251.36,5.878816420629139,Rameen_Chewing_Video_Files
251.4,1.433761151740013,Rameen_Chewing_Video_Files
251.44,0.8269168761596585,Rameen_Chewing_Video_Files
251.48,1.006896472760421,Rameen_Chewing_Video_Files
251.52,1.1360679654933046,Rameen_Chewing_Video_Files
251.56,1.3168667394654587,Rameen_Chewing_Video_Files
251.6,0.9499544353443296,Rameen_Chewing_Video_Files
251.64,1.0299551392531685,Rameen_Chewing_Video_Files
251.68,2.5741275621542266,Rameen_Chewing_Video_Files
251.72,1.7511931980712443,Rameen_Chewing_Video_Files
251.76,2.688277207222721,Rameen_Chewing_Video_Files
251.8,1.9883855436838047,Rameen_Chewing_Video_Files
251.84,1.314759649924678,Rameen_Chewing_Video_Files
251.88,2.0236827531881025,Rameen_Chewing_Video_Files
251.92,1.271988036815262,Rameen_Chewing_Video_Files
251.96,1.225458837102374,Rameen_Chewing_Video_Files
252.0,1.4307831983070098,Rameen_Chewing_Video_Files
252.04,1.3940374083680016,Rameen_Chewing_Video_Files
252.08,1.4614574857789238,Rameen_Chewing_Video_Files
252.12,1.8476418365051928,Rameen_Chewing_Video_Files
252.16,4.477846790217357,Rameen_Chewing_Video_Files
252.2,9.529548208951464,Rameen_Chewing_Video_Files
252.24,8.023748625555086,Rameen_Chewing_Video_Files
252.28,5.268985438261134,Rameen_Chewing_Video_Files
252.32,2.8388930333620186,Rameen_Chewing_Video_Files
252.36,1.36901433519598,Rameen_Chewing_Video_Files
252.4,1.0984134756873023,Rameen_Chewing_Video_Files
252.44,0.9051478564651048,Rameen_Chewing_Video_Files
252.48,1.1393978055445495,Rameen_Chewing_Video_Files
252.52,1.127064389991839,Rameen_Chewing_Video_Files
252.56,1.1202547947628965,Rameen_Chewing_Video_Files
252.6,1.2204188294552714,Rameen_Chewing_Video_Files
252.64,1.3177443577921577,Rameen_Chewing_Video_Files
252.68,1.6389160027549072,Rameen_Chewing_Video_Files
252.72,1.5624582571644394,Rameen_Chewing_Video_Files
252.76,1.351870867630564,Rameen_Chewing_Video_Files
252.8,1.2307300034831397,Rameen_Chewing_Video_Files
252.84,0.9482550223925174,Rameen_Chewing_Video_Files
252.88,1.260818422773736,Rameen_Chewing_Video_Files
252.92,2.1149581486694142,Rameen_Chewing_Video_Files
252.96,1.6715971054125147,Rameen_Chewing_Video_Files
253.0,2.1378622305370185,Rameen_Chewing_Video_Files
253.04,3.8807602192736153,Rameen_Chewing_Video_Files
253.08,5.080594874121304,Rameen_Chewing_Video_Files
253.12,2.746034977597774,Rameen_Chewing_Video_Files
253.16,1.3524747105465722,Rameen_Chewing_Video_Files
253.2,0.8505247932851009,Rameen_Chewing_Video_Files
253.24,1.0778026167585537,Rameen_Chewing_Video_Files
253.28,0.7136296701988514,Rameen_Chewing_Video_Files
253.32,0.6647338544625445,Rameen_Chewing_Video_Files
253.36,0.6473051215170634,Rameen_Chewing_Video_Files
253.4,0.6994787617581942,Rameen_Chewing_Video_Files
253.44,0.6907860000622392,Rameen_Chewing_Video_Files
253.48,0.7906166217196566,Rameen_Chewing_Video_Files
253.52,0.7944132053941547,Rameen_Chewing_Video_Files
253.56,0.7645903955603215,Rameen_Chewing_Video_Files
253.6,0.8125152481238282,Rameen_Chewing_Video_Files
253.64,0.8974588957269707,Rameen_Chewing_Video_Files
253.68,1.400518364627231,Rameen_Chewing_Video_Files
253.72,5.483894455912773,Rameen_Chewing_Video_Files
253.76,4.338590038334174,Rameen_Chewing_Video_Files
253.8,5.099731774617202,Rameen_Chewing_Video_Files
253.84,3.3214794182906,Rameen_Chewing_Video_Files
253.88,1.620392343330045,Rameen_Chewing_Video_Files
253.92,1.362158341156847,Rameen_Chewing_Video_Files
253.96,1.3307706076540151,Rameen_Chewing_Video_Files
254.0,1.4573844152678854,Rameen_Chewing_Video_Files
254.04,2.6117673205893293,Rameen_Chewing_Video_Files
254.08,2.1553978368052653,Rameen_Chewing_Video_Files
254.12,1.527216724862029,Rameen_Chewing_Video_Files
254.16,1.0366185451008272,Rameen_Chewing_Video_Files
254.2,0.9455036996013456,Rameen_Chewing_Video_Files
254.24,0.8795575861428648,Rameen_Chewing_Video_Files
254.28,1.5642268713456748,Rameen_Chewing_Video_Files
254.32,1.9162418922853317,Rameen_Chewing_Video_Files
254.36,2.9866527953995137,Rameen_Chewing_Video_Files
254.4,3.23124701536697,Rameen_Chewing_Video_Files
254.44,2.355192435918633,Rameen_Chewing_Video_Files
254.48,6.062348817229581,Rameen_Chewing_Video_Files
254.52,2.528699180549432,Rameen_Chewing_Video_Files
254.56,1.4148160135143253,Rameen_Chewing_Video_Files
254.6,1.161452381563047,Rameen_Chewing_Video_Files
254.64,1.0605271463445551,Rameen_Chewing_Video_Files
254.68,1.3881040395025968,Rameen_Chewing_Video_Files
254.72,2.6591519761817684,Rameen_Chewing_Video_Files
254.76,1.5760514266525547,Rameen_Chewing_Video_Files
254.8,0.9606418194769014,Rameen_Chewing_Video_Files
254.84,0.6320682869776865,Rameen_Chewing_Video_Files
254.88,0.3120242582332603,Rameen_Chewing_Video_Files
254.92,0.276238740709162,Rameen_Chewing_Video_Files
254.96,0.3928767152334488,Rameen_Chewing_Video_Files
255.0,0.5240303544756608,Rameen_Chewing_Video_Files
255.04,0.701810623220812,Rameen_Chewing_Video_Files
255.08,0.7720502937318662,Rameen_Chewing_Video_Files
255.12,0.7985924620839463,Rameen_Chewing_Video_Files
255.16,0.7570757972660079,Rameen_Chewing_Video_Files
255.2,0.5908280807567661,Rameen_Chewing_Video_Files
255.24,0.5999321755260639,Rameen_Chewing_Video_Files
255.28,0.5257419550509181,Rameen_Chewing_Video_Files
255.32,2.263014368422163,Rameen_Chewing_Video_Files
255.36,4.073328648471758,Rameen_Chewing_Video_Files
255.4,5.975566329230431,Rameen_Chewing_Video_Files
255.44,6.419688411479156,Rameen_Chewing_Video_Files
255.48,5.025787410304897,Rameen_Chewing_Video_Files
255.52,2.174707519554562,Rameen_Chewing_Video_Files
255.56,1.46937655059926,Rameen_Chewing_Video_Files
255.6,1.0896128657586674,Rameen_Chewing_Video_Files
255.64,1.0905968502491858,Rameen_Chewing_Video_Files
255.68,2.195447157677101,Rameen_Chewing_Video_Files
255.72,1.1515044295621124,Rameen_Chewing_Video_Files
255.76,0.5671671987996191,Rameen_Chewing_Video_Files
255.8,0.5243811925086199,Rameen_Chewing_Video_Files
255.84,0.4000929529514717,Rameen_Chewing_Video_Files
255.88,0.3808513531237433,Rameen_Chewing_Video_Files
255.92,0.4231012649285875,Rameen_Chewing_Video_Files
255.96,0.4855815745069021,Rameen_Chewing_Video_Files
256.0,0.4999057930134607,Rameen_Chewing_Video_Files
256.04,0.5203441664477327,Rameen_Chewing_Video_Files
256.08,0.5469104710139819,Rameen_Chewing_Video_Files
256.12,0.5477243663641528,Rameen_Chewing_Video_Files
256.16,0.9050675129847005,Rameen_Chewing_Video_Files
256.2,1.1907101819791202,Rameen_Chewing_Video_Files
256.24,1.128838740977637,Rameen_Chewing_Video_Files
256.28,0.9717796916563164,Rameen_Chewing_Video_Files
256.32,1.348420006428389,Rameen_Chewing_Video_Files
256.36,0.7331129432502981,Rameen_Chewing_Video_Files
256.4,0.7720549700065386,Rameen_Chewing_Video_Files
256.44,0.72475563859162,Rameen_Chewing_Video_Files
256.48,0.555371701609648,Rameen_Chewing_Video_Files
256.52,0.482869118683097,Rameen_Chewing_Video_Files
256.56,0.4591918285949241,Rameen_Chewing_Video_Files
256.6,0.4593865120558978,Rameen_Chewing_Video_Files
256.64,0.4730920775246723,Rameen_Chewing_Video_Files
256.68,0.5152543951746199,Rameen_Chewing_Video_Files
256.72,0.5196586174995389,Rameen_Chewing_Video_Files
256.76,0.5254370605922412,Rameen_Chewing_Video_Files
256.8,0.5624463011315698,Rameen_Chewing_Video_Files
256.84,0.6127320253875085,Rameen_Chewing_Video_Files
256.88,0.5534258693595099,Rameen_Chewing_Video_Files
256.92,0.8528728979890836,Rameen_Chewing_Video_Files
256.96,2.0315068368196747,Rameen_Chewing_Video_Files
257.0,3.1829218475066976,Rameen_Chewing_Video_Files
257.04,1.7935455785068162,Rameen_Chewing_Video_Files
257.08,1.295048108822837,Rameen_Chewing_Video_Files
257.12,2.150149347190375,Rameen_Chewing_Video_Files
257.16,3.1047680856589994,Rameen_Chewing_Video_Files
257.2,3.0580771121828416,Rameen_Chewing_Video_Files
257.24,2.330259190630459,Rameen_Chewing_Video_Files
257.28,1.1954779807334812,Rameen_Chewing_Video_Files
257.32,0.7859569943075317,Rameen_Chewing_Video_Files
257.36,0.6795141109049458,Rameen_Chewing_Video_Files
257.4,0.5995047066730403,Rameen_Chewing_Video_Files
257.44,0.5815462617878249,Rameen_Chewing_Video_Files
257.48,0.5569553427499373,Rameen_Chewing_Video_Files
257.52,0.5943314882213797,Rameen_Chewing_Video_Files
257.56,0.6157286079529938,Rameen_Chewing_Video_Files
257.6,0.6511491282707697,Rameen_Chewing_Video_Files
257.64,0.6817273862501221,Rameen_Chewing_Video_Files
257.68,0.6126836073246665,Rameen_Chewing_Video_Files
257.72,0.7902881166007565,Rameen_Chewing_Video_Files
257.76,3.454823515991845,Rameen_Chewing_Video_Files
257.8,1.4303662616776858,Rameen_Chewing_Video_Files
257.84,0.9447057505687738,Rameen_Chewing_Video_Files
257.88,0.897749864305871,Rameen_Chewing_Video_Files
257.92,0.5842234787251411,Rameen_Chewing_Video_Files
257.96,0.3109446642778884,Rameen_Chewing_Video_Files
258.0,0.3203738444907508,Rameen_Chewing_Video_Files
258.04,0.386480429445401,Rameen_Chewing_Video_Files
258.08,0.3935196392263332,Rameen_Chewing_Video_Files
258.12,0.3903062590330748,Rameen_Chewing_Video_Files
258.16,0.3672173777972706,Rameen_Chewing_Video_Files
258.2,0.3422670775605123,Rameen_Chewing_Video_Files
258.24,0.3540342257316396,Rameen_Chewing_Video_Files
258.28,0.3710700706131378,Rameen_Chewing_Video_Files
258.32,0.3882431380657531,Rameen_Chewing_Video_Files
258.36,0.4528962966998294,Rameen_Chewing_Video_Files
258.4,0.3534191258857037,Rameen_Chewing_Video_Files
258.44,0.640606508926079,Rameen_Chewing_Video_Files
258.48,1.699422745149149,Rameen_Chewing_Video_Files
258.52,1.1848480575614808,Rameen_Chewing_Video_Files
258.56,1.0552167258418512,Rameen_Chewing_Video_Files
258.6,1.102548146563172,Rameen_Chewing_Video_Files
258.64,2.255198686717947,Rameen_Chewing_Video_Files
258.68,1.5590150315695284,Rameen_Chewing_Video_Files
258.72,0.6645497459147893,Rameen_Chewing_Video_Files
258.76,0.5689363873634163,Rameen_Chewing_Video_Files
258.8,0.58531356817896,Rameen_Chewing_Video_Files
258.84,0.5911080080644915,Rameen_Chewing_Video_Files
258.88,0.5835020145934863,Rameen_Chewing_Video_Files
258.92,0.5726820034942139,Rameen_Chewing_Video_Files
258.96,0.5863777931087736,Rameen_Chewing_Video_Files
259.0,0.6250978438030321,Rameen_Chewing_Video_Files
259.04,0.6487635794709499,Rameen_Chewing_Video_Files
259.08,0.6654691105753873,Rameen_Chewing_Video_Files
259.12,0.5657112252951811,Rameen_Chewing_Video_Files
259.16,0.6748220926088118,Rameen_Chewing_Video_Files
259.2,0.8860613926365415,Rameen_Chewing_Video_Files
259.24,1.0402539507345585,Rameen_Chewing_Video_Files
259.28,0.7677405944044019,Rameen_Chewing_Video_Files
259.32,0.8657963152817425,Rameen_Chewing_Video_Files
259.36,0.786245509956318,Rameen_Chewing_Video_Files
259.4,0.7181850875939297,Rameen_Chewing_Video_Files
259.44,0.4690906339936164,Rameen_Chewing_Video_Files
259.48,0.3716151963586772,Rameen_Chewing_Video_Files
259.52,0.329141957113154,Rameen_Chewing_Video_Files
259.56,0.3865396016316439,Rameen_Chewing_Video_Files
259.6,0.4080869618530613,Rameen_Chewing_Video_Files
259.64,0.4540593022223722,Rameen_Chewing_Video_Files
259.68,0.4434862341498866,Rameen_Chewing_Video_Files
259.72,0.4565684964347344,Rameen_Chewing_Video_Files
259.76,0.4665477861495589,Rameen_Chewing_Video_Files
259.8,0.4549660838630712,Rameen_Chewing_Video_Files
259.84,0.4431687506341754,Rameen_Chewing_Video_Files
259.88,0.5655676912239456,Rameen_Chewing_Video_Files
259.92,1.0911584354794377,Rameen_Chewing_Video_Files
259.96,1.041567813357706,Rameen_Chewing_Video_Files
260.0,0.9393838353154847,Rameen_Chewing_Video_Files
260.04,0.8341688788652892,Rameen_Chewing_Video_Files
260.08,1.063558057159978,Rameen_Chewing_Video_Files
260.12,0.7657190509989673,Rameen_Chewing_Video_Files
260.16,0.5154932432145142,Rameen_Chewing_Video_Files
260.2,0.4794140649554817,Rameen_Chewing_Video_Files
260.24,0.5260828378740823,Rameen_Chewing_Video_Files
260.28,0.5428684196082401,Rameen_Chewing_Video_Files
260.32,0.5336198273451505,Rameen_Chewing_Video_Files
260.36,0.5247778536968609,Rameen_Chewing_Video_Files
260.4,0.5028940012305624,Rameen_Chewing_Video_Files
260.44,0.4712493549094184,Rameen_Chewing_Video_Files
260.48,0.4567322707697359,Rameen_Chewing_Video_Files
260.52,0.487674282448694,Rameen_Chewing_Video_Files
260.56,0.61381162630478,Rameen_Chewing_Video_Files
260.6,0.9959718253025532,Rameen_Chewing_Video_Files
260.64,0.8625164385777033,Rameen_Chewing_Video_Files
260.68,0.8622296287233876,Rameen_Chewing_Video_Files
260.72,0.9269632810191788,Rameen_Chewing_Video_Files
260.76,0.9017922265551036,Rameen_Chewing_Video_Files
260.8,2.0667684940696174,Rameen_Chewing_Video_Files
260.84,2.0563781401201084,Rameen_Chewing_Video_Files
260.88,1.8808617075177017,Rameen_Chewing_Video_Files
260.92,1.1795224927683308,Rameen_Chewing_Video_Files
260.96,0.8128902608276403,Rameen_Chewing_Video_Files
261.0,0.6241197147655019,Rameen_Chewing_Video_Files
261.04,0.5280277446834066,Rameen_Chewing_Video_Files
261.08,0.5183774572768468,Rameen_Chewing_Video_Files
261.12,0.5852741933323466,Rameen_Chewing_Video_Files
261.16,0.6774946854446228,Rameen_Chewing_Video_Files
261.2,0.7641723472693985,Rameen_Chewing_Video_Files
261.24,0.7763658918622824,Rameen_Chewing_Video_Files
261.28,0.4834838290629872,Rameen_Chewing_Video_Files
261.32,0.0586367062536492,Rameen_Chewing_Video_Files
261.36,0.0933549086054091,Rameen_Chewing_Video_Files
261.4,0.0258200980872087,Rameen_Chewing_Video_Files
261.44,0.1605727003011629,Rameen_Chewing_Video_Files
261.48,0.2628548641544211,Rameen_Chewing_Video_Files
261.52,0.2089490272940403,Rameen_Chewing_Video_Files
261.56,0.3495577185977699,Rameen_Chewing_Video_Files
261.6,0.424422853507793,Rameen_Chewing_Video_Files
261.64,0.7813552181774607,Rameen_Chewing_Video_Files
261.68,1.3388946713500216,Rameen_Chewing_Video_Files
261.72,4.67618894099928,Rameen_Chewing_Video_Files
261.76,9.014744419253429,Rameen_Chewing_Video_Files
261.8,12.5587886975088,Rameen_Chewing_Video_Files
261.84,14.682979393182308,Rameen_Chewing_Video_Files
261.88,14.59236119301092,Rameen_Chewing_Video_Files
261.92,12.877697232621507,Rameen_Chewing_Video_Files
261.96,11.64259376163602,Rameen_Chewing_Video_Files
262.0,10.909867048084834,Rameen_Chewing_Video_Files
262.04,10.121834282445269,Rameen_Chewing_Video_Files
262.08,8.527012776832846,Rameen_Chewing_Video_Files
262.12,2.490211442025587,Rameen_Chewing_Video_Files
262.16,0.5472689514308597,Rameen_Chewing_Video_Files
262.2,0.1577164827798307,Rameen_Chewing_Video_Files
262.24,0.2414374007004625,Rameen_Chewing_Video_Files
262.28,0.2481635016178322,Rameen_Chewing_Video_Files
262.32,0.4303777322322159,Rameen_Chewing_Video_Files
262.36,0.2423811532969259,Rameen_Chewing_Video_Files
262.4,0.1675825479136766,Rameen_Chewing_Video_Files
262.44,0.3792554141247841,Rameen_Chewing_Video_Files
262.48,0.446929376598735,Rameen_Chewing_Video_Files
262.52,0.5408841469664046,Rameen_Chewing_Video_Files
262.56,0.3245998377948594,Rameen_Chewing_Video_Files
262.6,0.6844609934869342,Rameen_Chewing_Video_Files
262.64,1.0156026317137428,Rameen_Chewing_Video_Files
262.68,1.096837471601578,Rameen_Chewing_Video_Files
262.72,0.8131838975588199,Rameen_Chewing_Video_Files
262.76,0.9726126259022462,Rameen_Chewing_Video_Files
262.8,1.2723965339906664,Rameen_Chewing_Video_Files
262.84,1.600800084608598,Rameen_Chewing_Video_Files
262.88,1.3790512373248178,Rameen_Chewing_Video_Files
262.92,1.813158418216916,Rameen_Chewing_Video_Files
262.96,0.7471107220414596,Rameen_Chewing_Video_Files
263.0,0.4074976541219817,Rameen_Chewing_Video_Files
263.04,0.3679814833404307,Rameen_Chewing_Video_Files
263.08,0.4262739036953173,Rameen_Chewing_Video_Files
263.12,0.2268299769225705,Rameen_Chewing_Video_Files
263.16,0.1714708606842692,Rameen_Chewing_Video_Files
263.2,0.2034318399855719,Rameen_Chewing_Video_Files
263.24,0.2222714021759043,Rameen_Chewing_Video_Files
263.28,0.2896506209289395,Rameen_Chewing_Video_Files
263.32,0.1564368291914732,Rameen_Chewing_Video_Files
263.36,0.4210706618151529,Rameen_Chewing_Video_Files
263.4,0.6825972373522613,Rameen_Chewing_Video_Files
263.44,0.7212185776096021,Rameen_Chewing_Video_Files
263.48,2.0556357098367544,Rameen_Chewing_Video_Files
263.52,1.3270394189974264,Rameen_Chewing_Video_Files
263.56,0.8995214126015081,Rameen_Chewing_Video_Files
263.6,0.8724645790399951,Rameen_Chewing_Video_Files
263.64,1.4257871947041214,Rameen_Chewing_Video_Files
263.68,1.9025545471349128,Rameen_Chewing_Video_Files
263.72,1.3194352568838783,Rameen_Chewing_Video_Files
263.76,1.1606957427234252,Rameen_Chewing_Video_Files
263.8,0.9549841914715672,Rameen_Chewing_Video_Files
263.84,0.7015601544311617,Rameen_Chewing_Video_Files
263.88,0.5415013310916096,Rameen_Chewing_Video_Files
263.92,0.3239117790211596,Rameen_Chewing_Video_Files
263.96,0.2925681789646127,Rameen_Chewing_Video_Files
264.0,0.2666812030697711,Rameen_Chewing_Video_Files
264.04,0.2095137635324847,Rameen_Chewing_Video_Files
264.08,0.2001944734561051,Rameen_Chewing_Video_Files
264.12,0.1986821561686196,Rameen_Chewing_Video_Files
264.16,0.2094685721132113,Rameen_Chewing_Video_Files
264.2,0.1859441306046309,Rameen_Chewing_Video_Files
264.24,0.1576130396065695,Rameen_Chewing_Video_Files
264.28,0.1163395089816732,Rameen_Chewing_Video_Files
264.32,0.526549264413669,Rameen_Chewing_Video_Files
264.36,0.6564868422877174,Rameen_Chewing_Video_Files
264.4,0.7744862271248713,Rameen_Chewing_Video_Files
264.44,0.82021131226912,Rameen_Chewing_Video_Files
264.48,0.8474972777503957,Rameen_Chewing_Video_Files
264.52,0.8652700222160533,Rameen_Chewing_Video_Files
264.56,0.8068367242939132,Rameen_Chewing_Video_Files
264.6,1.788487121967071,Rameen_Chewing_Video_Files
264.64,2.414121876060024,Rameen_Chewing_Video_Files
264.68,1.563315698949356,Rameen_Chewing_Video_Files
264.72,1.0963386845858307,Rameen_Chewing_Video_Files
264.76,0.9273190730010732,Rameen_Chewing_Video_Files
264.8,0.854459900238043,Rameen_Chewing_Video_Files
264.84,0.8983421336313947,Rameen_Chewing_Video_Files
264.88,0.7267003342859509,Rameen_Chewing_Video_Files
264.92,0.6206176293852675,Rameen_Chewing_Video_Files
264.96,0.4808011853331055,Rameen_Chewing_Video_Files
265.0,0.4388420269539725,Rameen_Chewing_Video_Files
265.04,0.4906283734627373,Rameen_Chewing_Video_Files
265.08,0.5128938704298699,Rameen_Chewing_Video_Files
265.12,0.5837864432718043,Rameen_Chewing_Video_Files
265.16,0.7066655530745093,Rameen_Chewing_Video_Files
265.2,0.5716848428895802,Rameen_Chewing_Video_Files
265.24,0.4556967708453657,Rameen_Chewing_Video_Files
265.28,0.423373904089349,Rameen_Chewing_Video_Files
265.32,0.4543220461840719,Rameen_Chewing_Video_Files
265.36,0.4889083000887453,Rameen_Chewing_Video_Files
265.4,3.30539881548452,Rameen_Chewing_Video_Files
265.44,5.205371412653685,Rameen_Chewing_Video_Files
265.48,6.694688096972814,Rameen_Chewing_Video_Files
265.52,6.630133896710281,Rameen_Chewing_Video_Files
265.56,6.64200333634341,Rameen_Chewing_Video_Files
265.6,6.674286794617554,Rameen_Chewing_Video_Files
265.64,6.656892504164911,Rameen_Chewing_Video_Files
265.68,6.655128134402666,Rameen_Chewing_Video_Files
265.72,4.810962671692115,Rameen_Chewing_Video_Files
265.76,2.8226315064868426,Rameen_Chewing_Video_Files
265.8,1.9007155390228807,Rameen_Chewing_Video_Files
265.84,1.2971368024478795,Rameen_Chewing_Video_Files
265.88,0.7890527400484744,Rameen_Chewing_Video_Files
265.92,0.5894780910138729,Rameen_Chewing_Video_Files
265.96,0.5303405356260901,Rameen_Chewing_Video_Files
266.0,0.4634162680325315,Rameen_Chewing_Video_Files
266.04,0.412643145736536,Rameen_Chewing_Video_Files
266.08,0.3813782192386866,Rameen_Chewing_Video_Files
266.12,0.3245406832779897,Rameen_Chewing_Video_Files
266.16,0.2909876394752418,Rameen_Chewing_Video_Files
266.2,0.2529219330311562,Rameen_Chewing_Video_Files
266.24,0.2578707137955148,Rameen_Chewing_Video_Files
266.28,0.2558442257740412,Rameen_Chewing_Video_Files
266.32,0.5565142814926523,Rameen_Chewing_Video_Files
266.36,1.4203189579727784,Rameen_Chewing_Video_Files
266.4,1.8053529370980497,Rameen_Chewing_Video_Files
266.44,1.421111549120832,Rameen_Chewing_Video_Files
266.48,1.374206478448342,Rameen_Chewing_Video_Files
266.52,1.1464599634284205,Rameen_Chewing_Video_Files
266.56,2.82182088443191,Rameen_Chewing_Video_Files
266.6,1.3263925743032756,Rameen_Chewing_Video_Files
266.64,0.9254984576291326,Rameen_Chewing_Video_Files
266.68,0.6919882740573072,Rameen_Chewing_Video_Files
266.72,0.6617850016161642,Rameen_Chewing_Video_Files
266.76,0.6789237806310234,Rameen_Chewing_Video_Files
266.8,0.7348393529247965,Rameen_Chewing_Video_Files
266.84,0.8174446479109655,Rameen_Chewing_Video_Files
266.88,0.8403938331458042,Rameen_Chewing_Video_Files
266.92,0.7974738412983766,Rameen_Chewing_Video_Files
266.96,0.7683726580318767,Rameen_Chewing_Video_Files
267.0,0.6639897665717097,Rameen_Chewing_Video_Files
267.04,0.6965834621770045,Rameen_Chewing_Video_Files
267.08,0.7289478241072427,Rameen_Chewing_Video_Files
267.12,0.7512970479358786,Rameen_Chewing_Video_Files
267.16,0.6868023384819872,Rameen_Chewing_Video_Files
267.2,0.6246980868875367,Rameen_Chewing_Video_Files
267.24,0.5819284390094444,Rameen_Chewing_Video_Files
267.28,0.5626363186368023,Rameen_Chewing_Video_Files
267.32,0.5169795932702473,Rameen_Chewing_Video_Files
267.36,0.4164064028644723,Rameen_Chewing_Video_Files
267.4,0.3297055062747274,Rameen_Chewing_Video_Files
267.44,0.3122036233542464,Rameen_Chewing_Video_Files
267.48,0.3033950277527408,Rameen_Chewing_Video_Files
267.52,0.3200909859046803,Rameen_Chewing_Video_Files
267.56,0.4194749913926431,Rameen_Chewing_Video_Files
267.6,3.0483923700464075,Rameen_Chewing_Video_Files
267.64,5.938901984738079,Rameen_Chewing_Video_Files
267.68,8.489542693128703,Rameen_Chewing_Video_Files
267.72,13.616036635409468,Rameen_Chewing_Video_Files
267.76,16.539541115834208,Rameen_Chewing_Video_Files
267.8,16.46891859749164,Rameen_Chewing_Video_Files
267.84,16.61031373444744,Rameen_Chewing_Video_Files
267.88,21.88801509094888,Rameen_Chewing_Video_Files
267.92,23.90672567813361,Rameen_Chewing_Video_Files
267.96,31.732259534199677,Rameen_Chewing_Video_Files
268.0,36.51672659152686,Rameen_Chewing_Video_Files
268.04,42.52252378550412,Rameen_Chewing_Video_Files
268.08,46.9058717478666,Rameen_Chewing_Video_Files
268.12,49.2679624113345,Rameen_Chewing_Video_Files
268.16,53.12441163486633,Rameen_Chewing_Video_Files
268.2,55.6529979296862,Rameen_Chewing_Video_Files
268.24,55.15779257350237,Rameen_Chewing_Video_Files
268.28,52.56308037124146,Rameen_Chewing_Video_Files
268.32,47.955101913944645,Rameen_Chewing_Video_Files
268.36,25.2237185954381,Rameen_Chewing_Video_Files
268.4,17.28283174037511,Rameen_Chewing_Video_Files
268.44,11.658248532412609,Rameen_Chewing_Video_Files
268.48,7.346327011955151,Rameen_Chewing_Video_Files
268.52,9.274239107771512,Rameen_Chewing_Video_Files
268.56,10.132618271329363,Rameen_Chewing_Video_Files
268.6,16.30681938481594,Rameen_Chewing_Video_Files
268.64,16.50323491367416,Rameen_Chewing_Video_Files
268.68,10.584342391115598,Rameen_Chewing_Video_Files
268.72,6.985006738115051,Rameen_Chewing_Video_Files
268.76,2.686578848205259,Rameen_Chewing_Video_Files
268.8,1.3013193625973314,Rameen_Chewing_Video_Files
268.84,2.0972395752885693,Rameen_Chewing_Video_Files
268.88,3.8998740775105714,Rameen_Chewing_Video_Files
268.92,5.228019442225601,Rameen_Chewing_Video_Files
268.96,4.019006230010052,Rameen_Chewing_Video_Files
269.0,5.457140257425397,Rameen_Chewing_Video_Files
269.04,7.313697819928103,Rameen_Chewing_Video_Files
269.08,8.498394109661405,Rameen_Chewing_Video_Files
269.12,5.750308346996444,Rameen_Chewing_Video_Files
269.16,5.5106209099006325,Rameen_Chewing_Video_Files
269.2,5.168855572430294,Rameen_Chewing_Video_Files
269.24,2.975357237522981,Rameen_Chewing_Video_Files
269.28,2.317578804780371,Rameen_Chewing_Video_Files
269.32,2.4683355191894782,Rameen_Chewing_Video_Files
269.36,3.621296795278848,Rameen_Chewing_Video_Files
269.4,3.6779526485549097,Rameen_Chewing_Video_Files
269.44,3.12924967021946,Rameen_Chewing_Video_Files
269.48,3.3782093984753065,Rameen_Chewing_Video_Files
269.52,2.2248433712100235,Rameen_Chewing_Video_Files
269.56,2.079797878291116,Rameen_Chewing_Video_Files
269.6,8.71174477058981,Rameen_Chewing_Video_Files
269.64,4.205976680542865,Rameen_Chewing_Video_Files
269.68,3.2439006379071467,Rameen_Chewing_Video_Files
269.72,4.082590664992392,Rameen_Chewing_Video_Files
269.76,2.293120293450883,Rameen_Chewing_Video_Files
269.8,1.7873397834044529,Rameen_Chewing_Video_Files
269.84,1.4447800852708998,Rameen_Chewing_Video_Files
269.88,1.1107394699467938,Rameen_Chewing_Video_Files
269.92,1.220953961208479,Rameen_Chewing_Video_Files
269.96,1.618168989059929,Rameen_Chewing_Video_Files
270.0,2.1879558714917,Rameen_Chewing_Video_Files
270.04,1.9789069351109532,Rameen_Chewing_Video_Files
270.08,1.7278024710593751,Rameen_Chewing_Video_Files
270.12,1.2343273789994609,Rameen_Chewing_Video_Files
270.16,7.855726910349009,Rameen_Chewing_Video_Files
270.2,3.363189921263042,Rameen_Chewing_Video_Files
270.24,0.905648723144972,Rameen_Chewing_Video_Files
270.28,1.632102823141587,Rameen_Chewing_Video_Files
270.32,2.4585583283390093,Rameen_Chewing_Video_Files
270.36,2.415641991060688,Rameen_Chewing_Video_Files
270.4,3.3596449359304725,Rameen_Chewing_Video_Files
270.44,3.653954906165764,Rameen_Chewing_Video_Files
270.48,3.652988474834869,Rameen_Chewing_Video_Files
270.52,2.687839041981931,Rameen_Chewing_Video_Files
270.56,1.8643865652888496,Rameen_Chewing_Video_Files
270.6,1.3072308207815264,Rameen_Chewing_Video_Files
270.64,0.9674337154817289,Rameen_Chewing_Video_Files
270.68,0.7789528638585247,Rameen_Chewing_Video_Files
270.72,0.6649636807695106,Rameen_Chewing_Video_Files
270.76,0.7630675390877706,Rameen_Chewing_Video_Files
270.8,3.2007952400459327,Rameen_Chewing_Video_Files
270.84,3.28423228306514,Rameen_Chewing_Video_Files
270.88,1.7113764108824294,Rameen_Chewing_Video_Files
270.92,0.939900933050738,Rameen_Chewing_Video_Files
270.96,1.131805729839628,Rameen_Chewing_Video_Files
271.0,3.055221914687173,Rameen_Chewing_Video_Files
271.04,2.1789137589889407,Rameen_Chewing_Video_Files
271.08,1.0134644141184752,Rameen_Chewing_Video_Files
271.12,0.4336906388460625,Rameen_Chewing_Video_Files
271.16,0.2271295036161108,Rameen_Chewing_Video_Files
271.2,0.2205162296133146,Rameen_Chewing_Video_Files
271.24,0.2926546793800211,Rameen_Chewing_Video_Files
271.28,0.3218423314001502,Rameen_Chewing_Video_Files
271.32,0.1239787384133118,Rameen_Chewing_Video_Files
271.36,0.0598438469960854,Rameen_Chewing_Video_Files
271.4,0.0922552071570633,Rameen_Chewing_Video_Files
271.44,0.1500088964134734,Rameen_Chewing_Video_Files
271.48,0.6482188510843613,Rameen_Chewing_Video_Files
271.52,0.6575565228147235,Rameen_Chewing_Video_Files
271.56,0.5486948149074434,Rameen_Chewing_Video_Files
271.6,0.5182080425454363,Rameen_Chewing_Video_Files
271.64,0.2970441039271958,Rameen_Chewing_Video_Files
271.68,0.1466755737556542,Rameen_Chewing_Video_Files
271.72,0.1945012888790782,Rameen_Chewing_Video_Files
271.76,0.1867732777321888,Rameen_Chewing_Video_Files
271.8,1.2095446956182263,Rameen_Chewing_Video_Files
271.84,1.6077671207350466,Rameen_Chewing_Video_Files
271.88,0.7610018889235777,Rameen_Chewing_Video_Files
271.92,0.3838944953884378,Rameen_Chewing_Video_Files
271.96,0.2072398961089888,Rameen_Chewing_Video_Files
272.0,0.1454226535991842,Rameen_Chewing_Video_Files
272.04,0.1299229271775734,Rameen_Chewing_Video_Files
272.08,0.1273535182415529,Rameen_Chewing_Video_Files
272.12,0.123021967449914,Rameen_Chewing_Video_Files
272.16,0.1197648265541981,Rameen_Chewing_Video_Files
272.2,0.1093102983519654,Rameen_Chewing_Video_Files
272.24,0.1181650300285891,Rameen_Chewing_Video_Files
272.28,0.1200037344030263,Rameen_Chewing_Video_Files
272.32,0.120807255656486,Rameen_Chewing_Video_Files
272.36,0.1158506731979405,Rameen_Chewing_Video_Files
272.4,0.132997657573273,Rameen_Chewing_Video_Files
272.44,0.1490334813663772,Rameen_Chewing_Video_Files
272.48,0.1443523586945402,Rameen_Chewing_Video_Files
272.52,0.168473553721893,Rameen_Chewing_Video_Files
272.56,0.2158982897444384,Rameen_Chewing_Video_Files
272.6,0.3280286991770508,Rameen_Chewing_Video_Files
272.64,0.3729941484214285,Rameen_Chewing_Video_Files
272.68,0.3540613358052146,Rameen_Chewing_Video_Files
272.72,1.5460575008409203,Rameen_Chewing_Video_Files
272.76,0.7243918114518956,Rameen_Chewing_Video_Files
272.8,0.5483505465148757,Rameen_Chewing_Video_Files
272.84,0.3250137668572748,Rameen_Chewing_Video_Files
272.88,0.2052206610080144,Rameen_Chewing_Video_Files
272.92,0.2526586305339545,Rameen_Chewing_Video_Files
272.96,0.2690433603463491,Rameen_Chewing_Video_Files
273.0,0.2137219474684272,Rameen_Chewing_Video_Files
273.04,0.3189494256206199,Rameen_Chewing_Video_Files
273.08,0.2384961002206012,Rameen_Chewing_Video_Files
273.12,0.3477878137446286,Rameen_Chewing_Video_Files
273.16,1.471370084229526,Rameen_Chewing_Video_Files
273.2,1.1244452503311673,Rameen_Chewing_Video_Files
273.24,0.9047875995631826,Rameen_Chewing_Video_Files
273.28,1.027406647979413,Rameen_Chewing_Video_Files
273.32,1.1508670133312464,Rameen_Chewing_Video_Files
273.36,0.8953543673800384,Rameen_Chewing_Video_Files
273.4,0.671203564609587,Rameen_Chewing_Video_Files
273.44,0.8913631907321191,Rameen_Chewing_Video_Files
273.48,1.3079981023172913,Rameen_Chewing_Video_Files
273.52,1.3135282267249235,Rameen_Chewing_Video_Files
273.56,1.0939298831454702,Rameen_Chewing_Video_Files
273.6,1.0767122707018484,Rameen_Chewing_Video_Files
273.64,1.0296383651266332,Rameen_Chewing_Video_Files
273.68,0.940518320259816,Rameen_Chewing_Video_Files
273.72,0.7480214759486731,Rameen_Chewing_Video_Files
273.76,0.6968580170182676,Rameen_Chewing_Video_Files
273.8,0.779709998805879,Rameen_Chewing_Video_Files
273.84,0.8277883090175823,Rameen_Chewing_Video_Files
273.88,0.8542605228806526,Rameen_Chewing_Video_Files
273.92,0.8452057501195054,Rameen_Chewing_Video_Files
273.96,0.8754378240159298,Rameen_Chewing_Video_Files
274.0,1.2294029754866969,Rameen_Chewing_Video_Files
274.04,0.9503727652953446,Rameen_Chewing_Video_Files
274.08,0.7300607208590545,Rameen_Chewing_Video_Files
274.12,0.762255690362252,Rameen_Chewing_Video_Files
274.16,0.9368025723435748,Rameen_Chewing_Video_Files
274.2,3.633094178561093,Rameen_Chewing_Video_Files
274.24,1.9906891034208307,Rameen_Chewing_Video_Files
274.28,1.8147988157911816,Rameen_Chewing_Video_Files
274.32,1.7228407570589326,Rameen_Chewing_Video_Files
274.36,1.2535550500536417,Rameen_Chewing_Video_Files
274.4,0.8636278425856425,Rameen_Chewing_Video_Files
274.44,0.9199608649206809,Rameen_Chewing_Video_Files
274.48,0.9230051066362452,Rameen_Chewing_Video_Files
274.52,0.7513721648432282,Rameen_Chewing_Video_Files
274.56,0.7607791417027839,Rameen_Chewing_Video_Files
274.6,0.763013249642933,Rameen_Chewing_Video_Files
274.64,0.8286532314070371,Rameen_Chewing_Video_Files
274.68,0.8745861482561473,Rameen_Chewing_Video_Files
274.72,0.9388749527370156,Rameen_Chewing_Video_Files
274.76,1.7079422992564457,Rameen_Chewing_Video_Files
274.8,1.4380459233725529,Rameen_Chewing_Video_Files
274.84,1.4127859182311606,Rameen_Chewing_Video_Files
274.88,1.742499656208635,Rameen_Chewing_Video_Files
274.92,2.401437843349483,Rameen_Chewing_Video_Files
274.96,3.512021121469824,Rameen_Chewing_Video_Files
275.0,2.859068662628416,Rameen_Chewing_Video_Files
275.04,1.8672935484133557,Rameen_Chewing_Video_Files
275.08,1.782404443895797,Rameen_Chewing_Video_Files
275.12,1.3242716652573814,Rameen_Chewing_Video_Files
275.16,1.203417389696275,Rameen_Chewing_Video_Files
275.2,1.096885535469181,Rameen_Chewing_Video_Files
275.24,0.9849388276871848,Rameen_Chewing_Video_Files
275.28,0.8471584668580161,Rameen_Chewing_Video_Files
275.32,0.6582281885854521,Rameen_Chewing_Video_Files
275.36,0.6496593955870902,Rameen_Chewing_Video_Files
275.4,1.732591334090431,Rameen_Chewing_Video_Files
275.44,1.7763521888332376,Rameen_Chewing_Video_Files
275.48,1.4929694411884182,Rameen_Chewing_Video_Files
275.52,1.2712452311910656,Rameen_Chewing_Video_Files
275.56,1.2441301474760362,Rameen_Chewing_Video_Files
275.6,2.6291378427990955,Rameen_Chewing_Video_Files
275.64,2.5111911772133264,Rameen_Chewing_Video_Files
275.68,3.706014729377273,Rameen_Chewing_Video_Files
275.72,2.2015098596440468,Rameen_Chewing_Video_Files
275.76,2.219500967032891,Rameen_Chewing_Video_Files
275.8,1.590993067576341,Rameen_Chewing_Video_Files
275.84,1.4061914123888766,Rameen_Chewing_Video_Files
275.88,1.7751347096888097,Rameen_Chewing_Video_Files
275.92,1.1876690986177894,Rameen_Chewing_Video_Files
275.96,0.5717042413861166,Rameen_Chewing_Video_Files
276.0,0.5184872940959315,Rameen_Chewing_Video_Files
276.04,0.5521379399261891,Rameen_Chewing_Video_Files
276.08,0.5894476534815123,Rameen_Chewing_Video_Files
276.12,0.4497200041750037,Rameen_Chewing_Video_Files
276.16,0.8091940599523787,Rameen_Chewing_Video_Files
276.2,2.485194573300905,Rameen_Chewing_Video_Files
276.24,3.4336765714923985,Rameen_Chewing_Video_Files
276.28,1.2275608045778958,Rameen_Chewing_Video_Files
276.32,1.2946549918508568,Rameen_Chewing_Video_Files
276.36,1.740060695232124,Rameen_Chewing_Video_Files
276.4,2.256046111966452,Rameen_Chewing_Video_Files
276.44,2.453577063492641,Rameen_Chewing_Video_Files
276.48,3.901422856845611,Rameen_Chewing_Video_Files
276.52,4.193978595492596,Rameen_Chewing_Video_Files
276.56,2.97962694317366,Rameen_Chewing_Video_Files
276.6,1.840027075958916,Rameen_Chewing_Video_Files
276.64,1.631476211376921,Rameen_Chewing_Video_Files
276.68,1.262396163912108,Rameen_Chewing_Video_Files
276.72,0.6540711925344467,Rameen_Chewing_Video_Files
276.76,0.3086713915276938,Rameen_Chewing_Video_Files
276.8,0.2252390423234839,Rameen_Chewing_Video_Files
276.84,0.1825789640532558,Rameen_Chewing_Video_Files
276.88,0.1946251891083485,Rameen_Chewing_Video_Files
276.92,0.219474142145113,Rameen_Chewing_Video_Files
276.96,1.0529941324655263,Rameen_Chewing_Video_Files
277.0,2.067802213348632,Rameen_Chewing_Video_Files
277.04,1.381759888287171,Rameen_Chewing_Video_Files
277.08,1.783128346606405,Rameen_Chewing_Video_Files
277.12,3.5571606845761323,Rameen_Chewing_Video_Files
277.16,2.5449056142719324,Rameen_Chewing_Video_Files
277.2,1.8370458425821024,Rameen_Chewing_Video_Files
277.24,0.9305412808801128,Rameen_Chewing_Video_Files
277.28,0.6692666768075427,Rameen_Chewing_Video_Files
277.32,0.6792821225306591,Rameen_Chewing_Video_Files
277.36,0.6702050636894107,Rameen_Chewing_Video_Files
277.4,0.7383572411267035,Rameen_Chewing_Video_Files
277.44,0.8153820359083213,Rameen_Chewing_Video_Files
277.48,0.811688078273753,Rameen_Chewing_Video_Files
277.52,0.7865001663971316,Rameen_Chewing_Video_Files
277.56,0.5889341445825171,Rameen_Chewing_Video_Files
277.6,1.02688552471087,Rameen_Chewing_Video_Files
277.64,0.9726626370584408,Rameen_Chewing_Video_Files
277.68,0.931346947145077,Rameen_Chewing_Video_Files
277.72,0.8508710563068921,Rameen_Chewing_Video_Files
277.76,1.0660895710164724,Rameen_Chewing_Video_Files
277.8,0.920820178919418,Rameen_Chewing_Video_Files
277.84,2.5096862898479264,Rameen_Chewing_Video_Files
277.88,4.952179813366955,Rameen_Chewing_Video_Files
277.92,3.485354383156842,Rameen_Chewing_Video_Files
277.96,1.3721182357413213,Rameen_Chewing_Video_Files
278.0,0.8206357144111524,Rameen_Chewing_Video_Files
278.04,0.6138268685312767,Rameen_Chewing_Video_Files
278.08,0.4203977918697014,Rameen_Chewing_Video_Files
278.12,0.3414501788169595,Rameen_Chewing_Video_Files
278.16,0.3450166010475762,Rameen_Chewing_Video_Files
278.2,0.3860096234506902,Rameen_Chewing_Video_Files
278.24,0.2264949309035249,Rameen_Chewing_Video_Files
278.28,0.3198939127597185,Rameen_Chewing_Video_Files
278.32,0.4322357353179539,Rameen_Chewing_Video_Files
278.36,0.7239733756226245,Rameen_Chewing_Video_Files
278.4,1.246073552808567,Rameen_Chewing_Video_Files
278.44,1.449371882168668,Rameen_Chewing_Video_Files
278.48,1.7484255075215818,Rameen_Chewing_Video_Files
278.52,1.3013177840563228,Rameen_Chewing_Video_Files
278.56,2.12268410702596,Rameen_Chewing_Video_Files
278.6,3.6613552489381296,Rameen_Chewing_Video_Files
278.64,3.9690858641272353,Rameen_Chewing_Video_Files
278.68,4.046603726505801,Rameen_Chewing_Video_Files
278.72,3.7653009741880425,Rameen_Chewing_Video_Files
278.76,2.6020068842722472,Rameen_Chewing_Video_Files
278.8,2.8413068079981803,Rameen_Chewing_Video_Files
278.84,2.493626596467578,Rameen_Chewing_Video_Files
278.88,2.0209420518371,Rameen_Chewing_Video_Files
278.92,1.401327127758064,Rameen_Chewing_Video_Files
278.96,1.2583466739256357,Rameen_Chewing_Video_Files
279.0,1.093400314057959,Rameen_Chewing_Video_Files
279.04,0.9961587439690304,Rameen_Chewing_Video_Files
279.08,0.9906768424262156,Rameen_Chewing_Video_Files
279.12,1.1685920646637864,Rameen_Chewing_Video_Files
279.16,1.2473261059536205,Rameen_Chewing_Video_Files
279.2,1.5181195004621448,Rameen_Chewing_Video_Files
279.24,0.7476149420809944,Rameen_Chewing_Video_Files
279.28,0.6951710736076879,Rameen_Chewing_Video_Files
279.32,1.055344612001371,Rameen_Chewing_Video_Files
279.36,2.577940127996874,Rameen_Chewing_Video_Files
279.4,2.6419397534548503,Rameen_Chewing_Video_Files
279.44,2.028409548754316,Rameen_Chewing_Video_Files
279.48,2.31896694506382,Rameen_Chewing_Video_Files
279.52,2.3394926073855946,Rameen_Chewing_Video_Files
279.56,2.382708198768524,Rameen_Chewing_Video_Files
279.6,1.4975786773904878,Rameen_Chewing_Video_Files
279.64,2.2019395864179705,Rameen_Chewing_Video_Files
279.68,3.203116937249224,Rameen_Chewing_Video_Files
279.72,2.931949832017035,Rameen_Chewing_Video_Files
279.76,2.762279398765316,Rameen_Chewing_Video_Files
279.8,1.835469927085152,Rameen_Chewing_Video_Files
279.84,2.533948714430837,Rameen_Chewing_Video_Files
279.88,2.27085173421898,Rameen_Chewing_Video_Files
279.92,1.6754527753871815,Rameen_Chewing_Video_Files
279.96,1.8185732529692145,Rameen_Chewing_Video_Files
280.0,1.0673392233280774,Rameen_Chewing_Video_Files
280.04,6.086397967486185,Rameen_Chewing_Video_Files
280.08,9.23178325087516,Rameen_Chewing_Video_Files
280.12,11.20219535619995,Rameen_Chewing_Video_Files
280.16,10.51928087340112,Rameen_Chewing_Video_Files
280.2,8.461597566686985,Rameen_Chewing_Video_Files
280.24,7.502164869425435,Rameen_Chewing_Video_Files
280.28,7.108006432674575,Rameen_Chewing_Video_Files
280.32,6.432968347596811,Rameen_Chewing_Video_Files
280.36,3.7809187869359113,Rameen_Chewing_Video_Files
280.4,2.818206188733463,Rameen_Chewing_Video_Files
280.44,1.8276387677689905,Rameen_Chewing_Video_Files
280.48,1.3184598300501116,Rameen_Chewing_Video_Files
280.52,1.0111143481124785,Rameen_Chewing_Video_Files
280.56,0.3950213049446808,Rameen_Chewing_Video_Files
280.6,0.347753645490095,Rameen_Chewing_Video_Files
280.64,0.5918432569571067,Rameen_Chewing_Video_Files
280.68,0.4351859490313102,Rameen_Chewing_Video_Files
280.72,0.7639248380764416,Rameen_Chewing_Video_Files
280.76,0.6918156151429844,Rameen_Chewing_Video_Files
280.8,0.637981776921824,Rameen_Chewing_Video_Files
280.84,0.5275630841672125,Rameen_Chewing_Video_Files
280.88,0.2740967645319274,Rameen_Chewing_Video_Files
280.92,0.2728761562302222,Rameen_Chewing_Video_Files
280.96,0.241857829126124,Rameen_Chewing_Video_Files
281.0,0.2382094240683623,Rameen_Chewing_Video_Files
281.04,0.2588136482481094,Rameen_Chewing_Video_Files
281.08,0.4373482628202176,Rameen_Chewing_Video_Files
281.12,0.6999543661846002,Rameen_Chewing_Video_Files
281.16,0.6663072474769915,Rameen_Chewing_Video_Files
281.2,1.521120649919988,Rameen_Chewing_Video_Files
281.24,3.2855946136030467,Rameen_Chewing_Video_Files
281.28,6.007723687691343,Rameen_Chewing_Video_Files
281.32,6.606239711935091,Rameen_Chewing_Video_Files
281.36,2.1305545952147136,Rameen_Chewing_Video_Files
281.4,0.3399962067561012,Rameen_Chewing_Video_Files
281.44,0.3998115096294776,Rameen_Chewing_Video_Files
281.48,0.3842012701102943,Rameen_Chewing_Video_Files
281.52,0.3754642528928475,Rameen_Chewing_Video_Files
281.56,0.3337998136663713,Rameen_Chewing_Video_Files
281.6,0.5452878700457511,Rameen_Chewing_Video_Files
281.64,0.832025710850915,Rameen_Chewing_Video_Files
281.68,0.8061826190941083,Rameen_Chewing_Video_Files
281.72,2.5864890741746915,Rameen_Chewing_Video_Files
281.76,2.0083013055947307,Rameen_Chewing_Video_Files
281.8,2.894530687518973,Rameen_Chewing_Video_Files
281.84,2.738763770814735,Rameen_Chewing_Video_Files
281.88,2.1243955304073645,Rameen_Chewing_Video_Files
281.92,1.2473303186060023,Rameen_Chewing_Video_Files
281.96,2.7183723765544188,Rameen_Chewing_Video_Files
282.0,3.514435940353092,Rameen_Chewing_Video_Files
282.04,4.498133861392298,Rameen_Chewing_Video_Files
282.08,4.057443743063214,Rameen_Chewing_Video_Files
282.12,4.515368996986205,Rameen_Chewing_Video_Files
282.16,3.62140156488988,Rameen_Chewing_Video_Files
282.2,1.2104199821924253,Rameen_Chewing_Video_Files
282.24,0.51824851741408,Rameen_Chewing_Video_Files
282.28,0.2756363132313015,Rameen_Chewing_Video_Files
282.32,0.4456541768543099,Rameen_Chewing_Video_Files
282.36,0.3889208723115286,Rameen_Chewing_Video_Files
282.4,0.3376577754737633,Rameen_Chewing_Video_Files
282.44,0.3602635391019354,Rameen_Chewing_Video_Files
282.48,0.3696251275080604,Rameen_Chewing_Video_Files
282.52,0.3971172410199513,Rameen_Chewing_Video_Files
282.56,0.4903931967238292,Rameen_Chewing_Video_Files
282.6,0.3773232400552806,Rameen_Chewing_Video_Files
282.64,0.4348008506129299,Rameen_Chewing_Video_Files
282.68,0.8373067643029044,Rameen_Chewing_Video_Files
282.72,1.859717479354239,Rameen_Chewing_Video_Files
282.76,2.2344105739761844,Rameen_Chewing_Video_Files
282.8,2.0545963531935785,Rameen_Chewing_Video_Files
282.84,2.083685424622283,Rameen_Chewing_Video_Files
282.88,1.55376339104463,Rameen_Chewing_Video_Files
282.92,1.2826493663258387,Rameen_Chewing_Video_Files
282.96,1.2565845735405967,Rameen_Chewing_Video_Files
283.0,1.17951242803218,Rameen_Chewing_Video_Files
283.04,1.0999177997807057,Rameen_Chewing_Video_Files
283.08,1.0001051660040157,Rameen_Chewing_Video_Files
283.12,0.7311453061986528,Rameen_Chewing_Video_Files
283.16,0.4960116277177663,Rameen_Chewing_Video_Files
283.2,0.6478760503693167,Rameen_Chewing_Video_Files
283.24,0.4204853492004577,Rameen_Chewing_Video_Files
283.28,0.9983233866652556,Rameen_Chewing_Video_Files
283.32,2.3563347893373106,Rameen_Chewing_Video_Files
283.36,1.8571424629151208,Rameen_Chewing_Video_Files
283.4,1.4169278075217542,Rameen_Chewing_Video_Files
283.44,2.4158166226925326,Rameen_Chewing_Video_Files
283.48,2.0850439999606025,Rameen_Chewing_Video_Files
283.52,1.6939176753981755,Rameen_Chewing_Video_Files
283.56,2.231673360755115,Rameen_Chewing_Video_Files
283.6,1.2473887569305977,Rameen_Chewing_Video_Files
283.64,0.8012387759797313,Rameen_Chewing_Video_Files
283.68,0.6092447657318868,Rameen_Chewing_Video_Files
283.72,0.5854826023965509,Rameen_Chewing_Video_Files
283.76,0.4999297329188287,Rameen_Chewing_Video_Files
283.8,0.4891363842432322,Rameen_Chewing_Video_Files
283.84,0.4926475433319565,Rameen_Chewing_Video_Files
283.88,0.5005933797578699,Rameen_Chewing_Video_Files
283.92,0.5547224977490436,Rameen_Chewing_Video_Files
283.96,0.3348169699457878,Rameen_Chewing_Video_Files
284.0,0.3147340076873393,Rameen_Chewing_Video_Files
284.04,0.3747370732480544,Rameen_Chewing_Video_Files
284.08,0.4436268052753755,Rameen_Chewing_Video_Files
284.12,0.663003423501468,Rameen_Chewing_Video_Files
284.16,1.8671818062241143,Rameen_Chewing_Video_Files
284.2,5.674772177560121,Rameen_Chewing_Video_Files
284.24,4.567973197828303,Rameen_Chewing_Video_Files
284.28,3.888746984317756,Rameen_Chewing_Video_Files
284.32,3.8423320898533664,Rameen_Chewing_Video_Files
284.36,3.8349379433797854,Rameen_Chewing_Video_Files
284.4,4.328415885907797,Rameen_Chewing_Video_Files
284.44,2.687744056381124,Rameen_Chewing_Video_Files
284.48,2.119291830018642,Rameen_Chewing_Video_Files
284.52,1.8071446655082937,Rameen_Chewing_Video_Files
284.56,1.5994312460806033,Rameen_Chewing_Video_Files
284.6,1.408829221594562,Rameen_Chewing_Video_Files
284.64,1.4539697792404729,Rameen_Chewing_Video_Files
284.68,0.8986045517056376,Rameen_Chewing_Video_Files
284.72,0.3920478110472354,Rameen_Chewing_Video_Files
284.76,0.2499096309416289,Rameen_Chewing_Video_Files
284.8,0.2925890247726283,Rameen_Chewing_Video_Files
284.84,0.3602692272876472,Rameen_Chewing_Video_Files
284.88,0.5602630124446902,Rameen_Chewing_Video_Files
284.92,0.7893369971219305,Rameen_Chewing_Video_Files
284.96,1.1443422016670426,Rameen_Chewing_Video_Files
285.0,1.2443566614022494,Rameen_Chewing_Video_Files
285.04,0.8719753340010766,Rameen_Chewing_Video_Files
285.08,0.8043974173902799,Rameen_Chewing_Video_Files
285.12,0.5689677546057159,Rameen_Chewing_Video_Files
285.16,0.2657905458120454,Rameen_Chewing_Video_Files
285.2,1.8761667242736224,Rameen_Chewing_Video_Files
285.24,0.6787268815719512,Rameen_Chewing_Video_Files
285.28,0.8253965832441165,Rameen_Chewing_Video_Files
285.32,0.7879220776282112,Rameen_Chewing_Video_Files
285.36,0.3693917519136982,Rameen_Chewing_Video_Files
285.4,0.3590376198543465,Rameen_Chewing_Video_Files
285.44,0.3690390880247996,Rameen_Chewing_Video_Files
285.48,0.4502750481959133,Rameen_Chewing_Video_Files
285.52,0.4520138100473985,Rameen_Chewing_Video_Files
285.56,0.4777839892386527,Rameen_Chewing_Video_Files
285.6,0.4813838018704546,Rameen_Chewing_Video_Files
285.64,0.4768339089282909,Rameen_Chewing_Video_Files
285.68,0.4017932469724438,Rameen_Chewing_Video_Files
285.72,0.3651549642061402,Rameen_Chewing_Video_Files
285.76,0.3754932435570038,Rameen_Chewing_Video_Files
285.8,0.3186452795294021,Rameen_Chewing_Video_Files
285.84,0.2741478175080352,Rameen_Chewing_Video_Files
285.88,0.2428731398922031,Rameen_Chewing_Video_Files
285.92,0.2174014113421298,Rameen_Chewing_Video_Files
285.96,0.2367619925178709,Rameen_Chewing_Video_Files
286.0,0.1900786609019637,Rameen_Chewing_Video_Files
286.04,0.1930935520247662,Rameen_Chewing_Video_Files
286.08,0.276171787394015,Rameen_Chewing_Video_Files
286.12,0.2779506918277127,Rameen_Chewing_Video_Files
286.16,0.2596993255305816,Rameen_Chewing_Video_Files
286.2,0.4401683761140866,Rameen_Chewing_Video_Files
286.24,1.6703273430740315,Rameen_Chewing_Video_Files
286.28,1.9011881736221696,Rameen_Chewing_Video_Files
286.32,3.004899748860654,Rameen_Chewing_Video_Files
286.36,3.841100112357992,Rameen_Chewing_Video_Files
286.4,3.2956655849749774,Rameen_Chewing_Video_Files
286.44,3.403017725091292,Rameen_Chewing_Video_Files
286.48,3.6152724437288,Rameen_Chewing_Video_Files
286.52,3.273267303278737,Rameen_Chewing_Video_Files
286.56,2.447156536406889,Rameen_Chewing_Video_Files
286.6,1.1019477270820903,Rameen_Chewing_Video_Files
286.64,0.4730059459566245,Rameen_Chewing_Video_Files
286.68,0.1905882522254362,Rameen_Chewing_Video_Files
286.72,0.0818745591276264,Rameen_Chewing_Video_Files
286.76,0.0986878505215324,Rameen_Chewing_Video_Files
286.8,0.1177521556812511,Rameen_Chewing_Video_Files
286.84,0.148954549926482,Rameen_Chewing_Video_Files
286.88,0.1725922111685566,Rameen_Chewing_Video_Files
286.92,0.1882355669021097,Rameen_Chewing_Video_Files
286.96,0.1981669958749745,Rameen_Chewing_Video_Files
287.0,0.1977005611763029,Rameen_Chewing_Video_Files
287.04,0.1989741112025034,Rameen_Chewing_Video_Files
287.08,0.1792564328769975,Rameen_Chewing_Video_Files
287.12,0.1541244581618648,Rameen_Chewing_Video_Files
287.16,0.1625639922613801,Rameen_Chewing_Video_Files
287.2,0.1651587796925788,Rameen_Chewing_Video_Files
287.24,0.1635492908358642,Rameen_Chewing_Video_Files
287.28,0.3299643141288068,Rameen_Chewing_Video_Files
287.32,0.7053570338663024,Rameen_Chewing_Video_Files
287.36,0.8523797168230264,Rameen_Chewing_Video_Files
287.4,1.2635581595315717,Rameen_Chewing_Video_Files
287.44,3.180984636209095,Rameen_Chewing_Video_Files
287.48,5.921050072773025,Rameen_Chewing_Video_Files
287.52,6.448834944155562,Rameen_Chewing_Video_Files
287.56,6.426615573108822,Rameen_Chewing_Video_Files
287.6,7.351182164301616,Rameen_Chewing_Video_Files
287.64,8.190742853900318,Rameen_Chewing_Video_Files
287.68,8.851203365262748,Rameen_Chewing_Video_Files
287.72,9.511323394758952,Rameen_Chewing_Video_Files
287.76,9.270691051720432,Rameen_Chewing_Video_Files
287.8,5.120673548862508,Rameen_Chewing_Video_Files
287.84,1.984422978299296,Rameen_Chewing_Video_Files
287.88,1.0519607673645477,Rameen_Chewing_Video_Files
287.92,0.8043576212492248,Rameen_Chewing_Video_Files
287.96,0.5972780235929875,Rameen_Chewing_Video_Files
288.0,0.3357506890340913,Rameen_Chewing_Video_Files
288.04,0.1956837054329777,Rameen_Chewing_Video_Files
288.08,0.1127887112595286,Rameen_Chewing_Video_Files
288.12,0.0873795567844333,Rameen_Chewing_Video_Files
288.16,0.15835431012775,Rameen_Chewing_Video_Files
288.2,0.5816961507175115,Rameen_Chewing_Video_Files
288.24,0.4415539521035299,Rameen_Chewing_Video_Files
288.28,0.4425505873748171,Rameen_Chewing_Video_Files
288.32,0.6217741839674737,Rameen_Chewing_Video_Files
288.36,0.7886426596851621,Rameen_Chewing_Video_Files
288.4,3.9386126342937975,Rameen_Chewing_Video_Files
288.44,3.903532940679332,Rameen_Chewing_Video_Files
288.48,8.94677132923543,Rameen_Chewing_Video_Files
288.52,9.422508522895455,Rameen_Chewing_Video_Files
288.56,14.820593771324106,Rameen_Chewing_Video_Files
288.6,21.457082564037364,Rameen_Chewing_Video_Files
288.64,27.8728808985566,Rameen_Chewing_Video_Files
288.68,31.157822649186077,Rameen_Chewing_Video_Files
288.72,39.22849550825364,Rameen_Chewing_Video_Files
288.76,42.57635347293753,Rameen_Chewing_Video_Files
288.8,45.820543815505374,Rameen_Chewing_Video_Files
288.84,47.5392188779556,Rameen_Chewing_Video_Files
288.88,48.81053567520821,Rameen_Chewing_Video_Files
288.92,51.49581129140711,Rameen_Chewing_Video_Files
288.96,49.79563421410407,Rameen_Chewing_Video_Files
289.0,41.3880273463696,Rameen_Chewing_Video_Files
289.04,33.548140932784406,Rameen_Chewing_Video_Files
289.08,25.26718253941694,Rameen_Chewing_Video_Files
289.12,16.166576992413166,Rameen_Chewing_Video_Files
289.16,13.838116169022747,Rameen_Chewing_Video_Files
289.2,13.690910130580855,Rameen_Chewing_Video_Files
289.24,10.47772779474282,Rameen_Chewing_Video_Files
289.28,11.726369638511065,Rameen_Chewing_Video_Files
289.32,10.745544851796222,Rameen_Chewing_Video_Files
289.36,7.28208907335356,Rameen_Chewing_Video_Files
289.4,3.528361606874601,Rameen_Chewing_Video_Files
289.44,1.2595550812882397,Rameen_Chewing_Video_Files
289.48,0.9658671684381628,Rameen_Chewing_Video_Files
289.52,0.4537986326348464,Rameen_Chewing_Video_Files
289.56,2.8863962103559797,Rameen_Chewing_Video_Files
289.6,7.595879401586227,Rameen_Chewing_Video_Files
289.64,4.377974599821519,Rameen_Chewing_Video_Files
289.68,2.603073908626475,Rameen_Chewing_Video_Files
289.72,3.0377982447308804,Rameen_Chewing_Video_Files
289.76,3.080526890689171,Rameen_Chewing_Video_Files
289.8,3.508263770182241,Rameen_Chewing_Video_Files
289.84,2.12908492231336,Rameen_Chewing_Video_Files
289.88,1.3096194580965317,Rameen_Chewing_Video_Files
289.92,1.012839754666321,Rameen_Chewing_Video_Files
289.96,0.7361737365449449,Rameen_Chewing_Video_Files
290.0,0.5032936270163523,Rameen_Chewing_Video_Files
290.04,0.3758003009219721,Rameen_Chewing_Video_Files
290.08,0.7301261337494179,Rameen_Chewing_Video_Files
290.12,0.201278586355437,Rameen_Chewing_Video_Files
290.16,0.9906304048996768,Rameen_Chewing_Video_Files
290.2,2.6319461615555126,Rameen_Chewing_Video_Files
290.24,2.1125740341885724,Rameen_Chewing_Video_Files
290.28,2.1237119426288023,Rameen_Chewing_Video_Files
290.32,2.549972563729667,Rameen_Chewing_Video_Files
290.36,1.9437071239081596,Rameen_Chewing_Video_Files
290.4,1.457282638229465,Rameen_Chewing_Video_Files
290.44,2.6587676422522906,Rameen_Chewing_Video_Files
290.48,2.744513889084368,Rameen_Chewing_Video_Files
290.52,3.019628974402993,Rameen_Chewing_Video_Files
290.56,2.291445418792004,Rameen_Chewing_Video_Files
290.6,2.0631379242388213,Rameen_Chewing_Video_Files
290.64,0.9993173312014924,Rameen_Chewing_Video_Files
290.68,0.5468767919822706,Rameen_Chewing_Video_Files
290.72,0.3952705663677033,Rameen_Chewing_Video_Files
290.76,0.4735301875164324,Rameen_Chewing_Video_Files
290.8,1.0482401049870094,Rameen_Chewing_Video_Files
290.84,0.3410069981172937,Rameen_Chewing_Video_Files
290.88,1.1209342263444482,Rameen_Chewing_Video_Files
290.92,1.3741149661102927,Rameen_Chewing_Video_Files
290.96,0.8804999198652579,Rameen_Chewing_Video_Files
291.0,0.6597176428958251,Rameen_Chewing_Video_Files
291.04,1.1158903198653078,Rameen_Chewing_Video_Files
291.08,1.1161936086855222,Rameen_Chewing_Video_Files
291.12,2.1362655887580018,Rameen_Chewing_Video_Files
291.16,1.0408272184167668,Rameen_Chewing_Video_Files
291.2,0.761712039209212,Rameen_Chewing_Video_Files
291.24,0.530225824712568,Rameen_Chewing_Video_Files
291.28,0.4111017887577342,Rameen_Chewing_Video_Files
291.32,0.3687625050949988,Rameen_Chewing_Video_Files
291.36,0.4573084000016248,Rameen_Chewing_Video_Files
291.4,0.257720602174263,Rameen_Chewing_Video_Files
291.44,0.1440880099387593,Rameen_Chewing_Video_Files
291.48,0.1908127215739616,Rameen_Chewing_Video_Files
291.52,0.3744352259006389,Rameen_Chewing_Video_Files
291.56,0.5639045586382565,Rameen_Chewing_Video_Files
291.6,0.5867798975471524,Rameen_Chewing_Video_Files
291.64,0.5234276552578933,Rameen_Chewing_Video_Files
291.68,0.483235646534969,Rameen_Chewing_Video_Files
291.72,0.3896771125718529,Rameen_Chewing_Video_Files
291.76,0.3191214626604605,Rameen_Chewing_Video_Files
291.8,0.2647815599221679,Rameen_Chewing_Video_Files
291.84,0.2538553682270784,Rameen_Chewing_Video_Files
291.88,0.2709313431538975,Rameen_Chewing_Video_Files
291.92,0.2605119622623964,Rameen_Chewing_Video_Files
291.96,0.232684064407931,Rameen_Chewing_Video_Files
292.0,0.2125903442473234,Rameen_Chewing_Video_Files
292.04,0.1943983598979434,Rameen_Chewing_Video_Files
292.08,0.1930894985078105,Rameen_Chewing_Video_Files
292.12,0.1962303097805007,Rameen_Chewing_Video_Files
292.16,0.2025560731137501,Rameen_Chewing_Video_Files
292.2,0.2646036154103569,Rameen_Chewing_Video_Files
292.24,0.2445628594643079,Rameen_Chewing_Video_Files
292.28,0.2317834505099952,Rameen_Chewing_Video_Files
292.32,0.2466768766507694,Rameen_Chewing_Video_Files
292.36,1.302184351809866,Rameen_Chewing_Video_Files
292.4,3.866398188665425,Rameen_Chewing_Video_Files
292.44,6.365828445054741,Rameen_Chewing_Video_Files
292.48,7.853135566648836,Rameen_Chewing_Video_Files
292.52,8.265505293637295,Rameen_Chewing_Video_Files
292.56,7.471860724400232,Rameen_Chewing_Video_Files
292.6,4.411085789980925,Rameen_Chewing_Video_Files
292.64,1.9190048997496676,Rameen_Chewing_Video_Files
292.68,0.3768744269387156,Rameen_Chewing_Video_Files
292.72,0.0100411002879599,Rameen_Chewing_Video_Files
292.76,0.0739027432218535,Rameen_Chewing_Video_Files
292.8,0.1407231768119518,Rameen_Chewing_Video_Files
292.84,0.1146199356063405,Rameen_Chewing_Video_Files
292.88,0.0923353935934977,Rameen_Chewing_Video_Files
292.92,0.071485795881066,Rameen_Chewing_Video_Files
292.96,0.070206304917503,Rameen_Chewing_Video_Files
293.0,0.1144913801557543,Rameen_Chewing_Video_Files
293.04,0.4832955272544679,Rameen_Chewing_Video_Files
293.08,0.5772115397187193,Rameen_Chewing_Video_Files
293.12,0.7236257338915919,Rameen_Chewing_Video_Files
293.16,0.7897120274549949,Rameen_Chewing_Video_Files
293.2,1.2082517120100966,Rameen_Chewing_Video_Files
293.24,0.9910388971512766,Rameen_Chewing_Video_Files
293.28,0.6082440426874437,Rameen_Chewing_Video_Files
293.32,0.4954045495663817,Rameen_Chewing_Video_Files
293.36,0.4458257022191805,Rameen_Chewing_Video_Files
293.4,0.3882829840717271,Rameen_Chewing_Video_Files
293.44,0.3299130505463041,Rameen_Chewing_Video_Files
293.48,0.3050593336158479,Rameen_Chewing_Video_Files
293.52,0.294671173162966,Rameen_Chewing_Video_Files
293.56,0.3175224317834088,Rameen_Chewing_Video_Files
293.6,0.3431350895795689,Rameen_Chewing_Video_Files
293.64,0.2464380825598119,Rameen_Chewing_Video_Files
293.68,0.4393751754934892,Rameen_Chewing_Video_Files
293.72,0.3790105210454129,Rameen_Chewing_Video_Files
293.76,0.5841217269969018,Rameen_Chewing_Video_Files
293.8,0.6752322102551739,Rameen_Chewing_Video_Files
293.84,0.816464911928726,Rameen_Chewing_Video_Files
293.88,0.4889991081313618,Rameen_Chewing_Video_Files
293.92,0.6283025037137772,Rameen_Chewing_Video_Files
293.96,0.6001588955951617,Rameen_Chewing_Video_Files
294.0,0.6129772144658797,Rameen_Chewing_Video_Files
294.04,0.5524456125842179,Rameen_Chewing_Video_Files
294.08,0.4779307409938845,Rameen_Chewing_Video_Files
294.12,0.4777615799010448,Rameen_Chewing_Video_Files
294.16,0.4255111482853079,Rameen_Chewing_Video_Files
294.2,0.5200732009939405,Rameen_Chewing_Video_Files
294.24,0.3428354237824935,Rameen_Chewing_Video_Files
294.28,0.2597528441108762,Rameen_Chewing_Video_Files
294.32,0.1914130509311767,Rameen_Chewing_Video_Files
294.36,0.1806546569669285,Rameen_Chewing_Video_Files
294.4,0.2845371631305348,Rameen_Chewing_Video_Files
294.44,0.50608031330588,Rameen_Chewing_Video_Files
294.48,0.7079643431937799,Rameen_Chewing_Video_Files
294.52,0.8322401473698686,Rameen_Chewing_Video_Files
294.56,0.7942595791633792,Rameen_Chewing_Video_Files
294.6,0.1859233926079146,Rameen_Chewing_Video_Files
294.64,1.358472910413702,Rameen_Chewing_Video_Files
294.68,0.8625209039813929,Rameen_Chewing_Video_Files
294.72,0.7183661768799678,Rameen_Chewing_Video_Files
294.76,0.6108877855180104,Rameen_Chewing_Video_Files
294.8,0.589532079665603,Rameen_Chewing_Video_Files
294.84,0.4486855320007626,Rameen_Chewing_Video_Files
294.88,0.350139049187235,Rameen_Chewing_Video_Files
294.92,0.3154715005298174,Rameen_Chewing_Video_Files
294.96,0.3031504833901784,Rameen_Chewing_Video_Files
295.0,0.2903310253712589,Rameen_Chewing_Video_Files
295.04,0.2880643983606732,Rameen_Chewing_Video_Files
295.08,0.2987108924165694,Rameen_Chewing_Video_Files
295.12,0.4614918082081432,Rameen_Chewing_Video_Files
295.16,0.3900194410319169,Rameen_Chewing_Video_Files
295.2,0.6055218301308835,Rameen_Chewing_Video_Files
295.24,1.2147222906544222,Rameen_Chewing_Video_Files
295.28,1.082285344489356,Rameen_Chewing_Video_Files
295.32,1.5952931421991865,Rameen_Chewing_Video_Files
295.36,0.859561003934934,Rameen_Chewing_Video_Files
295.4,0.5720007673480654,Rameen_Chewing_Video_Files
295.44,0.4829557790849689,Rameen_Chewing_Video_Files
295.48,0.3815607230611382,Rameen_Chewing_Video_Files
295.52,0.3435698862512794,Rameen_Chewing_Video_Files
295.56,0.3406151711616358,Rameen_Chewing_Video_Files
295.6,0.3314260686610295,Rameen_Chewing_Video_Files
295.64,0.3505845395327382,Rameen_Chewing_Video_Files
295.68,0.3359374576153445,Rameen_Chewing_Video_Files
295.72,0.3113385944884921,Rameen_Chewing_Video_Files
295.76,0.3228149132098371,Rameen_Chewing_Video_Files
295.8,0.4233097668801215,Rameen_Chewing_Video_Files
295.84,0.6813349439706847,Rameen_Chewing_Video_Files
295.88,1.7030727627265625,Rameen_Chewing_Video_Files
295.92,1.7534081061331637,Rameen_Chewing_Video_Files
295.96,2.129672522241433,Rameen_Chewing_Video_Files
296.0,2.7841728018333263,Rameen_Chewing_Video_Files
296.04,1.7835260254025889,Rameen_Chewing_Video_Files
296.08,1.158866457936088,Rameen_Chewing_Video_Files
296.12,0.740455383532942,Rameen_Chewing_Video_Files
296.16,0.7527918567847414,Rameen_Chewing_Video_Files
296.2,0.5751507068261122,Rameen_Chewing_Video_Files
296.24,0.479749786756004,Rameen_Chewing_Video_Files
296.28,0.5754963414670591,Rameen_Chewing_Video_Files
296.32,0.6588924110900162,Rameen_Chewing_Video_Files
296.36,0.673030930516878,Rameen_Chewing_Video_Files
296.4,0.8727448651517103,Rameen_Chewing_Video_Files
296.44,0.7434647763413929,Rameen_Chewing_Video_Files
296.48,0.6972228816603453,Rameen_Chewing_Video_Files
296.52,0.5901316295847834,Rameen_Chewing_Video_Files
296.56,2.5269023933711483,Rameen_Chewing_Video_Files
296.6,2.3616738739922583,Rameen_Chewing_Video_Files
296.64,1.409390480011951,Rameen_Chewing_Video_Files
296.68,1.1367309504718812,Rameen_Chewing_Video_Files
296.72,1.2750516406774266,Rameen_Chewing_Video_Files
296.76,1.258947301718727,Rameen_Chewing_Video_Files
296.8,1.4001950214436596,Rameen_Chewing_Video_Files
296.84,2.3340821532152702,Rameen_Chewing_Video_Files
296.88,3.23368050805529,Rameen_Chewing_Video_Files
296.92,2.8954263091667136,Rameen_Chewing_Video_Files
296.96,2.372357891314586,Rameen_Chewing_Video_Files
297.0,2.196040059118146,Rameen_Chewing_Video_Files
297.04,2.419292493908402,Rameen_Chewing_Video_Files
297.08,1.2776525467646958,Rameen_Chewing_Video_Files
297.12,0.961322502501776,Rameen_Chewing_Video_Files
297.16,1.5138200173259486,Rameen_Chewing_Video_Files
297.2,2.387445341239808,Rameen_Chewing_Video_Files
297.24,2.967715314067159,Rameen_Chewing_Video_Files
297.28,2.22658392670875,Rameen_Chewing_Video_Files
297.32,1.9533360143988303,Rameen_Chewing_Video_Files
297.36,2.870545305250874,Rameen_Chewing_Video_Files
297.4,2.665058339273404,Rameen_Chewing_Video_Files
297.44,4.446142454879372,Rameen_Chewing_Video_Files
297.48,6.706422002494207,Rameen_Chewing_Video_Files
297.52,7.62677412093569,Rameen_Chewing_Video_Files
297.56,11.284383628625962,Rameen_Chewing_Video_Files
297.6,8.855220101632344,Rameen_Chewing_Video_Files
297.64,2.610195656413046,Rameen_Chewing_Video_Files
297.68,3.1811610224387565,Rameen_Chewing_Video_Files
297.72,2.92541075569835,Rameen_Chewing_Video_Files
297.76,2.753068273117897,Rameen_Chewing_Video_Files
297.8,3.134596301689016,Rameen_Chewing_Video_Files
297.84,2.5436343013923044,Rameen_Chewing_Video_Files
297.88,2.493535766618651,Rameen_Chewing_Video_Files
297.92,2.6989475093484576,Rameen_Chewing_Video_Files
297.96,2.51513913826305,Rameen_Chewing_Video_Files
298.0,2.2961277339983224,Rameen_Chewing_Video_Files
298.04,2.3580796291369066,Rameen_Chewing_Video_Files
298.08,2.229724982826302,Rameen_Chewing_Video_Files
298.12,2.017265038059718,Rameen_Chewing_Video_Files
298.16,2.190737773391033,Rameen_Chewing_Video_Files
298.2,1.661779810227927,Rameen_Chewing_Video_Files
298.24,1.1001810216857135,Rameen_Chewing_Video_Files
298.28,0.9864107610177176,Rameen_Chewing_Video_Files
298.32,0.7341836765883862,Rameen_Chewing_Video_Files
298.36,0.5182889980714015,Rameen_Chewing_Video_Files
298.4,0.2324255851579989,Rameen_Chewing_Video_Files
298.44,0.5372041624050168,Rameen_Chewing_Video_Files
298.48,1.1898935638796668,Rameen_Chewing_Video_Files
298.52,5.298252960550814,Rameen_Chewing_Video_Files
298.56,8.347348479226282,Rameen_Chewing_Video_Files
298.6,8.420348670719402,Rameen_Chewing_Video_Files
298.64,7.904387589081737,Rameen_Chewing_Video_Files
298.68,8.059925209524772,Rameen_Chewing_Video_Files
298.72,6.003935695196817,Rameen_Chewing_Video_Files
298.76,6.450177763122809,Rameen_Chewing_Video_Files
298.8,6.499089341023574,Rameen_Chewing_Video_Files
298.84,6.340184361692806,Rameen_Chewing_Video_Files
298.88,3.1923177317421616,Rameen_Chewing_Video_Files
298.92,1.800778381607267,Rameen_Chewing_Video_Files
298.96,0.9628540192319252,Rameen_Chewing_Video_Files
299.0,0.4495517974734478,Rameen_Chewing_Video_Files
299.04,0.4196210800559937,Rameen_Chewing_Video_Files
299.08,0.3872227438216383,Rameen_Chewing_Video_Files
299.12,0.3464891568529467,Rameen_Chewing_Video_Files
299.16,0.3646843259110233,Rameen_Chewing_Video_Files
299.2,0.3503478689482155,Rameen_Chewing_Video_Files
299.24,0.3369289690340927,Rameen_Chewing_Video_Files
299.28,0.3346307044577419,Rameen_Chewing_Video_Files
299.32,0.3284707893452479,Rameen_Chewing_Video_Files
299.36,0.3438356680862503,Rameen_Chewing_Video_Files
299.4,0.3447543792192186,Rameen_Chewing_Video_Files
299.44,0.3438685183072175,Rameen_Chewing_Video_Files
299.48,0.3738246526398128,Rameen_Chewing_Video_Files
299.52,0.3943874056824457,Rameen_Chewing_Video_Files
299.56,0.3849139023266752,Rameen_Chewing_Video_Files
299.6,0.3589143001703321,Rameen_Chewing_Video_Files
299.64,0.3286350880382013,Rameen_Chewing_Video_Files
299.68,0.2979044658173574,Rameen_Chewing_Video_Files
299.72,0.6749014852509143,Rameen_Chewing_Video_Files
299.76,0.9352184014672648,Rameen_Chewing_Video_Files
299.8,0.9622803512342988,Rameen_Chewing_Video_Files
299.84,4.651258017258901,Rameen_Chewing_Video_Files
299.88,7.140206599472581,Rameen_Chewing_Video_Files
299.92,8.365811412559129,Rameen_Chewing_Video_Files
299.96,9.043450474215549,Rameen_Chewing_Video_Files
300.0,9.03735245222076,Rameen_Chewing_Video_Files
300.04,5.440431271967174,Rameen_Chewing_Video_Files
300.08,2.0879122147754123,Rameen_Chewing_Video_Files
300.12,0.8038561894902094,Rameen_Chewing_Video_Files
300.16,0.4805474423586536,Rameen_Chewing_Video_Files
300.2,0.3230985682878996,Rameen_Chewing_Video_Files
300.24,0.3080738503364769,Rameen_Chewing_Video_Files
300.28,0.328544600932632,Rameen_Chewing_Video_Files
300.32,0.3551378125966599,Rameen_Chewing_Video_Files
300.36,0.3613709936263373,Rameen_Chewing_Video_Files
300.4,0.352673494990381,Rameen_Chewing_Video_Files
300.44,0.2874930896816146,Rameen_Chewing_Video_Files
300.48,0.2619411788097698,Rameen_Chewing_Video_Files
300.52,0.2497362095273798,Rameen_Chewing_Video_Files
300.56,0.2388570865178659,Rameen_Chewing_Video_Files
300.6,0.2186755048943396,Rameen_Chewing_Video_Files
300.64,0.1821094354463849,Rameen_Chewing_Video_Files
300.68,0.1712570053652596,Rameen_Chewing_Video_Files
300.72,0.2179449615858164,Rameen_Chewing_Video_Files
300.76,0.3548184946877,Rameen_Chewing_Video_Files
300.8,0.4284880842310439,Rameen_Chewing_Video_Files
300.84,0.5846516481842073,Rameen_Chewing_Video_Files
300.88,0.6253072321235688,Rameen_Chewing_Video_Files
300.92,1.7814623039330575,Rameen_Chewing_Video_Files
300.96,3.9085184960226265,Rameen_Chewing_Video_Files
301.0,5.384180191634312,Rameen_Chewing_Video_Files
301.04,6.393342595274637,Rameen_Chewing_Video_Files
301.08,7.17259741968256,Rameen_Chewing_Video_Files
301.12,7.955079665146776,Rameen_Chewing_Video_Files
301.16,10.841011211872884,Rameen_Chewing_Video_Files
301.2,17.27064013553677,Rameen_Chewing_Video_Files
301.24,23.55456589648053,Rameen_Chewing_Video_Files
301.28,25.768267554623637,Rameen_Chewing_Video_Files
301.32,37.14287548847883,Rameen_Chewing_Video_Files
301.36,39.13938413283881,Rameen_Chewing_Video_Files
301.4,44.94970547598006,Rameen_Chewing_Video_Files
301.44,52.577399888004365,Rameen_Chewing_Video_Files
301.48,58.5096065650053,Rameen_Chewing_Video_Files
301.52,62.35676444929699,Rameen_Chewing_Video_Files
301.56,63.28585403716484,Rameen_Chewing_Video_Files
301.6,63.15747977196877,Rameen_Chewing_Video_Files
301.64,63.67674092791157,Rameen_Chewing_Video_Files
301.68,64.24411496544833,Rameen_Chewing_Video_Files
301.72,61.03230546735627,Rameen_Chewing_Video_Files
301.76,58.84284933067978,Rameen_Chewing_Video_Files
301.8,57.24963491431052,Rameen_Chewing_Video_Files
301.84,42.04634774975808,Rameen_Chewing_Video_Files
301.88,31.89222885633796,Rameen_Chewing_Video_Files
301.92,19.98061689287585,Rameen_Chewing_Video_Files
301.96,13.46454952024622,Rameen_Chewing_Video_Files
302.0,6.739350446788955,Rameen_Chewing_Video_Files
302.04,7.579081120759662,Rameen_Chewing_Video_Files
302.08,9.21835741223346,Rameen_Chewing_Video_Files
302.12,13.549946709804422,Rameen_Chewing_Video_Files
302.16,11.865590355641382,Rameen_Chewing_Video_Files
302.2,11.481871869422015,Rameen_Chewing_Video_Files
302.24,4.148621682894625,Rameen_Chewing_Video_Files
302.28,10.008371159824485,Rameen_Chewing_Video_Files
302.32,18.239094184124006,Rameen_Chewing_Video_Files
302.36,8.968710992546535,Rameen_Chewing_Video_Files
302.4,9.35956748447026,Rameen_Chewing_Video_Files
302.44,2.660166136740705,Rameen_Chewing_Video_Files
302.48,1.8966770425305737,Rameen_Chewing_Video_Files
302.52,1.3613531949470092,Rameen_Chewing_Video_Files
302.56,1.5264546231007543,Rameen_Chewing_Video_Files
302.6,2.042781147207236,Rameen_Chewing_Video_Files
302.64,9.35400971257162,Rameen_Chewing_Video_Files
302.68,13.222917005987885,Rameen_Chewing_Video_Files
302.72,3.930162540974965,Rameen_Chewing_Video_Files
302.76,1.025481702007942,Rameen_Chewing_Video_Files
302.8,1.2341325838497328,Rameen_Chewing_Video_Files
302.84,0.966839958715638,Rameen_Chewing_Video_Files
302.88,2.525357843732416,Rameen_Chewing_Video_Files
302.92,2.283934523111835,Rameen_Chewing_Video_Files
302.96,2.740882387713449,Rameen_Chewing_Video_Files
303.0,5.17898887041896,Rameen_Chewing_Video_Files
303.04,7.0551245410517645,Rameen_Chewing_Video_Files
303.08,12.677493468995827,Rameen_Chewing_Video_Files
303.12,11.347057919426543,Rameen_Chewing_Video_Files
303.16,8.386860664328376,Rameen_Chewing_Video_Files
303.2,6.016401556194324,Rameen_Chewing_Video_Files
303.24,3.5318750913264374,Rameen_Chewing_Video_Files
303.28,2.833094688194455,Rameen_Chewing_Video_Files
303.32,2.894631747219267,Rameen_Chewing_Video_Files
303.36,4.307310452396336,Rameen_Chewing_Video_Files
303.4,5.36820688006174,Rameen_Chewing_Video_Files
303.44,4.02074958156602,Rameen_Chewing_Video_Files
303.48,4.326319410864268,Rameen_Chewing_Video_Files
303.52,3.2742666391943587,Rameen_Chewing_Video_Files
303.56,2.666020463203592,Rameen_Chewing_Video_Files
303.6,2.0646003601534635,Rameen_Chewing_Video_Files
303.64,0.5240488699715319,Rameen_Chewing_Video_Files
303.68,3.956797811216103,Rameen_Chewing_Video_Files
303.72,1.8614583856357945,Rameen_Chewing_Video_Files
303.76,2.839946202051796,Rameen_Chewing_Video_Files
303.8,3.4766023479024217,Rameen_Chewing_Video_Files
303.84,3.164337391084831,Rameen_Chewing_Video_Files
303.88,3.0202602662518965,Rameen_Chewing_Video_Files
303.92,3.4731966036493307,Rameen_Chewing_Video_Files
303.96,2.930674673824501,Rameen_Chewing_Video_Files
304.0,1.7202382224706962,Rameen_Chewing_Video_Files
304.04,0.8220623277446477,Rameen_Chewing_Video_Files
304.08,0.7647637740753601,Rameen_Chewing_Video_Files
304.12,0.9024255750979968,Rameen_Chewing_Video_Files
304.16,0.8486246562018744,Rameen_Chewing_Video_Files
304.2,0.7221022889431682,Rameen_Chewing_Video_Files
304.24,0.755684299003552,Rameen_Chewing_Video_Files
304.28,1.1572699259626658,Rameen_Chewing_Video_Files
304.32,1.081051868069084,Rameen_Chewing_Video_Files
304.36,1.2579616707573815,Rameen_Chewing_Video_Files
304.4,1.705580151526367,Rameen_Chewing_Video_Files
304.44,2.299307964887282,Rameen_Chewing_Video_Files
304.48,2.854833322319348,Rameen_Chewing_Video_Files
304.52,3.5942253644748776,Rameen_Chewing_Video_Files
304.56,2.7839265513120117,Rameen_Chewing_Video_Files
304.6,2.29560227848318,Rameen_Chewing_Video_Files
304.64,0.4948462132885594,Rameen_Chewing_Video_Files
304.68,0.2362590708812389,Rameen_Chewing_Video_Files
304.72,0.1443957580961537,Rameen_Chewing_Video_Files
304.76,0.3515949334941352,Rameen_Chewing_Video_Files
304.8,0.4191250940884927,Rameen_Chewing_Video_Files
304.84,0.3441567781020731,Rameen_Chewing_Video_Files
304.88,0.5568895756579041,Rameen_Chewing_Video_Files
304.92,0.6329655100141363,Rameen_Chewing_Video_Files
304.96,0.5996968468117918,Rameen_Chewing_Video_Files
305.0,0.6212946781152028,Rameen_Chewing_Video_Files
305.04,0.4104208771094388,Rameen_Chewing_Video_Files
305.08,0.3165863848119466,Rameen_Chewing_Video_Files
305.12,0.5196662509291565,Rameen_Chewing_Video_Files
305.16,0.5714493938688218,Rameen_Chewing_Video_Files
305.2,0.8456016224626114,Rameen_Chewing_Video_Files
305.24,1.1365348148737275,Rameen_Chewing_Video_Files
305.28,1.1051693358829162,Rameen_Chewing_Video_Files
305.32,1.0786045532427555,Rameen_Chewing_Video_Files
305.36,1.2321982972600287,Rameen_Chewing_Video_Files
305.4,1.1496541709140238,Rameen_Chewing_Video_Files
305.44,1.014201788989179,Rameen_Chewing_Video_Files
305.48,0.8282933528962698,Rameen_Chewing_Video_Files
305.52,0.5851703234145198,Rameen_Chewing_Video_Files
305.56,0.5704703438470666,Rameen_Chewing_Video_Files
305.6,0.3919519605733665,Rameen_Chewing_Video_Files
305.64,0.4139571362457837,Rameen_Chewing_Video_Files
305.68,0.6372180649362298,Rameen_Chewing_Video_Files
305.72,0.6458114923675632,Rameen_Chewing_Video_Files
305.76,0.5169680721643524,Rameen_Chewing_Video_Files
305.8,0.541044264099805,Rameen_Chewing_Video_Files
305.84,0.5047473882640784,Rameen_Chewing_Video_Files
305.88,0.5155161340440603,Rameen_Chewing_Video_Files
305.92,0.5208089413560254,Rameen_Chewing_Video_Files
305.96,0.5700830460032178,Rameen_Chewing_Video_Files
306.0,1.1469573582255277,Rameen_Chewing_Video_Files
306.04,0.9170286422539864,Rameen_Chewing_Video_Files
306.08,0.9745213933902812,Rameen_Chewing_Video_Files
306.12,0.9106239266659653,Rameen_Chewing_Video_Files
306.16,0.7845200291181283,Rameen_Chewing_Video_Files
306.2,0.5509475928856447,Rameen_Chewing_Video_Files
306.24,0.5565396176604159,Rameen_Chewing_Video_Files
306.28,0.5085719146657873,Rameen_Chewing_Video_Files
306.32,0.4853968135240318,Rameen_Chewing_Video_Files
306.36,0.4310969057240714,Rameen_Chewing_Video_Files
306.4,0.4345959934582403,Rameen_Chewing_Video_Files
306.44,0.4717431916742585,Rameen_Chewing_Video_Files
306.48,0.4978645171426068,Rameen_Chewing_Video_Files
306.52,0.4586102621390829,Rameen_Chewing_Video_Files
306.56,0.5162421839595569,Rameen_Chewing_Video_Files
306.6,0.8081679722021614,Rameen_Chewing_Video_Files
306.64,0.7007161201660954,Rameen_Chewing_Video_Files
306.68,0.8527656689834198,Rameen_Chewing_Video_Files
306.72,0.7751798714236128,Rameen_Chewing_Video_Files
306.76,0.8722635718472111,Rameen_Chewing_Video_Files
306.8,0.794915628552045,Rameen_Chewing_Video_Files
306.84,2.626910893042087,Rameen_Chewing_Video_Files
306.88,1.3089325241158472,Rameen_Chewing_Video_Files
306.92,0.8090497049675708,Rameen_Chewing_Video_Files
306.96,0.7679895270370888,Rameen_Chewing_Video_Files
307.0,0.7555876357288409,Rameen_Chewing_Video_Files
307.04,0.7890852519291632,Rameen_Chewing_Video_Files
307.08,0.6646411842670092,Rameen_Chewing_Video_Files
307.12,0.5255954473757734,Rameen_Chewing_Video_Files
307.16,0.4684192416968948,Rameen_Chewing_Video_Files
307.2,0.4560750225458529,Rameen_Chewing_Video_Files
307.24,0.4769049513308959,Rameen_Chewing_Video_Files
307.28,0.4967006883425719,Rameen_Chewing_Video_Files
307.32,0.6947313173495884,Rameen_Chewing_Video_Files
307.36,0.9365650983244026,Rameen_Chewing_Video_Files
307.4,1.7566144146585734,Rameen_Chewing_Video_Files
307.44,1.2652190664214689,Rameen_Chewing_Video_Files
307.48,2.548996217472702,Rameen_Chewing_Video_Files
307.52,1.669701229560588,Rameen_Chewing_Video_Files
307.56,1.5610124271247596,Rameen_Chewing_Video_Files
307.6,0.9931772736216646,Rameen_Chewing_Video_Files
307.64,0.6962356055730049,Rameen_Chewing_Video_Files
307.68,0.4233471899458392,Rameen_Chewing_Video_Files
307.72,0.4058404609234445,Rameen_Chewing_Video_Files
307.76,0.3510323640446876,Rameen_Chewing_Video_Files
307.8,0.3059637940937215,Rameen_Chewing_Video_Files
307.84,0.3813865943268653,Rameen_Chewing_Video_Files
307.88,0.4517312687592951,Rameen_Chewing_Video_Files
307.92,0.4766239634036758,Rameen_Chewing_Video_Files
307.96,0.4858992970792474,Rameen_Chewing_Video_Files
308.0,1.1134052445394746,Rameen_Chewing_Video_Files
308.04,0.9862093069477174,Rameen_Chewing_Video_Files
308.08,0.6641887126368491,Rameen_Chewing_Video_Files
308.12,0.5585238391532743,Rameen_Chewing_Video_Files
308.16,0.5709979834932064,Rameen_Chewing_Video_Files
308.2,0.5875177290935837,Rameen_Chewing_Video_Files
308.24,0.2350930441378079,Rameen_Chewing_Video_Files
308.28,0.1844830991693715,Rameen_Chewing_Video_Files
308.32,0.1544216464188317,Rameen_Chewing_Video_Files
308.36,0.1396817455718573,Rameen_Chewing_Video_Files
308.4,0.1443621011725077,Rameen_Chewing_Video_Files
308.44,0.1327142831236015,Rameen_Chewing_Video_Files
308.48,0.1483060278605819,Rameen_Chewing_Video_Files
308.52,0.1550846882794257,Rameen_Chewing_Video_Files
308.56,0.1535635511875198,Rameen_Chewing_Video_Files
308.6,0.1848786330169129,Rameen_Chewing_Video_Files
308.64,0.2206593343270018,Rameen_Chewing_Video_Files
308.68,0.2403364998520517,Rameen_Chewing_Video_Files
308.72,0.2619120751600946,Rameen_Chewing_Video_Files
308.76,0.3093680948624244,Rameen_Chewing_Video_Files
308.8,0.7541280092269468,Rameen_Chewing_Video_Files
308.84,1.933084704911308,Rameen_Chewing_Video_Files
308.88,2.7188363503868147,Rameen_Chewing_Video_Files
308.92,2.875350396119405,Rameen_Chewing_Video_Files
308.96,2.573270523319304,Rameen_Chewing_Video_Files
309.0,1.352623167534299,Rameen_Chewing_Video_Files
309.04,0.6098668734162087,Rameen_Chewing_Video_Files
309.08,1.0081392880775808,Rameen_Chewing_Video_Files
309.12,1.5821977462002843,Rameen_Chewing_Video_Files
309.16,2.2345633348110834,Rameen_Chewing_Video_Files
309.2,2.1727838941222597,Rameen_Chewing_Video_Files
309.24,1.6248749157387428,Rameen_Chewing_Video_Files
309.28,1.05176167792303,Rameen_Chewing_Video_Files
309.32,0.6397695696449672,Rameen_Chewing_Video_Files
309.36,0.5386387999699188,Rameen_Chewing_Video_Files
309.4,0.5068554020273505,Rameen_Chewing_Video_Files
309.44,0.3395115086361235,Rameen_Chewing_Video_Files
309.48,0.4677225063623848,Rameen_Chewing_Video_Files
309.52,0.567812147732546,Rameen_Chewing_Video_Files
309.56,0.5642245789919769,Rameen_Chewing_Video_Files
309.6,0.5290553632991274,Rameen_Chewing_Video_Files
309.64,0.4922883818398271,Rameen_Chewing_Video_Files
309.68,0.4424831286377563,Rameen_Chewing_Video_Files
309.72,0.4295258419705813,Rameen_Chewing_Video_Files
309.76,0.3555101767658802,Rameen_Chewing_Video_Files
309.8,0.3632932608784215,Rameen_Chewing_Video_Files
309.84,2.453431102694319,Rameen_Chewing_Video_Files
309.88,1.187332049119994,Rameen_Chewing_Video_Files
309.92,0.7251811965444132,Rameen_Chewing_Video_Files
309.96,0.7378536797322737,Rameen_Chewing_Video_Files
310.0,0.801218273475791,Rameen_Chewing_Video_Files
310.04,0.7630800747619677,Rameen_Chewing_Video_Files
310.08,0.7681628945769382,Rameen_Chewing_Video_Files
310.12,0.4356371450321801,Rameen_Chewing_Video_Files
310.16,0.235579249554927,Rameen_Chewing_Video_Files
310.2,0.1496127800235779,Rameen_Chewing_Video_Files
310.24,0.1793266384792906,Rameen_Chewing_Video_Files
310.28,0.191412147673275,Rameen_Chewing_Video_Files
310.32,0.2465156790058428,Rameen_Chewing_Video_Files
310.36,0.2907936125456011,Rameen_Chewing_Video_Files
310.4,0.3151492990780599,Rameen_Chewing_Video_Files
310.44,0.3150354211798081,Rameen_Chewing_Video_Files
310.48,0.9511324661624174,Rameen_Chewing_Video_Files
310.52,1.8125104296949468,Rameen_Chewing_Video_Files
310.56,2.219466623409875,Rameen_Chewing_Video_Files
310.6,2.6232066916607617,Rameen_Chewing_Video_Files
310.64,1.654342725030894,Rameen_Chewing_Video_Files
310.68,1.6798932780624325,Rameen_Chewing_Video_Files
310.72,3.4901583712731465,Rameen_Chewing_Video_Files
310.76,1.5539503295358528,Rameen_Chewing_Video_Files
310.8,0.8754644506866963,Rameen_Chewing_Video_Files
310.84,0.5834431136835901,Rameen_Chewing_Video_Files
310.88,0.5258836424397921,Rameen_Chewing_Video_Files
310.92,0.2488800003164095,Rameen_Chewing_Video_Files
310.96,0.1847393069015395,Rameen_Chewing_Video_Files
311.0,0.2183606263487489,Rameen_Chewing_Video_Files
311.04,0.246253948022645,Rameen_Chewing_Video_Files
311.08,0.2953294650243557,Rameen_Chewing_Video_Files
311.12,0.2866249908229877,Rameen_Chewing_Video_Files
311.16,0.2604637848621791,Rameen_Chewing_Video_Files
311.2,0.2224080580726349,Rameen_Chewing_Video_Files
311.24,1.4881299946490067,Rameen_Chewing_Video_Files
311.28,3.640951908989419,Rameen_Chewing_Video_Files
311.32,1.5197314863300693,Rameen_Chewing_Video_Files
311.36,1.3737854584135465,Rameen_Chewing_Video_Files
311.4,1.343107158334362,Rameen_Chewing_Video_Files
311.44,1.8417516682656936,Rameen_Chewing_Video_Files
311.48,1.17192155364982,Rameen_Chewing_Video_Files
311.52,0.4769506973753334,Rameen_Chewing_Video_Files
311.56,0.2538082652717778,Rameen_Chewing_Video_Files
311.6,0.2362802739605801,Rameen_Chewing_Video_Files
311.64,0.0802472419886661,Rameen_Chewing_Video_Files
311.68,0.0789749327151268,Rameen_Chewing_Video_Files
311.72,0.1665972050806822,Rameen_Chewing_Video_Files
311.76,0.2328788575087744,Rameen_Chewing_Video_Files
311.8,0.1824346376059161,Rameen_Chewing_Video_Files
311.84,0.1359748125477427,Rameen_Chewing_Video_Files
311.88,0.2088694345689506,Rameen_Chewing_Video_Files
311.92,2.733260388571276,Rameen_Chewing_Video_Files
311.96,3.097146019095575,Rameen_Chewing_Video_Files
312.0,2.517144688549216,Rameen_Chewing_Video_Files
312.04,2.286667500326076,Rameen_Chewing_Video_Files
312.08,5.274468313461523,Rameen_Chewing_Video_Files
312.12,3.913972661280922,Rameen_Chewing_Video_Files
312.16,1.803108907628434,Rameen_Chewing_Video_Files
312.2,1.3676237117396597,Rameen_Chewing_Video_Files
312.24,1.0340128173390233,Rameen_Chewing_Video_Files
312.28,0.4858833655465671,Rameen_Chewing_Video_Files
312.32,0.3571764673360813,Rameen_Chewing_Video_Files
312.36,0.3213044791760863,Rameen_Chewing_Video_Files
312.4,0.3600842177463641,Rameen_Chewing_Video_Files
312.44,0.3771434830659519,Rameen_Chewing_Video_Files
312.48,0.3693213921401536,Rameen_Chewing_Video_Files
312.52,0.345704190243278,Rameen_Chewing_Video_Files
312.56,0.3313159612185827,Rameen_Chewing_Video_Files
312.6,0.3101776417333909,Rameen_Chewing_Video_Files
312.64,0.3842415558230726,Rameen_Chewing_Video_Files
312.68,4.599095411525492,Rameen_Chewing_Video_Files
312.72,1.863351873184644,Rameen_Chewing_Video_Files
312.76,1.363954324196028,Rameen_Chewing_Video_Files
312.8,2.675450448857904,Rameen_Chewing_Video_Files
312.84,2.117538423715164,Rameen_Chewing_Video_Files
312.88,6.37228353864005,Rameen_Chewing_Video_Files
312.92,1.8703621521450768,Rameen_Chewing_Video_Files
312.96,0.91576450613979,Rameen_Chewing_Video_Files
313.0,0.5371339686553271,Rameen_Chewing_Video_Files
313.04,0.2231978237312849,Rameen_Chewing_Video_Files
313.08,0.2144212813040105,Rameen_Chewing_Video_Files
313.12,0.5238793625704544,Rameen_Chewing_Video_Files
313.16,0.5797463619264229,Rameen_Chewing_Video_Files
313.2,0.6005650810395506,Rameen_Chewing_Video_Files
313.24,0.6262308992268966,Rameen_Chewing_Video_Files
313.28,0.7868135900089284,Rameen_Chewing_Video_Files
313.32,1.0581642272054308,Rameen_Chewing_Video_Files
313.36,1.0555257960950566,Rameen_Chewing_Video_Files
313.4,2.0005261961372547,Rameen_Chewing_Video_Files
313.44,3.494428292095644,Rameen_Chewing_Video_Files
313.48,2.9849949518620846,Rameen_Chewing_Video_Files
313.52,2.58849820194442,Rameen_Chewing_Video_Files
313.56,2.0655025600757644,Rameen_Chewing_Video_Files
313.6,2.72471935206658,Rameen_Chewing_Video_Files
313.64,3.656090685863082,Rameen_Chewing_Video_Files
313.68,1.184254393350197,Rameen_Chewing_Video_Files
313.72,0.8019702074099092,Rameen_Chewing_Video_Files
313.76,0.658926610647664,Rameen_Chewing_Video_Files
313.8,0.5415342411219715,Rameen_Chewing_Video_Files
313.84,0.4250001849568995,Rameen_Chewing_Video_Files
313.88,0.4227517285941072,Rameen_Chewing_Video_Files
313.92,0.3540280735991361,Rameen_Chewing_Video_Files
313.96,0.3472444689306747,Rameen_Chewing_Video_Files
314.0,0.3381458537630475,Rameen_Chewing_Video_Files
314.04,0.3394604188737116,Rameen_Chewing_Video_Files
314.08,0.3221008663507451,Rameen_Chewing_Video_Files
314.12,0.6162516611961418,Rameen_Chewing_Video_Files
314.16,3.6262204730314456,Rameen_Chewing_Video_Files
314.2,2.292006358963843,Rameen_Chewing_Video_Files
314.24,2.7385761681029286,Rameen_Chewing_Video_Files
314.28,1.7118585515114637,Rameen_Chewing_Video_Files
314.32,3.076286339466249,Rameen_Chewing_Video_Files
314.36,1.198515195318233,Rameen_Chewing_Video_Files
314.4,0.3935166872606647,Rameen_Chewing_Video_Files
314.44,0.4343936275020016,Rameen_Chewing_Video_Files
314.48,0.2451305379312426,Rameen_Chewing_Video_Files
314.52,0.1484738144454717,Rameen_Chewing_Video_Files
314.56,0.2199018794326754,Rameen_Chewing_Video_Files
314.6,0.2467633753237085,Rameen_Chewing_Video_Files
314.64,0.4373826491764839,Rameen_Chewing_Video_Files
314.68,0.181791904935683,Rameen_Chewing_Video_Files
314.72,0.0538455415835706,Rameen_Chewing_Video_Files
314.76,0.0453238835875287,Rameen_Chewing_Video_Files
314.8,0.0742010444814386,Rameen_Chewing_Video_Files
314.84,0.1101461599959942,Rameen_Chewing_Video_Files
314.88,0.1040317761216671,Rameen_Chewing_Video_Files
314.92,0.4946077412287294,Rameen_Chewing_Video_Files
314.96,0.6466928613280871,Rameen_Chewing_Video_Files
315.0,0.9790852290717482,Rameen_Chewing_Video_Files
315.04,1.0671073524068224,Rameen_Chewing_Video_Files
315.08,1.2797412122057037,Rameen_Chewing_Video_Files
315.12,1.1983365020193224,Rameen_Chewing_Video_Files
315.16,0.8405160653973189,Rameen_Chewing_Video_Files
315.2,0.7701587437865962,Rameen_Chewing_Video_Files
315.24,0.4196825436387072,Rameen_Chewing_Video_Files
315.28,0.2955740754218232,Rameen_Chewing_Video_Files
315.32,0.3051958173269141,Rameen_Chewing_Video_Files
315.36,0.2692425929953715,Rameen_Chewing_Video_Files
315.4,0.2894215742805643,Rameen_Chewing_Video_Files
315.44,0.2783684293288191,Rameen_Chewing_Video_Files
315.48,0.2628626266505542,Rameen_Chewing_Video_Files
315.52,0.5191111581882707,Rameen_Chewing_Video_Files
315.56,1.032021626783843,Rameen_Chewing_Video_Files
315.6,0.7661161437206785,Rameen_Chewing_Video_Files
315.64,0.6305847218225824,Rameen_Chewing_Video_Files
315.68,0.5998107833106543,Rameen_Chewing_Video_Files
315.72,0.4974439121873957,Rameen_Chewing_Video_Files
315.76,0.4425333688051529,Rameen_Chewing_Video_Files
315.8,0.3726411153706717,Rameen_Chewing_Video_Files
315.84,0.3672186358451473,Rameen_Chewing_Video_Files
315.88,0.4561584505182918,Rameen_Chewing_Video_Files
315.92,1.1548259440029018,Rameen_Chewing_Video_Files
315.96,1.3062651990247092,Rameen_Chewing_Video_Files
316.0,1.3795712051139153,Rameen_Chewing_Video_Files
316.04,1.2858746517056627,Rameen_Chewing_Video_Files
316.08,0.5544572737780868,Rameen_Chewing_Video_Files
316.12,0.3843224044158847,Rameen_Chewing_Video_Files
316.16,0.1128411453977049,Rameen_Chewing_Video_Files
316.2,0.0141615923729279,Rameen_Chewing_Video_Files
316.24,0.1820088699596225,Rameen_Chewing_Video_Files
316.28,0.2983447589526442,Rameen_Chewing_Video_Files
316.32,0.3219445653190476,Rameen_Chewing_Video_Files
316.36,0.3564405913330672,Rameen_Chewing_Video_Files
316.4,0.3976001546257283,Rameen_Chewing_Video_Files
316.44,0.432198683511976,Rameen_Chewing_Video_Files
316.48,0.4683240745214981,Rameen_Chewing_Video_Files
316.52,0.6154258060878477,Rameen_Chewing_Video_Files
316.56,0.7826263825864647,Rameen_Chewing_Video_Files
316.6,0.8357161097581765,Rameen_Chewing_Video_Files
316.64,0.7418280626533017,Rameen_Chewing_Video_Files
316.68,0.8280307491416425,Rameen_Chewing_Video_Files
316.72,0.7381774081691048,Rameen_Chewing_Video_Files
316.76,0.8863929629203251,Rameen_Chewing_Video_Files
316.8,3.881718825363785,Rameen_Chewing_Video_Files
316.84,2.919061454107217,Rameen_Chewing_Video_Files
316.88,3.55566405395273,Rameen_Chewing_Video_Files
316.92,2.2024927133994545,Rameen_Chewing_Video_Files
316.96,2.077137943827253,Rameen_Chewing_Video_Files
317.0,2.013349543357961,Rameen_Chewing_Video_Files
317.04,2.15273150849178,Rameen_Chewing_Video_Files
317.08,6.109189352796633,Rameen_Chewing_Video_Files
317.12,2.6241574729116435,Rameen_Chewing_Video_Files
317.16,1.7253630339882955,Rameen_Chewing_Video_Files
317.2,1.7148815740251444,Rameen_Chewing_Video_Files
317.24,1.3011680842946498,Rameen_Chewing_Video_Files
317.28,0.8456801008917791,Rameen_Chewing_Video_Files
317.32,0.7225590486253739,Rameen_Chewing_Video_Files
317.36,0.5914618548189012,Rameen_Chewing_Video_Files
317.4,0.5818585773459067,Rameen_Chewing_Video_Files
317.44,0.56220122595799,Rameen_Chewing_Video_Files
317.48,0.6279973307549603,Rameen_Chewing_Video_Files
317.52,0.6385605947462158,Rameen_Chewing_Video_Files
317.56,0.6941933794287938,Rameen_Chewing_Video_Files
317.6,0.7549812680177179,Rameen_Chewing_Video_Files
317.64,0.795053433637765,Rameen_Chewing_Video_Files
317.68,1.3135690239975242,Rameen_Chewing_Video_Files
317.72,2.9430528103321745,Rameen_Chewing_Video_Files
317.76,1.5454080301847568,Rameen_Chewing_Video_Files
317.8,2.2417004916371512,Rameen_Chewing_Video_Files
317.84,2.4586305696901367,Rameen_Chewing_Video_Files
317.88,2.635330900377669,Rameen_Chewing_Video_Files
317.92,2.241131038343289,Rameen_Chewing_Video_Files
317.96,1.566998015542809,Rameen_Chewing_Video_Files
318.0,3.428819580247417,Rameen_Chewing_Video_Files
318.04,4.225637590387741,Rameen_Chewing_Video_Files
318.08,3.877902329598709,Rameen_Chewing_Video_Files
318.12,2.593124086138151,Rameen_Chewing_Video_Files
318.16,1.7045383722238965,Rameen_Chewing_Video_Files
318.2,1.389589686270607,Rameen_Chewing_Video_Files
318.24,1.451695720698771,Rameen_Chewing_Video_Files
318.28,1.2662682831472667,Rameen_Chewing_Video_Files
318.32,1.294953097756871,Rameen_Chewing_Video_Files
318.36,1.1109637235513057,Rameen_Chewing_Video_Files
318.4,0.988799834791945,Rameen_Chewing_Video_Files
318.44,0.901898652810582,Rameen_Chewing_Video_Files
318.48,0.7565391058421265,Rameen_Chewing_Video_Files
318.52,0.4475674900014558,Rameen_Chewing_Video_Files
318.56,0.3690742060127254,Rameen_Chewing_Video_Files
318.6,0.3598131143297646,Rameen_Chewing_Video_Files
318.64,0.2685305439936249,Rameen_Chewing_Video_Files
318.68,9.127752336611596,Rameen_Chewing_Video_Files
318.72,10.336859783348,Rameen_Chewing_Video_Files
318.76,10.54899285250625,Rameen_Chewing_Video_Files
318.8,11.310887399850849,Rameen_Chewing_Video_Files
318.84,11.498998295705796,Rameen_Chewing_Video_Files
318.88,14.175726281669895,Rameen_Chewing_Video_Files
318.92,18.58324681972254,Rameen_Chewing_Video_Files
318.96,22.711709240493768,Rameen_Chewing_Video_Files
319.0,22.875441310734367,Rameen_Chewing_Video_Files
319.04,20.85397217427907,Rameen_Chewing_Video_Files
319.08,14.999804323467757,Rameen_Chewing_Video_Files
319.12,12.349017841896847,Rameen_Chewing_Video_Files
319.16,10.971483346547902,Rameen_Chewing_Video_Files
319.2,7.645669002111702,Rameen_Chewing_Video_Files
319.24,2.74130421787224,Rameen_Chewing_Video_Files
319.28,1.282448239137352,Rameen_Chewing_Video_Files
319.32,0.6635307322608794,Rameen_Chewing_Video_Files
319.36,0.2479462790674109,Rameen_Chewing_Video_Files
319.4,0.1159010540214641,Rameen_Chewing_Video_Files
319.44,0.1318739424869709,Rameen_Chewing_Video_Files
319.48,0.1743319802130097,Rameen_Chewing_Video_Files
319.52,0.0995631619878672,Rameen_Chewing_Video_Files
319.56,0.2169844503519067,Rameen_Chewing_Video_Files
319.6,0.47539653451662,Rameen_Chewing_Video_Files
319.64,0.5649877204391052,Rameen_Chewing_Video_Files
319.68,1.621581362524919,Rameen_Chewing_Video_Files
319.72,2.464687169688686,Rameen_Chewing_Video_Files
319.76,2.5504762573676616,Rameen_Chewing_Video_Files
319.8,2.1091437094030514,Rameen_Chewing_Video_Files
319.84,1.461954124784283,Rameen_Chewing_Video_Files
319.88,4.545221809213287,Rameen_Chewing_Video_Files
319.92,3.935608177482,Rameen_Chewing_Video_Files
319.96,3.940150406371492,Rameen_Chewing_Video_Files
320.0,2.7760114402160143,Rameen_Chewing_Video_Files
320.04,2.05415948473308,Rameen_Chewing_Video_Files
320.08,1.251007398235488,Rameen_Chewing_Video_Files
320.12,0.9709081817382932,Rameen_Chewing_Video_Files
320.16,0.9396648941259156,Rameen_Chewing_Video_Files
320.2,0.8830115925699513,Rameen_Chewing_Video_Files
320.24,0.8081939200833095,Rameen_Chewing_Video_Files
320.28,0.5799472346886732,Rameen_Chewing_Video_Files
320.32,0.4863960059369456,Rameen_Chewing_Video_Files
320.36,0.5068476310163609,Rameen_Chewing_Video_Files
320.4,0.4730302502390733,Rameen_Chewing_Video_Files
320.44,0.5181287513200532,Rameen_Chewing_Video_Files
320.48,0.7232332018347536,Rameen_Chewing_Video_Files
320.52,2.363755539329887,Rameen_Chewing_Video_Files
320.56,10.18884592906474,Rameen_Chewing_Video_Files
320.6,24.60851511249524,Rameen_Chewing_Video_Files
320.64,23.65806011063029,Rameen_Chewing_Video_Files
320.68,24.10674839135673,Rameen_Chewing_Video_Files
320.72,24.41315702730849,Rameen_Chewing_Video_Files
320.76,25.322003696315072,Rameen_Chewing_Video_Files
320.8,29.461714235749955,Rameen_Chewing_Video_Files
320.84,32.70225945313844,Rameen_Chewing_Video_Files
320.88,41.39409695256583,Rameen_Chewing_Video_Files
320.92,47.40134350044443,Rameen_Chewing_Video_Files
320.96,48.92781706645773,Rameen_Chewing_Video_Files
321.0,50.49858572231837,Rameen_Chewing_Video_Files
321.04,50.51717130354618,Rameen_Chewing_Video_Files
321.08,50.557518484700665,Rameen_Chewing_Video_Files
321.12,47.58436463112147,Rameen_Chewing_Video_Files
321.16,43.67238996570038,Rameen_Chewing_Video_Files
321.2,37.65341118227817,Rameen_Chewing_Video_Files
321.24,31.373540863431103,Rameen_Chewing_Video_Files
321.28,13.25936070413354,Rameen_Chewing_Video_Files
321.32,12.439638360781265,Rameen_Chewing_Video_Files
321.36,10.722719248834682,Rameen_Chewing_Video_Files
321.4,5.786901018268629,Rameen_Chewing_Video_Files
321.44,8.110998081565013,Rameen_Chewing_Video_Files
321.48,8.449309626999382,Rameen_Chewing_Video_Files
321.52,2.945929809143118,Rameen_Chewing_Video_Files
321.56,3.1113825550234107,Rameen_Chewing_Video_Files
321.6,2.8848329558229904,Rameen_Chewing_Video_Files
321.64,3.0890571261736466,Rameen_Chewing_Video_Files
321.68,0.3681470840250946,Rameen_Chewing_Video_Files
321.72,0.7666997330367108,Rameen_Chewing_Video_Files
321.76,11.95239825060372,Rameen_Chewing_Video_Files
321.8,9.3641375047478,Rameen_Chewing_Video_Files
321.84,3.366337372856336,Rameen_Chewing_Video_Files
321.88,3.3893921345197504,Rameen_Chewing_Video_Files
321.92,4.5475304852378855,Rameen_Chewing_Video_Files
321.96,5.607313729535285,Rameen_Chewing_Video_Files
322.0,4.567589103308294,Rameen_Chewing_Video_Files
322.04,5.182691097360843,Rameen_Chewing_Video_Files
322.08,3.905748250625943,Rameen_Chewing_Video_Files
322.12,2.3671926814797044,Rameen_Chewing_Video_Files
322.16,2.2497049270863285,Rameen_Chewing_Video_Files
322.2,2.268885390138187,Rameen_Chewing_Video_Files
322.24,2.22815983994641,Rameen_Chewing_Video_Files
322.28,2.361234210266598,Rameen_Chewing_Video_Files
322.32,2.331274238692575,Rameen_Chewing_Video_Files
322.36,1.7355655904456833,Rameen_Chewing_Video_Files
322.4,1.521602917833568,Rameen_Chewing_Video_Files
322.44,5.303535879996745,Rameen_Chewing_Video_Files
322.48,3.615880283961105,Rameen_Chewing_Video_Files
322.52,3.147321389776052,Rameen_Chewing_Video_Files
322.56,2.9787480934058417,Rameen_Chewing_Video_Files
322.6,2.5171204004117635,Rameen_Chewing_Video_Files
322.64,3.496721856606023,Rameen_Chewing_Video_Files
322.68,3.7076343979566353,Rameen_Chewing_Video_Files
322.72,2.0164956841063577,Rameen_Chewing_Video_Files
322.76,1.2111617159659709,Rameen_Chewing_Video_Files
322.8,0.9030622779479822,Rameen_Chewing_Video_Files
322.84,0.7534094199352601,Rameen_Chewing_Video_Files
322.88,0.6978465173615656,Rameen_Chewing_Video_Files
322.92,0.5948525537681452,Rameen_Chewing_Video_Files
322.96,0.839624114239667,Rameen_Chewing_Video_Files
323.0,0.7839657061621659,Rameen_Chewing_Video_Files
323.04,0.885865235005862,Rameen_Chewing_Video_Files
323.08,1.385482652979159,Rameen_Chewing_Video_Files
323.12,6.170578150191016,Rameen_Chewing_Video_Files
323.16,5.504450648436362,Rameen_Chewing_Video_Files
323.2,5.473992299884509,Rameen_Chewing_Video_Files
323.24,3.720736385057117,Rameen_Chewing_Video_Files
323.28,3.295148512372428,Rameen_Chewing_Video_Files
323.32,1.436064339105002,Rameen_Chewing_Video_Files
323.36,4.92231379591311,Rameen_Chewing_Video_Files
323.4,6.157106946084971,Rameen_Chewing_Video_Files
323.44,5.508676328667368,Rameen_Chewing_Video_Files
323.48,3.689069791503421,Rameen_Chewing_Video_Files
323.52,1.9901649775213708,Rameen_Chewing_Video_Files
323.56,1.4436450361197148,Rameen_Chewing_Video_Files
323.6,1.6631880314487475,Rameen_Chewing_Video_Files
323.64,1.5664017690804697,Rameen_Chewing_Video_Files
323.68,1.5096290833244794,Rameen_Chewing_Video_Files
323.72,0.9985868878182288,Rameen_Chewing_Video_Files
323.76,0.9009655969665978,Rameen_Chewing_Video_Files
323.8,0.9384611444439368,Rameen_Chewing_Video_Files
323.84,5.637191610947141,Rameen_Chewing_Video_Files
323.88,3.369685608065276,Rameen_Chewing_Video_Files
323.92,2.6050097849089178,Rameen_Chewing_Video_Files
323.96,3.047732030380692,Rameen_Chewing_Video_Files
324.0,4.123854334580572,Rameen_Chewing_Video_Files
324.04,4.262858136623193,Rameen_Chewing_Video_Files
324.08,3.26938458464634,Rameen_Chewing_Video_Files
324.12,2.578000608960779,Rameen_Chewing_Video_Files
324.16,2.336513206066165,Rameen_Chewing_Video_Files
324.2,2.297957698137205,Rameen_Chewing_Video_Files
324.24,1.2527660300192016,Rameen_Chewing_Video_Files
324.28,0.7623406058521731,Rameen_Chewing_Video_Files
324.32,0.5571016578774627,Rameen_Chewing_Video_Files
324.36,0.5318406534871551,Rameen_Chewing_Video_Files
324.4,0.5548733998588846,Rameen_Chewing_Video_Files
324.44,0.6458806683721093,Rameen_Chewing_Video_Files
324.48,0.6971781569297002,Rameen_Chewing_Video_Files
324.52,0.9188537363471104,Rameen_Chewing_Video_Files
324.56,1.1072445345878978,Rameen_Chewing_Video_Files
324.6,1.4761678879819229,Rameen_Chewing_Video_Files
324.64,0.9855457442306882,Rameen_Chewing_Video_Files
324.68,0.7897956982694516,Rameen_Chewing_Video_Files
324.72,0.7592553953788882,Rameen_Chewing_Video_Files
324.76,0.7161844846201086,Rameen_Chewing_Video_Files
324.8,0.9215771640052148,Rameen_Chewing_Video_Files
324.84,1.0882837422714464,Rameen_Chewing_Video_Files
324.88,1.1092596673831832,Rameen_Chewing_Video_Files
324.92,1.001190977977932,Rameen_Chewing_Video_Files
324.96,1.376826719338501,Rameen_Chewing_Video_Files
325.0,1.6635088381678151,Rameen_Chewing_Video_Files
325.04,1.4466647228426532,Rameen_Chewing_Video_Files
325.08,1.043363215290516,Rameen_Chewing_Video_Files
325.12,2.5084403331258103,Rameen_Chewing_Video_Files
325.16,1.677487352985451,Rameen_Chewing_Video_Files
325.2,1.6133337301025572,Rameen_Chewing_Video_Files
325.24,1.3451748485469732,Rameen_Chewing_Video_Files
325.28,1.0161002177853249,Rameen_Chewing_Video_Files
325.32,0.9704447272445734,Rameen_Chewing_Video_Files
325.36,0.8871658764394824,Rameen_Chewing_Video_Files
325.4,0.8690009217823592,Rameen_Chewing_Video_Files
325.44,0.885943214064499,Rameen_Chewing_Video_Files
325.48,0.8756074391986178,Rameen_Chewing_Video_Files
325.52,0.9560335955265103,Rameen_Chewing_Video_Files
325.56,1.5953781044840272,Rameen_Chewing_Video_Files
325.6,1.6591011752176077,Rameen_Chewing_Video_Files
325.64,1.6558281388607143,Rameen_Chewing_Video_Files
325.68,2.1311251740192163,Rameen_Chewing_Video_Files
325.72,2.814410446023823,Rameen_Chewing_Video_Files
325.76,2.6609082965464737,Rameen_Chewing_Video_Files
325.8,2.3581648894588527,Rameen_Chewing_Video_Files
325.84,1.7665452848395164,Rameen_Chewing_Video_Files
325.88,1.4553861225316391,Rameen_Chewing_Video_Files
325.92,1.0991265264195968,Rameen_Chewing_Video_Files
325.96,0.8407945621338654,Rameen_Chewing_Video_Files
326.0,8.05386724457108,Rameen_Chewing_Video_Files
326.04,3.741887929585892,Rameen_Chewing_Video_Files
326.08,1.791113229781603,Rameen_Chewing_Video_Files
326.12,2.001423994348308,Rameen_Chewing_Video_Files
326.16,7.672859841954169,Rameen_Chewing_Video_Files
326.2,9.535108504686717,Rameen_Chewing_Video_Files
326.24,4.0350862647841845,Rameen_Chewing_Video_Files
326.28,2.2724522224974213,Rameen_Chewing_Video_Files
326.32,1.7052377553405502,Rameen_Chewing_Video_Files
326.36,2.095844447368983,Rameen_Chewing_Video_Files
326.4,1.4431020232947294,Rameen_Chewing_Video_Files
326.44,1.5040444279814835,Rameen_Chewing_Video_Files
326.48,1.0640349645139326,Rameen_Chewing_Video_Files
326.52,0.6999547185717171,Rameen_Chewing_Video_Files
326.56,0.5928921548760799,Rameen_Chewing_Video_Files
326.6,0.6710296616117266,Rameen_Chewing_Video_Files
326.64,2.9132414351742786,Rameen_Chewing_Video_Files
326.68,6.421652254922077,Rameen_Chewing_Video_Files
326.72,6.402194588603721,Rameen_Chewing_Video_Files
326.76,6.293767268851881,Rameen_Chewing_Video_Files
326.8,5.288325010651937,Rameen_Chewing_Video_Files
326.84,7.1814528041747625,Rameen_Chewing_Video_Files
326.88,6.425856435458053,Rameen_Chewing_Video_Files
326.92,2.361220168418655,Rameen_Chewing_Video_Files
326.96,1.3015850554185673,Rameen_Chewing_Video_Files
327.0,1.854729283202731,Rameen_Chewing_Video_Files
327.04,1.459960116316212,Rameen_Chewing_Video_Files
327.08,1.330526526189013,Rameen_Chewing_Video_Files
327.12,1.7409781871842178,Rameen_Chewing_Video_Files
327.16,2.0232304395004506,Rameen_Chewing_Video_Files
327.2,1.7032966050984866,Rameen_Chewing_Video_Files
327.24,1.7884346612888544,Rameen_Chewing_Video_Files
327.28,2.9921854256072757,Rameen_Chewing_Video_Files
327.32,1.4780375530804817,Rameen_Chewing_Video_Files
327.36,2.2406217637169945,Rameen_Chewing_Video_Files
327.4,5.84744055796274,Rameen_Chewing_Video_Files
327.44,4.229391090321932,Rameen_Chewing_Video_Files
327.48,3.2997653241660863,Rameen_Chewing_Video_Files
327.52,3.1518878804881827,Rameen_Chewing_Video_Files
327.56,3.0010571529450023,Rameen_Chewing_Video_Files
327.6,3.2422018768956957,Rameen_Chewing_Video_Files
327.64,1.2107239397548717,Rameen_Chewing_Video_Files
327.68,0.6510416214373723,Rameen_Chewing_Video_Files
327.72,1.113715014775749,Rameen_Chewing_Video_Files
327.76,1.9669317153442392,Rameen_Chewing_Video_Files
327.8,1.9821951456611795,Rameen_Chewing_Video_Files
327.84,1.502771351872243,Rameen_Chewing_Video_Files
327.88,1.408151522312751,Rameen_Chewing_Video_Files
327.92,1.1285185931542814,Rameen_Chewing_Video_Files
327.96,1.0321586527863198,Rameen_Chewing_Video_Files
328.0,0.8769705839721932,Rameen_Chewing_Video_Files
328.04,0.7421437857549444,Rameen_Chewing_Video_Files
328.08,1.1946382000565283,Rameen_Chewing_Video_Files
328.12,1.221885243519336,Rameen_Chewing_Video_Files
328.16,2.921781801813141,Rameen_Chewing_Video_Files
328.2,2.3416886515919635,Rameen_Chewing_Video_Files
328.24,1.6806601418719886,Rameen_Chewing_Video_Files
328.28,2.0127535261433267,Rameen_Chewing_Video_Files
328.32,1.2932906487468898,Rameen_Chewing_Video_Files
328.36,1.054414404011531,Rameen_Chewing_Video_Files
328.4,0.8234803447110755,Rameen_Chewing_Video_Files
328.44,0.7352287671001766,Rameen_Chewing_Video_Files
328.48,0.4984847669821289,Rameen_Chewing_Video_Files
328.52,0.3986423236663535,Rameen_Chewing_Video_Files
328.56,0.4673952591267917,Rameen_Chewing_Video_Files
328.6,0.5172133437991568,Rameen_Chewing_Video_Files
328.64,0.5222194216776439,Rameen_Chewing_Video_Files
328.68,0.5449380643637608,Rameen_Chewing_Video_Files
328.72,0.5480366913498644,Rameen_Chewing_Video_Files
328.76,0.5510390452548714,Rameen_Chewing_Video_Files
328.8,0.5447153404158473,Rameen_Chewing_Video_Files
328.84,0.5743188329986776,Rameen_Chewing_Video_Files
328.88,1.3521638133276084,Rameen_Chewing_Video_Files
328.92,1.0457607817512788,Rameen_Chewing_Video_Files
328.96,1.964810880953908,Rameen_Chewing_Video_Files
329.0,1.505070276192235,Rameen_Chewing_Video_Files
329.04,1.680328325243348,Rameen_Chewing_Video_Files
329.08,2.044061020131352,Rameen_Chewing_Video_Files
329.12,2.13703390770186,Rameen_Chewing_Video_Files
329.16,2.0268137971794715,Rameen_Chewing_Video_Files
329.2,1.2289906356675242,Rameen_Chewing_Video_Files
329.24,1.0041442843710662,Rameen_Chewing_Video_Files
329.28,0.957632473738631,Rameen_Chewing_Video_Files
329.32,0.883410641631465,Rameen_Chewing_Video_Files
329.36,0.9211502282582568,Rameen_Chewing_Video_Files
329.4,0.880216918111139,Rameen_Chewing_Video_Files
329.44,0.7465027473813002,Rameen_Chewing_Video_Files
329.48,0.6975698412398134,Rameen_Chewing_Video_Files
329.52,0.701322133246049,Rameen_Chewing_Video_Files
329.56,0.6017594228150025,Rameen_Chewing_Video_Files
329.6,0.4964406021710101,Rameen_Chewing_Video_Files
329.64,1.140355288112296,Rameen_Chewing_Video_Files
329.68,4.823151612496009,Rameen_Chewing_Video_Files
329.72,2.868327201044793,Rameen_Chewing_Video_Files
329.76,2.237400030266262,Rameen_Chewing_Video_Files
329.8,2.400952812327104,Rameen_Chewing_Video_Files
329.84,2.069755636021443,Rameen_Chewing_Video_Files
329.88,2.660234127573288,Rameen_Chewing_Video_Files
329.92,3.0481683271932813,Rameen_Chewing_Video_Files
329.96,1.863189068154763,Rameen_Chewing_Video_Files
330.0,2.034217078558582,Rameen_Chewing_Video_Files
330.04,1.4354769389855409,Rameen_Chewing_Video_Files
330.08,0.9326091523579724,Rameen_Chewing_Video_Files
330.12,0.7086489626077679,Rameen_Chewing_Video_Files
330.16,0.6173350616220868,Rameen_Chewing_Video_Files
330.2,0.8161854225622935,Rameen_Chewing_Video_Files
330.24,0.5819206593794609,Rameen_Chewing_Video_Files
330.28,0.4866754027450838,Rameen_Chewing_Video_Files
330.32,0.5640277475137672,Rameen_Chewing_Video_Files
330.36,0.9622851283645856,Rameen_Chewing_Video_Files
330.4,2.6289621738314097,Rameen_Chewing_Video_Files
330.44,1.5235447129552675,Rameen_Chewing_Video_Files
330.48,1.1467166507384714,Rameen_Chewing_Video_Files
330.52,1.3877360147660207,Rameen_Chewing_Video_Files
330.56,1.2118742218556178,Rameen_Chewing_Video_Files
330.6,1.1389837686246862,Rameen_Chewing_Video_Files
330.64,1.0083988049399877,Rameen_Chewing_Video_Files
330.68,1.0681560515370407,Rameen_Chewing_Video_Files
330.72,1.014962483355608,Rameen_Chewing_Video_Files
330.76,0.6711460208345943,Rameen_Chewing_Video_Files
330.8,0.4407880445518565,Rameen_Chewing_Video_Files
330.84,0.3443498641771099,Rameen_Chewing_Video_Files
330.88,0.246712472090655,Rameen_Chewing_Video_Files
330.92,0.2530771225946109,Rameen_Chewing_Video_Files
330.96,0.2450102682449575,Rameen_Chewing_Video_Files
331.0,0.2555767942382098,Rameen_Chewing_Video_Files
331.04,0.2749771656904876,Rameen_Chewing_Video_Files
331.08,0.3154260212913371,Rameen_Chewing_Video_Files
331.12,0.9920753642444008,Rameen_Chewing_Video_Files
331.16,1.3707638381024856,Rameen_Chewing_Video_Files
331.2,1.500667454606128,Rameen_Chewing_Video_Files
331.24,1.2723654185441056,Rameen_Chewing_Video_Files
331.28,1.350950303345095,Rameen_Chewing_Video_Files
331.32,4.500478229948125,Rameen_Chewing_Video_Files
331.36,2.7565938024279037,Rameen_Chewing_Video_Files
331.4,1.2669370052603326,Rameen_Chewing_Video_Files
331.44,0.5541488939472762,Rameen_Chewing_Video_Files
331.48,0.5328624677463744,Rameen_Chewing_Video_Files
331.52,0.5143432911081819,Rameen_Chewing_Video_Files
331.56,0.5911332495274165,Rameen_Chewing_Video_Files
331.6,0.3604000666153963,Rameen_Chewing_Video_Files
331.64,0.2841101771218928,Rameen_Chewing_Video_Files
331.68,0.3346861946332138,Rameen_Chewing_Video_Files
331.72,0.4680286661453314,Rameen_Chewing_Video_Files
331.76,0.501510116428942,Rameen_Chewing_Video_Files
331.8,1.0771273124993128,Rameen_Chewing_Video_Files
331.84,1.1131454781827737,Rameen_Chewing_Video_Files
331.88,1.005694331822848,Rameen_Chewing_Video_Files
331.92,5.012170073623288,Rameen_Chewing_Video_Files
331.96,4.372403575661576,Rameen_Chewing_Video_Files
332.0,2.6839966366975148,Rameen_Chewing_Video_Files
332.04,2.445453889984229,Rameen_Chewing_Video_Files
332.08,3.596831724853989,Rameen_Chewing_Video_Files
332.12,1.150941661433745,Rameen_Chewing_Video_Files
332.16,0.8754950196618202,Rameen_Chewing_Video_Files
332.2,0.6366210048505039,Rameen_Chewing_Video_Files
332.24,0.5627134715389204,Rameen_Chewing_Video_Files
332.28,0.6130482327513165,Rameen_Chewing_Video_Files
332.32,0.8535491303497498,Rameen_Chewing_Video_Files
332.36,0.8759078572793156,Rameen_Chewing_Video_Files
332.4,0.9185520706687758,Rameen_Chewing_Video_Files
332.44,0.9404125126528772,Rameen_Chewing_Video_Files
332.48,0.7062593775355988,Rameen_Chewing_Video_Files
332.52,0.7218717422033274,Rameen_Chewing_Video_Files
332.56,0.7460954648408231,Rameen_Chewing_Video_Files
332.6,0.8158260857457822,Rameen_Chewing_Video_Files
332.64,0.7919362562908359,Rameen_Chewing_Video_Files
332.68,1.6297583081812836,Rameen_Chewing_Video_Files
332.72,5.316065169408293,Rameen_Chewing_Video_Files
332.76,10.281905450021757,Rameen_Chewing_Video_Files
332.8,12.774208149181522,Rameen_Chewing_Video_Files
332.84,13.370970377568645,Rameen_Chewing_Video_Files
332.88,14.006496816541157,Rameen_Chewing_Video_Files
332.92,10.0157283698824,Rameen_Chewing_Video_Files
332.96,8.363398923863562,Rameen_Chewing_Video_Files
333.0,7.383299404925037,Rameen_Chewing_Video_Files
333.04,7.421317371780733,Rameen_Chewing_Video_Files
333.08,7.481664499874556,Rameen_Chewing_Video_Files
333.12,4.660871442703252,Rameen_Chewing_Video_Files
333.16,3.350787486186228,Rameen_Chewing_Video_Files
333.2,1.8118508140494751,Rameen_Chewing_Video_Files
333.24,1.0007465875859858,Rameen_Chewing_Video_Files
333.28,0.6669812078671239,Rameen_Chewing_Video_Files
333.32,0.5280165687242553,Rameen_Chewing_Video_Files
333.36,0.4937895612795601,Rameen_Chewing_Video_Files
333.4,0.4707214148935324,Rameen_Chewing_Video_Files
333.44,0.4312733717064569,Rameen_Chewing_Video_Files
333.48,0.3394634247291819,Rameen_Chewing_Video_Files
333.52,0.7187906082525152,Rameen_Chewing_Video_Files
333.56,1.1346425403820777,Rameen_Chewing_Video_Files
333.6,2.612500413504468,Rameen_Chewing_Video_Files
333.64,1.921307891842301,Rameen_Chewing_Video_Files
333.68,1.3473607102910317,Rameen_Chewing_Video_Files
333.72,1.5584815704883108,Rameen_Chewing_Video_Files
333.76,2.1601014630034734,Rameen_Chewing_Video_Files
333.8,4.189930107487139,Rameen_Chewing_Video_Files
333.84,5.180208762942089,Rameen_Chewing_Video_Files
333.88,5.306698547236008,Rameen_Chewing_Video_Files
333.92,4.089199209522209,Rameen_Chewing_Video_Files
333.96,2.91910550269198,Rameen_Chewing_Video_Files
334.0,2.246838005960532,Rameen_Chewing_Video_Files
334.04,1.9244906747215011,Rameen_Chewing_Video_Files
334.08,1.6474181171539644,Rameen_Chewing_Video_Files
334.12,1.456958392547462,Rameen_Chewing_Video_Files
334.16,1.3337452948807524,Rameen_Chewing_Video_Files
334.2,1.1752794289244992,Rameen_Chewing_Video_Files
334.24,0.9833824495930836,Rameen_Chewing_Video_Files
334.28,0.9062364355269054,Rameen_Chewing_Video_Files
334.32,0.8320617186636204,Rameen_Chewing_Video_Files
334.36,0.7490136006509509,Rameen_Chewing_Video_Files
334.4,0.6982764734127838,Rameen_Chewing_Video_Files
334.44,0.6434810819339537,Rameen_Chewing_Video_Files
334.48,0.6411928474806841,Rameen_Chewing_Video_Files
334.52,0.6404903494630926,Rameen_Chewing_Video_Files
334.56,0.6951189802627398,Rameen_Chewing_Video_Files
334.6,0.8161316529906478,Rameen_Chewing_Video_Files
334.64,0.9146367080297112,Rameen_Chewing_Video_Files
334.68,0.9345675953483276,Rameen_Chewing_Video_Files
334.72,0.9043024353226417,Rameen_Chewing_Video_Files
334.76,0.897090323174413,Rameen_Chewing_Video_Files
334.8,0.8478884500126287,Rameen_Chewing_Video_Files
334.84,0.8006881251759572,Rameen_Chewing_Video_Files
334.88,1.198980326420492,Rameen_Chewing_Video_Files
334.92,1.718960874715745,Rameen_Chewing_Video_Files
334.96,1.4894601267932897,Rameen_Chewing_Video_Files
335.0,1.3160500442678935,Rameen_Chewing_Video_Files
335.04,1.4035704162219025,Rameen_Chewing_Video_Files
335.08,1.1508415672919652,Rameen_Chewing_Video_Files
335.12,0.7295608520507812,Rameen_Chewing_Video_Files
335.16,0.512041343345568,Rameen_Chewing_Video_Files
335.2,0.5777566548277037,Rameen_Chewing_Video_Files
335.24,0.5948641406804303,Rameen_Chewing_Video_Files
335.28,0.6323264549450394,Rameen_Chewing_Video_Files
335.32,0.9304813726899828,Rameen_Chewing_Video_Files
335.36,0.9570763160303302,Rameen_Chewing_Video_Files
335.4,0.957063656162669,Rameen_Chewing_Video_Files
335.44,1.014838011129779,Rameen_Chewing_Video_Files
335.48,0.95926292322839,Rameen_Chewing_Video_Files
335.52,0.9100686547972636,Rameen_Chewing_Video_Files
335.56,0.8113663016060857,Rameen_Chewing_Video_Files
335.6,0.7307434759724455,Rameen_Chewing_Video_Files
335.64,0.6684480454853129,Rameen_Chewing_Video_Files
335.68,0.5944543654167975,Rameen_Chewing_Video_Files
335.72,0.4857035820003401,Rameen_Chewing_Video_Files
335.76,0.4784417483348623,Rameen_Chewing_Video_Files
335.8,0.4478335858254454,Rameen_Chewing_Video_Files
335.84,0.4432370426561868,Rameen_Chewing_Video_Files
335.88,0.470702982211031,Rameen_Chewing_Video_Files
335.92,0.5046039615874496,Rameen_Chewing_Video_Files
335.96,0.549611449810151,Rameen_Chewing_Video_Files
336.0,0.5545191298575793,Rameen_Chewing_Video_Files
336.04,0.574851286049811,Rameen_Chewing_Video_Files
336.08,1.2310019901817877,Rameen_Chewing_Video_Files
336.12,2.658729720037321,Rameen_Chewing_Video_Files
336.16,1.349702012337465,Rameen_Chewing_Video_Files
336.2,2.534962058937339,Rameen_Chewing_Video_Files
336.24,3.586485082715155,Rameen_Chewing_Video_Files
336.28,3.123626423000863,Rameen_Chewing_Video_Files
336.32,3.470498636859749,Rameen_Chewing_Video_Files
336.36,3.5635884891577283,Rameen_Chewing_Video_Files
336.4,3.642564472262992,Rameen_Chewing_Video_Files
336.44,3.6015757026956567,Rameen_Chewing_Video_Files
336.48,3.2585125513329416,Rameen_Chewing_Video_Files
336.52,3.3332510215977904,Rameen_Chewing_Video_Files
336.56,3.350515813291536,Rameen_Chewing_Video_Files
336.6,4.392950270573313,Rameen_Chewing_Video_Files
336.64,5.732061853165163,Rameen_Chewing_Video_Files
336.68,3.419649981944884,Rameen_Chewing_Video_Files
336.72,1.44382278409919,Rameen_Chewing_Video_Files
336.76,1.295083415905499,Rameen_Chewing_Video_Files
336.8,1.4578021097458194,Rameen_Chewing_Video_Files
336.84,1.3826496658084044,Rameen_Chewing_Video_Files
336.88,1.1763467314673008,Rameen_Chewing_Video_Files
336.92,1.5877647823673386,Rameen_Chewing_Video_Files
336.96,1.1924589905690388,Rameen_Chewing_Video_Files
337.0,1.267964975939636,Rameen_Chewing_Video_Files
337.04,1.224217437431416,Rameen_Chewing_Video_Files
337.08,0.8650486919939795,Rameen_Chewing_Video_Files
337.12,0.516289921741933,Rameen_Chewing_Video_Files
337.16,0.1140348513979188,Rameen_Chewing_Video_Files
337.2,0.3541605665448578,Rameen_Chewing_Video_Files
337.24,0.2593559137940818,Rameen_Chewing_Video_Files
337.28,0.3122235357100341,Rameen_Chewing_Video_Files
337.32,0.6877377650169928,Rameen_Chewing_Video_Files
337.36,1.2250693942133153,Rameen_Chewing_Video_Files
337.4,1.9165607188848772,Rameen_Chewing_Video_Files
337.44,2.4912593770198894,Rameen_Chewing_Video_Files
337.48,2.4502277183709027,Rameen_Chewing_Video_Files
337.52,2.410664555915883,Rameen_Chewing_Video_Files
337.56,2.2060523894622053,Rameen_Chewing_Video_Files
337.6,2.136003811048398,Rameen_Chewing_Video_Files
337.64,2.8000892566571864,Rameen_Chewing_Video_Files
337.68,4.586031485767863,Rameen_Chewing_Video_Files
337.72,3.5943746062572965,Rameen_Chewing_Video_Files
337.76,2.4209555454607665,Rameen_Chewing_Video_Files
337.8,2.120067480933614,Rameen_Chewing_Video_Files
337.84,2.0898026091819117,Rameen_Chewing_Video_Files
337.88,1.8054974150721677,Rameen_Chewing_Video_Files
337.92,1.4133827516057194,Rameen_Chewing_Video_Files
337.96,1.086954543717717,Rameen_Chewing_Video_Files
338.0,0.893827793527249,Rameen_Chewing_Video_Files
338.04,0.7607365323448432,Rameen_Chewing_Video_Files
338.08,0.6631635296077235,Rameen_Chewing_Video_Files
338.12,0.6210136547029748,Rameen_Chewing_Video_Files
338.16,0.6389620063553636,Rameen_Chewing_Video_Files
338.2,0.8422538995666127,Rameen_Chewing_Video_Files
338.24,1.3415143007942592,Rameen_Chewing_Video_Files
338.28,1.343054485304762,Rameen_Chewing_Video_Files
338.32,1.474772745124853,Rameen_Chewing_Video_Files
338.36,1.1146777110401394,Rameen_Chewing_Video_Files
338.4,0.9579425532777308,Rameen_Chewing_Video_Files
338.44,0.3671690566549392,Rameen_Chewing_Video_Files
338.48,0.4216118614289762,Rameen_Chewing_Video_Files
338.52,0.4701226364474458,Rameen_Chewing_Video_Files
338.56,0.4570855112200399,Rameen_Chewing_Video_Files
338.6,0.6831989002142312,Rameen_Chewing_Video_Files
338.64,0.75791696069909,Rameen_Chewing_Video_Files
338.68,1.977670754784632,Rameen_Chewing_Video_Files
338.72,3.354808758661611,Rameen_Chewing_Video_Files
338.76,2.0070095751558483,Rameen_Chewing_Video_Files
338.8,1.8597952166172171,Rameen_Chewing_Video_Files
338.84,1.496000304994174,Rameen_Chewing_Video_Files
338.88,1.398107960765996,Rameen_Chewing_Video_Files
338.92,2.156356046765034,Rameen_Chewing_Video_Files
338.96,1.4903482743425918,Rameen_Chewing_Video_Files
339.0,1.0637412681023064,Rameen_Chewing_Video_Files
339.04,0.8390374268176298,Rameen_Chewing_Video_Files
339.08,0.7733199153268233,Rameen_Chewing_Video_Files
339.12,0.7572126414824057,Rameen_Chewing_Video_Files
339.16,0.4734661760106965,Rameen_Chewing_Video_Files
339.2,0.4512168413834604,Rameen_Chewing_Video_Files
339.24,0.5419729949512045,Rameen_Chewing_Video_Files
339.28,0.5884034450640673,Rameen_Chewing_Video_Files
339.32,0.6310257256885285,Rameen_Chewing_Video_Files
339.36,0.6014755095190549,Rameen_Chewing_Video_Files
339.4,0.4872631596143964,Rameen_Chewing_Video_Files
339.44,0.6350549992673112,Rameen_Chewing_Video_Files
339.48,1.3235123030765628,Rameen_Chewing_Video_Files
339.52,1.4064160256198712,Rameen_Chewing_Video_Files
339.56,1.061219749520277,Rameen_Chewing_Video_Files
339.6,0.9236724161111044,Rameen_Chewing_Video_Files
339.64,0.959924473188976,Rameen_Chewing_Video_Files
339.68,1.4318055507410388,Rameen_Chewing_Video_Files
339.72,1.815779552290974,Rameen_Chewing_Video_Files
339.76,0.9830877379587892,Rameen_Chewing_Video_Files
339.8,0.6495012697694386,Rameen_Chewing_Video_Files
339.84,0.5185087604671019,Rameen_Chewing_Video_Files
339.88,0.5417574539731095,Rameen_Chewing_Video_Files
339.92,0.5661504678468241,Rameen_Chewing_Video_Files
339.96,0.624502443753927,Rameen_Chewing_Video_Files
340.0,0.4728649898500717,Rameen_Chewing_Video_Files
340.04,0.4091301995647795,Rameen_Chewing_Video_Files
340.08,0.4341099972652024,Rameen_Chewing_Video_Files
340.12,0.6494546201390915,Rameen_Chewing_Video_Files
340.16,0.6941734635641396,Rameen_Chewing_Video_Files
340.2,0.6731639122989244,Rameen_Chewing_Video_Files
340.24,0.6566084136702325,Rameen_Chewing_Video_Files
340.28,0.6358008912475079,Rameen_Chewing_Video_Files
340.32,0.5901216723505972,Rameen_Chewing_Video_Files
340.36,1.6173819387602648,Rameen_Chewing_Video_Files
340.4,6.708486548998562,Rameen_Chewing_Video_Files
340.44,9.309252750712732,Rameen_Chewing_Video_Files
340.48,9.838318953259613,Rameen_Chewing_Video_Files
340.52,10.477870767163724,Rameen_Chewing_Video_Files
340.56,11.75143565523475,Rameen_Chewing_Video_Files
340.6,12.022159856379458,Rameen_Chewing_Video_Files
340.64,12.160255288786315,Rameen_Chewing_Video_Files
340.68,12.0031246172471,Rameen_Chewing_Video_Files
340.72,11.602563114229934,Rameen_Chewing_Video_Files
340.76,9.187716586927612,Rameen_Chewing_Video_Files
340.8,7.539299636283663,Rameen_Chewing_Video_Files
340.84,3.354959241999468,Rameen_Chewing_Video_Files
340.88,1.65602418316432,Rameen_Chewing_Video_Files
340.92,1.206432531450934,Rameen_Chewing_Video_Files
340.96,0.8889706984671991,Rameen_Chewing_Video_Files
341.0,0.8174486101037843,Rameen_Chewing_Video_Files
341.04,0.7410039784052045,Rameen_Chewing_Video_Files
341.08,0.6714001361633284,Rameen_Chewing_Video_Files
341.12,0.5421547026059841,Rameen_Chewing_Video_Files
341.16,0.1156315475056657,Rameen_Chewing_Video_Files
341.2,0.0778363160114409,Rameen_Chewing_Video_Files
341.24,0.1117317097157847,Rameen_Chewing_Video_Files
341.28,0.2750210243564817,Rameen_Chewing_Video_Files
341.32,0.3620598124871552,Rameen_Chewing_Video_Files
341.36,0.3996610228161812,Rameen_Chewing_Video_Files
341.4,0.4317992038299066,Rameen_Chewing_Video_Files
341.44,0.4605940910305848,Rameen_Chewing_Video_Files
341.48,0.4184959699901753,Rameen_Chewing_Video_Files
341.52,0.4196845966644525,Rameen_Chewing_Video_Files
341.56,0.4402229676137188,Rameen_Chewing_Video_Files
341.6,0.4635143289104341,Rameen_Chewing_Video_Files
341.64,0.4603246743441538,Rameen_Chewing_Video_Files
341.68,0.8972091998862077,Rameen_Chewing_Video_Files
341.72,2.1289095970820555,Rameen_Chewing_Video_Files
341.76,4.206493232749503,Rameen_Chewing_Video_Files
341.8,6.264573708253545,Rameen_Chewing_Video_Files
341.84,7.429965031059109,Rameen_Chewing_Video_Files
341.88,7.9713700256674205,Rameen_Chewing_Video_Files
341.92,8.07326281200107,Rameen_Chewing_Video_Files
341.96,8.002981433059672,Rameen_Chewing_Video_Files
342.0,8.205513205885397,Rameen_Chewing_Video_Files
342.04,8.720232226426623,Rameen_Chewing_Video_Files
342.08,9.269351366025033,Rameen_Chewing_Video_Files
342.12,9.438661685083328,Rameen_Chewing_Video_Files
342.16,8.302606378334028,Rameen_Chewing_Video_Files
342.2,6.756063527077491,Rameen_Chewing_Video_Files
342.24,5.124306413063745,Rameen_Chewing_Video_Files
342.28,4.014032130368251,Rameen_Chewing_Video_Files
342.32,1.9469441098660107,Rameen_Chewing_Video_Files
342.36,1.1135366158719004,Rameen_Chewing_Video_Files
342.4,0.881459616724422,Rameen_Chewing_Video_Files
342.44,0.6924405520717406,Rameen_Chewing_Video_Files
342.48,0.6079138927682703,Rameen_Chewing_Video_Files
342.52,0.5137414054306219,Rameen_Chewing_Video_Files
342.56,0.5822114217681067,Rameen_Chewing_Video_Files
342.6,0.5894106898447421,Rameen_Chewing_Video_Files
342.64,0.5691067289475096,Rameen_Chewing_Video_Files
342.68,0.5587493922426855,Rameen_Chewing_Video_Files
342.72,0.497531071575946,Rameen_Chewing_Video_Files
342.76,0.4568744511418531,Rameen_Chewing_Video_Files
342.8,0.3993795917666876,Rameen_Chewing_Video_Files
342.84,0.3509732459039843,Rameen_Chewing_Video_Files
342.88,0.3102368964754663,Rameen_Chewing_Video_Files
342.92,0.2589340534529537,Rameen_Chewing_Video_Files
342.96,3.424378243557004,Rameen_Chewing_Video_Files
343.0,4.0392857145743815,Rameen_Chewing_Video_Files
343.04,4.665572716534466,Rameen_Chewing_Video_Files
343.08,5.730352117849223,Rameen_Chewing_Video_Files
343.12,6.3721589503347005,Rameen_Chewing_Video_Files
343.16,6.588639876135137,Rameen_Chewing_Video_Files
343.2,6.940952280705035,Rameen_Chewing_Video_Files
343.24,5.314136559264715,Rameen_Chewing_Video_Files
343.28,2.2104408885144946,Rameen_Chewing_Video_Files
343.32,0.7986547096258444,Rameen_Chewing_Video_Files
343.36,0.3137825145681804,Rameen_Chewing_Video_Files
343.4,0.1641597430454214,Rameen_Chewing_Video_Files
343.44,0.2471658788485971,Rameen_Chewing_Video_Files
343.48,0.4139313396168024,Rameen_Chewing_Video_Files
343.52,1.155408712070822,Rameen_Chewing_Video_Files
343.56,1.4909608793234932,Rameen_Chewing_Video_Files
343.6,1.3503075718366078,Rameen_Chewing_Video_Files
343.64,2.4088423256366416,Rameen_Chewing_Video_Files
343.68,1.9926407204556644,Rameen_Chewing_Video_Files
343.72,2.8644775652002776,Rameen_Chewing_Video_Files
343.76,15.54621912714064,Rameen_Chewing_Video_Files
343.8,11.790679922517237,Rameen_Chewing_Video_Files
343.84,16.334676446699,Rameen_Chewing_Video_Files
343.88,31.14363797186802,Rameen_Chewing_Video_Files
343.92,34.67562470643105,Rameen_Chewing_Video_Files
343.96,47.80335408435064,Rameen_Chewing_Video_Files
344.0,53.85750643802388,Rameen_Chewing_Video_Files
344.04,55.966080324856655,Rameen_Chewing_Video_Files
344.08,58.32319240437788,Rameen_Chewing_Video_Files
344.12,59.83010223167763,Rameen_Chewing_Video_Files
344.16,55.1876847859053,Rameen_Chewing_Video_Files
344.2,50.541730711689226,Rameen_Chewing_Video_Files
344.24,45.68006641557459,Rameen_Chewing_Video_Files
344.28,40.03863524472122,Rameen_Chewing_Video_Files
344.32,24.404946765850056,Rameen_Chewing_Video_Files
344.36,7.761022909358791,Rameen_Chewing_Video_Files
344.4,4.062202313483855,Rameen_Chewing_Video_Files
344.44,9.703605586564938,Rameen_Chewing_Video_Files
344.48,10.75630633330876,Rameen_Chewing_Video_Files
344.52,15.889546116426787,Rameen_Chewing_Video_Files
344.56,5.441023252529752,Rameen_Chewing_Video_Files
344.6,11.707436329245713,Rameen_Chewing_Video_Files
344.64,2.295343359317596,Rameen_Chewing_Video_Files
344.68,3.787732941707055,Rameen_Chewing_Video_Files
344.72,23.05355854570958,Rameen_Chewing_Video_Files
344.76,8.971653681821868,Rameen_Chewing_Video_Files
344.8,4.214490175036725,Rameen_Chewing_Video_Files
344.84,5.037329219823231,Rameen_Chewing_Video_Files
344.88,1.9460300107601944,Rameen_Chewing_Video_Files
344.92,1.124932342269923,Rameen_Chewing_Video_Files
344.96,2.965989053242938,Rameen_Chewing_Video_Files
345.0,4.082757308010399,Rameen_Chewing_Video_Files
345.04,3.899159793184957,Rameen_Chewing_Video_Files
345.08,5.00717612481871,Rameen_Chewing_Video_Files
345.12,2.0777531559416533,Rameen_Chewing_Video_Files
345.16,0.3670002247609509,Rameen_Chewing_Video_Files
345.2,0.2124507832718133,Rameen_Chewing_Video_Files
345.24,0.2058904318573025,Rameen_Chewing_Video_Files
345.28,0.1169163581068677,Rameen_Chewing_Video_Files
345.32,0.0281957263109309,Rameen_Chewing_Video_Files
345.36,0.1275001880547126,Rameen_Chewing_Video_Files
345.4,0.5051063830395439,Rameen_Chewing_Video_Files
345.44,1.3677782227158013,Rameen_Chewing_Video_Files
345.48,1.423197992067975,Rameen_Chewing_Video_Files
345.52,1.5862389548180669,Rameen_Chewing_Video_Files
345.56,0.8174999023250613,Rameen_Chewing_Video_Files
345.6,1.3373023544501212,Rameen_Chewing_Video_Files
345.64,1.715863078013708,Rameen_Chewing_Video_Files
345.68,2.1388956175210536,Rameen_Chewing_Video_Files
345.72,3.0584192990293584,Rameen_Chewing_Video_Files
345.76,1.828144369228135,Rameen_Chewing_Video_Files
345.8,0.5986155585176771,Rameen_Chewing_Video_Files
345.84,0.3435633820443508,Rameen_Chewing_Video_Files
345.88,0.3123252281732957,Rameen_Chewing_Video_Files
345.92,0.3821819054532672,Rameen_Chewing_Video_Files
345.96,0.4555034701344934,Rameen_Chewing_Video_Files
346.0,0.5049519770730296,Rameen_Chewing_Video_Files
346.04,0.5570778887905113,Rameen_Chewing_Video_Files
346.08,0.6918064192436255,Rameen_Chewing_Video_Files
346.12,0.6564599059693659,Rameen_Chewing_Video_Files
346.16,1.8900469849339785,Rameen_Chewing_Video_Files
346.2,0.982227980272018,Rameen_Chewing_Video_Files
346.24,0.908153981696218,Rameen_Chewing_Video_Files
346.28,1.175158902710885,Rameen_Chewing_Video_Files
346.32,1.0289085694621978,Rameen_Chewing_Video_Files
346.36,0.5351200454125619,Rameen_Chewing_Video_Files
346.4,0.4084939890216401,Rameen_Chewing_Video_Files
346.44,0.4238466790974794,Rameen_Chewing_Video_Files
346.48,0.5335662221286234,Rameen_Chewing_Video_Files
346.52,0.6050384835319467,Rameen_Chewing_Video_Files
346.56,0.6147993847182348,Rameen_Chewing_Video_Files
346.6,0.6277153211412682,Rameen_Chewing_Video_Files
346.64,0.6404392252403375,Rameen_Chewing_Video_Files
346.68,0.6228482049607496,Rameen_Chewing_Video_Files
346.72,0.5106658319686792,Rameen_Chewing_Video_Files
346.76,0.698658854129196,Rameen_Chewing_Video_Files
346.8,0.7137991990929698,Rameen_Chewing_Video_Files
346.84,0.7043325879150252,Rameen_Chewing_Video_Files
346.88,0.692233096812583,Rameen_Chewing_Video_Files
346.92,0.5844828647081448,Rameen_Chewing_Video_Files
346.96,0.4988705335591736,Rameen_Chewing_Video_Files
347.0,0.4937355251281997,Rameen_Chewing_Video_Files
347.04,6.233828024420421,Rameen_Chewing_Video_Files
347.08,7.450276603985123,Rameen_Chewing_Video_Files
347.12,8.053742990643473,Rameen_Chewing_Video_Files
347.16,8.076848994501548,Rameen_Chewing_Video_Files
347.2,3.0084483321719286,Rameen_Chewing_Video_Files
347.24,1.3881660062338492,Rameen_Chewing_Video_Files
347.28,0.8056317896778724,Rameen_Chewing_Video_Files
347.32,0.6306203918697778,Rameen_Chewing_Video_Files
347.36,0.8760728981317459,Rameen_Chewing_Video_Files
347.4,0.1797932270120615,Rameen_Chewing_Video_Files
347.44,0.2597959028501355,Rameen_Chewing_Video_Files
347.48,0.4005878515573927,Rameen_Chewing_Video_Files
347.52,1.0521767853477568,Rameen_Chewing_Video_Files
347.56,1.0732412990776397,Rameen_Chewing_Video_Files
347.6,0.7396732231291344,Rameen_Chewing_Video_Files
347.64,0.7766658357840576,Rameen_Chewing_Video_Files
347.68,0.8096198147746271,Rameen_Chewing_Video_Files
347.72,0.1013878567502669,Rameen_Chewing_Video_Files
347.76,0.5413061068708659,Rameen_Chewing_Video_Files
347.8,0.5559420379042216,Rameen_Chewing_Video_Files
347.84,0.4207919296527916,Rameen_Chewing_Video_Files
347.88,0.314716576672966,Rameen_Chewing_Video_Files
347.92,0.2215066881550157,Rameen_Chewing_Video_Files
347.96,0.2107744369152654,Rameen_Chewing_Video_Files
348.0,0.2166744437537914,Rameen_Chewing_Video_Files
348.04,0.2317196542009106,Rameen_Chewing_Video_Files
348.08,0.2404471139159895,Rameen_Chewing_Video_Files
348.12,0.1757889100259507,Rameen_Chewing_Video_Files
348.16,0.1110482028277129,Rameen_Chewing_Video_Files
348.2,0.3128103468412295,Rameen_Chewing_Video_Files
348.24,0.5555169105506128,Rameen_Chewing_Video_Files
348.28,0.4747143271905397,Rameen_Chewing_Video_Files
348.32,0.5131490247282148,Rameen_Chewing_Video_Files
348.36,0.783666957998273,Rameen_Chewing_Video_Files
348.4,1.1624613258819905,Rameen_Chewing_Video_Files
348.44,1.3802722350293384,Rameen_Chewing_Video_Files
348.48,0.755947226296363,Rameen_Chewing_Video_Files
348.52,0.8285678042418482,Rameen_Chewing_Video_Files
348.56,0.7966412293922862,Rameen_Chewing_Video_Files
348.6,0.9406935132700266,Rameen_Chewing_Video_Files
348.64,1.4560866862127564,Rameen_Chewing_Video_Files
348.68,2.095406388543909,Rameen_Chewing_Video_Files
348.72,1.572788536523576,Rameen_Chewing_Video_Files
348.76,1.566719520460739,Rameen_Chewing_Video_Files
348.8,2.249878789671541,Rameen_Chewing_Video_Files
348.84,4.798381806498036,Rameen_Chewing_Video_Files
348.88,4.404567163197484,Rameen_Chewing_Video_Files
348.92,2.7518910141720183,Rameen_Chewing_Video_Files
348.96,2.346716183984661,Rameen_Chewing_Video_Files
349.0,1.5312130158908053,Rameen_Chewing_Video_Files
349.04,1.0092930084151177,Rameen_Chewing_Video_Files
349.08,0.9403038800745648,Rameen_Chewing_Video_Files
349.12,0.8903181402010443,Rameen_Chewing_Video_Files
349.16,0.821161071180228,Rameen_Chewing_Video_Files
349.2,0.8645698286393366,Rameen_Chewing_Video_Files
349.24,0.8679603315840366,Rameen_Chewing_Video_Files
349.28,0.7915689507546448,Rameen_Chewing_Video_Files
349.32,0.705863504193105,Rameen_Chewing_Video_Files
349.36,0.7478411687725923,Rameen_Chewing_Video_Files
349.4,2.840221897091736,Rameen_Chewing_Video_Files
349.44,2.6315185132960464,Rameen_Chewing_Video_Files
349.48,1.0482584428791413,Rameen_Chewing_Video_Files
349.52,0.786401695584788,Rameen_Chewing_Video_Files
349.56,0.8011003353551857,Rameen_Chewing_Video_Files
349.6,1.4003756475022926,Rameen_Chewing_Video_Files
349.64,4.173006490571778,Rameen_Chewing_Video_Files
349.68,5.12960668443466,Rameen_Chewing_Video_Files
349.72,3.7875483512946495,Rameen_Chewing_Video_Files
349.76,4.176397089625247,Rameen_Chewing_Video_Files
349.8,4.206505543710171,Rameen_Chewing_Video_Files
349.84,2.7046771630712043,Rameen_Chewing_Video_Files
349.88,1.7496502327771004,Rameen_Chewing_Video_Files
349.92,1.230122504079052,Rameen_Chewing_Video_Files
349.96,0.9971358695290956,Rameen_Chewing_Video_Files
350.0,0.7726859198906348,Rameen_Chewing_Video_Files
350.04,0.6799244079220407,Rameen_Chewing_Video_Files
350.08,0.796890426846181,Rameen_Chewing_Video_Files
350.12,0.6353594511065526,Rameen_Chewing_Video_Files
350.16,0.8327190365701457,Rameen_Chewing_Video_Files
350.2,0.6700474970955734,Rameen_Chewing_Video_Files
350.24,0.757820861243732,Rameen_Chewing_Video_Files
350.28,0.7631442882819802,Rameen_Chewing_Video_Files
350.32,0.7467404810251848,Rameen_Chewing_Video_Files
350.36,0.6985782935402433,Rameen_Chewing_Video_Files
350.4,1.1281112017855497,Rameen_Chewing_Video_Files
350.44,0.8314513665866479,Rameen_Chewing_Video_Files
350.48,0.7036133603322728,Rameen_Chewing_Video_Files
350.52,0.6360872845064023,Rameen_Chewing_Video_Files
350.56,0.5624797294021554,Rameen_Chewing_Video_Files
350.6,0.564452474395882,Rameen_Chewing_Video_Files
350.64,0.5992309252858474,Rameen_Chewing_Video_Files
350.68,0.5959535995073956,Rameen_Chewing_Video_Files
350.72,0.5978657822157507,Rameen_Chewing_Video_Files
350.76,0.5870957182593384,Rameen_Chewing_Video_Files
350.8,0.6088782364887114,Rameen_Chewing_Video_Files
350.84,0.6309452231224525,Rameen_Chewing_Video_Files
350.88,2.1024789773668573,Rameen_Chewing_Video_Files
350.92,2.512901654293094,Rameen_Chewing_Video_Files
350.96,3.573785373075851,Rameen_Chewing_Video_Files
351.0,1.8758144440829991,Rameen_Chewing_Video_Files
351.04,2.033277734244623,Rameen_Chewing_Video_Files
351.08,2.0374903010145,Rameen_Chewing_Video_Files
351.12,1.143970832956313,Rameen_Chewing_Video_Files
351.16,0.7563925422949025,Rameen_Chewing_Video_Files
351.2,0.5150070980036867,Rameen_Chewing_Video_Files
351.24,0.5030464820433589,Rameen_Chewing_Video_Files
351.28,0.5273356516568634,Rameen_Chewing_Video_Files
351.32,0.5742541673238332,Rameen_Chewing_Video_Files
351.36,0.6193799608452887,Rameen_Chewing_Video_Files
351.4,0.6545805538533562,Rameen_Chewing_Video_Files
351.44,0.7330611981557726,Rameen_Chewing_Video_Files
351.48,0.5703707831188093,Rameen_Chewing_Video_Files
351.52,0.5115258497545181,Rameen_Chewing_Video_Files
351.56,0.6183367938208246,Rameen_Chewing_Video_Files
351.6,2.53334648088598,Rameen_Chewing_Video_Files
351.64,9.521050935690418,Rameen_Chewing_Video_Files
351.68,10.464552584326476,Rameen_Chewing_Video_Files
351.72,11.914396084972838,Rameen_Chewing_Video_Files
351.76,12.454864848715568,Rameen_Chewing_Video_Files
351.8,11.910772512578797,Rameen_Chewing_Video_Files
351.84,11.08490773420719,Rameen_Chewing_Video_Files
351.88,10.072721255863309,Rameen_Chewing_Video_Files
351.92,7.114717602175992,Rameen_Chewing_Video_Files
351.96,5.03557376335523,Rameen_Chewing_Video_Files
352.0,5.48322206359737,Rameen_Chewing_Video_Files
352.04,6.6453245110061205,Rameen_Chewing_Video_Files
352.08,7.319668942460862,Rameen_Chewing_Video_Files
352.12,8.050901373655275,Rameen_Chewing_Video_Files
352.16,8.84706665727786,Rameen_Chewing_Video_Files
352.2,9.338439287927816,Rameen_Chewing_Video_Files
352.24,9.68896188364961,Rameen_Chewing_Video_Files
352.28,10.403481296294943,Rameen_Chewing_Video_Files
352.32,10.694779385073192,Rameen_Chewing_Video_Files
352.36,11.325458913525782,Rameen_Chewing_Video_Files
352.4,15.242943333715685,Rameen_Chewing_Video_Files
352.44,20.015314292846597,Rameen_Chewing_Video_Files
352.48,23.04068127633084,Rameen_Chewing_Video_Files
352.52,22.895248544841788,Rameen_Chewing_Video_Files
352.56,21.292400525839767,Rameen_Chewing_Video_Files
352.6,12.34162912254188,Rameen_Chewing_Video_Files
352.64,5.433182135418635,Rameen_Chewing_Video_Files
352.68,2.4693573078831688,Rameen_Chewing_Video_Files
352.72,0.4692764199286479,Rameen_Chewing_Video_Files
352.76,1.3891405033469229,Rameen_Chewing_Video_Files
352.8,0.6610005325601749,Rameen_Chewing_Video_Files
352.84,0.4436247914235011,Rameen_Chewing_Video_Files
352.88,0.9236196437625924,Rameen_Chewing_Video_Files
352.92,0.7773995566736991,Rameen_Chewing_Video_Files
352.96,0.6450286573859607,Rameen_Chewing_Video_Files
353.0,0.6754573248326632,Rameen_Chewing_Video_Files
353.04,0.5827810397412541,Rameen_Chewing_Video_Files
353.08,0.6732363592554257,Rameen_Chewing_Video_Files
353.12,0.7849627204903418,Rameen_Chewing_Video_Files
353.16,0.8235807963422966,Rameen_Chewing_Video_Files
353.2,0.8661942944146099,Rameen_Chewing_Video_Files
353.24,0.5732689592106375,Rameen_Chewing_Video_Files
353.28,0.351417225863519,Rameen_Chewing_Video_Files
353.32,0.2437008741788167,Rameen_Chewing_Video_Files
353.36,0.5805670060880072,Rameen_Chewing_Video_Files
353.4,0.8455820138343891,Rameen_Chewing_Video_Files
353.44,1.261456686793143,Rameen_Chewing_Video_Files
353.48,1.529112526291054,Rameen_Chewing_Video_Files
353.52,1.2848164212798268,Rameen_Chewing_Video_Files
353.56,1.2400609498780442,Rameen_Chewing_Video_Files
353.6,1.7009110217436476,Rameen_Chewing_Video_Files
353.64,1.1502813077719736,Rameen_Chewing_Video_Files
353.68,0.8929399485380064,Rameen_Chewing_Video_Files
353.72,0.7785278039854917,Rameen_Chewing_Video_Files
353.76,0.5461206281477359,Rameen_Chewing_Video_Files
353.8,0.4547143334445978,Rameen_Chewing_Video_Files
353.84,0.4381090636014291,Rameen_Chewing_Video_Files
353.88,0.4255673824917316,Rameen_Chewing_Video_Files
353.92,0.453607818991165,Rameen_Chewing_Video_Files
353.96,0.4422224672750794,Rameen_Chewing_Video_Files
354.0,0.4312976692682514,Rameen_Chewing_Video_Files
354.04,0.4063000373102584,Rameen_Chewing_Video_Files
354.08,0.3938694769426014,Rameen_Chewing_Video_Files
354.12,0.3663529510922767,Rameen_Chewing_Video_Files
354.16,0.3014255219389409,Rameen_Chewing_Video_Files
354.2,0.2941597705316932,Rameen_Chewing_Video_Files
354.24,0.3450106329218712,Rameen_Chewing_Video_Files
354.28,2.4457650521038663,Rameen_Chewing_Video_Files
354.32,4.139661742860543,Rameen_Chewing_Video_Files
354.36,5.099149610081603,Rameen_Chewing_Video_Files
354.4,5.362861734343364,Rameen_Chewing_Video_Files
354.44,4.796049468705486,Rameen_Chewing_Video_Files
354.48,4.145095992621953,Rameen_Chewing_Video_Files
354.52,3.8221241848940095,Rameen_Chewing_Video_Files
354.56,4.116616119239624,Rameen_Chewing_Video_Files
354.6,4.038514899337772,Rameen_Chewing_Video_Files
354.64,2.4069644601547395,Rameen_Chewing_Video_Files
354.68,1.54863868984032,Rameen_Chewing_Video_Files
354.72,1.1607418645411844,Rameen_Chewing_Video_Files
354.76,0.942472813544201,Rameen_Chewing_Video_Files
354.8,0.7792169897583076,Rameen_Chewing_Video_Files
354.84,0.6805805144745415,Rameen_Chewing_Video_Files
354.88,0.6085186637910083,Rameen_Chewing_Video_Files
354.92,0.5534630944104669,Rameen_Chewing_Video_Files
354.96,0.5016488106207977,Rameen_Chewing_Video_Files
355.0,0.4367383113804787,Rameen_Chewing_Video_Files
355.04,0.4452233664593548,Rameen_Chewing_Video_Files
355.08,0.5064848491082516,Rameen_Chewing_Video_Files
355.12,0.6465651874217182,Rameen_Chewing_Video_Files
355.16,0.7649067167944209,Rameen_Chewing_Video_Files
355.2,1.1869812329797909,Rameen_Chewing_Video_Files
355.24,1.6895540598021823,Rameen_Chewing_Video_Files
355.28,1.745084693233241,Rameen_Chewing_Video_Files
355.32,1.6349359136511832,Rameen_Chewing_Video_Files
355.36,1.5502324836687946,Rameen_Chewing_Video_Files
355.4,1.4248458334805674,Rameen_Chewing_Video_Files
355.44,1.9849246144406771,Rameen_Chewing_Video_Files
355.48,0.8358244642260878,Rameen_Chewing_Video_Files
355.52,0.5997513450911095,Rameen_Chewing_Video_Files
355.56,0.5289780961946795,Rameen_Chewing_Video_Files
355.6,0.5587706586550734,Rameen_Chewing_Video_Files
355.64,0.5131741218913585,Rameen_Chewing_Video_Files
355.68,0.4863042306787502,Rameen_Chewing_Video_Files
355.72,0.4443303037046955,Rameen_Chewing_Video_Files
